# Blender 4.5.3 LTS
# www.blender.org
mtllib tripo_pbr_model_0dd63809-42dc-414b-abfc-b6946c2a37ab.mtl
o Object_01
v 0.000512 -0.088121 0.420147
v 0.000512 -0.088121 0.420147
v 0.001536 -0.234111 -0.055038
v 0.002560 -0.020172 0.046194
v 0.002560 -0.020172 0.046194
v 0.002560 -0.020172 0.046194
v -0.120832 -0.183099 0.126588
v 0.013824 0.143202 -0.076817
v 0.278272 -0.194231 0.117371
v 0.278272 -0.194231 0.117371
v -0.101888 0.054188 -0.130612
v -0.034816 0.095166 -0.215374
v -0.034816 0.095166 -0.215374
v 0.031232 -0.149161 -0.446095
v 0.097024 0.135952 0.221103
v -0.089088 -0.072095 0.432954
v 0.044800 0.132379 -0.079430
v 0.046336 -0.056865 -0.180394
v 0.046336 -0.056865 -0.180394
v 0.046336 -0.056865 -0.180394
v -0.083968 -0.012828 -0.384579
v -0.083968 -0.012828 -0.384579
v 0.114176 0.163973 0.499759
v -0.009216 -0.140213 -0.251521
v -0.009216 -0.140213 -0.251521
v -0.005888 0.117771 0.445516
v -0.005888 0.117771 0.445516
v 0.125696 0.062441 0.324971
v 0.061952 -0.134889 0.041651
v 0.061952 -0.134889 0.041651
v 0.000257 -0.229989 -0.004574
v -0.060927 -0.140685 -0.033892
v 0.007425 -0.058730 -0.033148
v -0.056063 0.096267 -0.225642
v 0.276993 -0.190879 0.139840
v 0.276993 -0.190879 0.139840
v -0.109055 -0.062490 0.058641
v 0.088065 -0.089282 0.082022
v 0.088065 -0.089282 0.082022
v -0.043007 0.192992 0.346450
v -0.041727 0.110393 0.450532
v -0.034559 0.170509 -0.049486
v -0.034559 0.170509 -0.049486
v -0.030975 -0.019654 -0.336968
v -0.029439 -0.024799 -0.305051
v -0.029439 -0.024799 -0.305051
v -0.029439 -0.024799 -0.305051
v 0.103425 -0.016930 -0.009904
v 0.038913 0.190754 0.334378
v 0.038913 0.190754 0.334378
v 0.105729 0.082402 0.147355
v -0.088319 -0.099890 -0.403643
v 0.043265 -0.093282 -0.493572
v 0.044033 0.129623 -0.062215
v 0.111873 -0.136899 0.131907
v 0.049921 0.162544 -0.075440
v -0.079871 0.045761 0.054894
v 0.064513 0.101747 -0.135738
v 0.064513 0.101747 -0.135738
v -0.000511 0.174477 0.162504
v -0.000511 0.174477 0.162504
v -0.061950 -0.119616 -0.050780
v -0.061438 -0.204754 0.074069
v -0.061438 -0.204754 0.074069
v -0.061438 -0.204754 0.074069
v 0.135938 0.127891 0.498925
v -0.052734 0.058894 0.454094
v 0.016130 -0.128688 0.257251
v 0.016130 -0.128688 0.257251
v 0.084226 -0.002996 0.230490
v -0.109566 0.165924 0.388935
v -0.043518 0.179779 0.471364
v 0.229378 -0.159221 0.101526
v 0.229378 -0.159221 0.101526
v 0.033538 0.042723 0.382486
v 0.033538 0.042723 0.382486
v -0.096510 0.137068 0.220338
v 0.107522 -0.163773 0.146409
v 0.110338 0.164764 0.377735
v -0.015870 -0.050097 -0.219361
v -0.015870 -0.050097 -0.219361
v 0.050178 -0.135062 -0.153270
v 0.051458 -0.060955 0.062526
v 0.051458 -0.060955 0.062526
v 0.059394 -0.141645 -0.055363
v 0.060162 -0.211876 0.174028
v -0.005118 -0.169420 0.034671
v -0.005118 -0.169420 0.034671
v 0.061698 -0.162891 0.078924
v 0.061698 -0.162891 0.078924
v -0.062973 0.143691 0.474251
v 0.006915 -0.229212 0.165025
v 0.006915 -0.229212 0.165025
v 0.077315 -0.097312 -0.480270
v 0.015363 0.136928 0.092199
v 0.081411 0.148814 0.279218
v 0.017923 0.141620 -0.061866
v 0.017923 0.141620 -0.061866
v 0.084227 0.079646 0.471149
v -0.110077 -0.138815 0.130258
v 0.021507 0.101781 -0.297766
v 0.021507 0.101781 -0.297766
v 0.021507 0.101781 -0.297766
v -0.043773 0.192622 0.334957
v -0.043773 0.192622 0.334957
v 0.159747 0.020052 0.486767
v 0.159747 0.020052 0.486767
v 0.030723 0.127141 -0.117938
v 0.031491 -0.037556 0.147596
v 0.099075 -0.069660 -0.425959
v 0.099075 -0.069660 -0.425959
v -0.031741 0.130103 -0.260118
v -0.020989 0.121972 0.062954
v 0.065540 0.080260 -0.207570
v 0.000772 -0.058780 -0.294404
v 0.068100 0.076915 0.087365
v 0.068100 0.180097 -0.107778
v -0.057596 0.025817 -0.208898
v 0.010244 -0.049483 -0.218947
v 0.010244 -0.049483 -0.218947
v 0.010244 -0.049483 -0.218947
v 0.010500 -0.170239 -0.271304
v 0.012036 -0.164552 0.046802
v 0.078084 0.041383 -0.133997
v 0.078084 0.041383 -0.133997
v 0.088068 -0.137874 0.117425
v 0.088068 -0.137874 0.117425
v 0.088068 -0.137874 0.117425
v -0.106236 -0.025883 0.008377
v -0.106236 -0.025883 0.008377
v -0.106236 -0.025883 0.008377
v -0.039676 0.192557 0.340861
v -0.039676 0.192557 0.340861
v 0.290308 -0.171074 0.141867
v -0.100860 0.102193 -0.120368
v -0.099324 0.140533 -0.086597
v 0.097540 0.074187 -0.159051
v -0.028668 0.093724 -0.265720
v -0.028668 0.093724 -0.265720
v -0.028668 0.093724 -0.265720
v -0.028668 0.093724 -0.265720
v 0.038148 -0.021166 0.068590
v 0.104452 -0.174658 0.110311
v 0.040708 0.165193 -0.002704
v 0.040708 0.165193 -0.002704
v -0.024060 -0.006616 -0.298726
v -0.087804 -0.018256 0.042149
v -0.087548 -0.032338 -0.479915
v 0.045316 -0.143771 -0.428421
v 0.047364 -0.063924 -0.197629
v -0.147196 0.025835 0.401547
v 0.116228 0.169655 0.400583
v 0.182276 -0.137267 0.140599
v -0.076028 0.098916 0.475128
v -0.074492 -0.037300 0.327563
v -0.072956 0.111493 0.471065
v 0.059140 0.049096 0.451418
v 0.059140 0.049096 0.451418
v 0.132357 0.154323 0.419923
v 0.068101 0.000262 0.056296
v 0.020485 -0.093094 0.489730
v -0.044027 0.008431 -0.489062
v -0.105979 0.045522 -0.126426
v -0.103163 0.029993 0.147370
v 0.028677 0.029703 -0.372214
v 0.028677 0.029703 -0.372214
v 0.030725 0.034052 0.422634
v -0.095995 -0.002157 0.292535
v 0.046853 0.047137 0.444771
v 0.046853 0.047137 0.444771
v 0.047877 -0.071525 -0.338052
v 0.119301 0.056432 -0.150827
v 0.253701 -0.179889 0.106467
v 0.253701 -0.179889 0.106467
v 0.058373 0.017663 0.147475
v -0.127482 0.064395 0.197142
v 0.076294 -0.118480 0.104798
v 0.076294 -0.118480 0.104798
v -0.120314 -0.159089 0.148119
v -0.120314 -0.159089 0.148119
v 0.077062 -0.048650 -0.047280
v 0.012550 -0.152072 -0.248014
v -0.051962 0.149277 0.471473
v 0.019462 -0.105696 -0.211035
v -0.106746 0.082408 0.252262
v 0.028678 -0.015693 -0.119714
v 0.028678 -0.015693 -0.119714
v -0.100858 -0.037886 -0.446650
v 0.030982 0.143375 -0.307818
v 0.030982 0.143375 -0.307818
v 0.032518 0.105960 -0.211625
v -0.033018 0.115733 0.449602
v 0.038150 -0.060724 0.132310
v 0.047878 0.159082 -0.077333
v -0.017658 -0.042540 0.147652
v -0.079866 0.101153 -0.005391
v -0.079866 0.101153 -0.005391
v 0.051718 0.096882 0.459233
v -0.078842 0.057767 0.473023
v -0.076026 -0.093188 -0.368045
v -0.135418 -0.163236 0.148296
v -0.135418 -0.163236 0.148296
v -0.069114 -0.008748 -0.147592
v 0.062214 -0.117736 -0.098426
v -0.068858 0.032000 0.470032
v 0.007175 -0.157162 0.051792
v 0.007175 -0.157162 0.051792
v 0.007175 -0.157162 0.051792
v 0.141831 -0.020882 0.485847
v 0.077575 -0.010321 0.252851
v 0.079879 0.003871 -0.177749
v 0.087047 -0.084675 -0.380322
v -0.108793 -0.048972 -0.068822
v -0.108793 -0.048972 -0.068822
v 0.089351 0.000847 0.224400
v 0.094471 -0.129542 0.232493
v 0.029959 0.005339 -0.350121
v 0.030727 -0.149327 -0.427031
v 0.030727 -0.149327 -0.427031
v 0.030727 0.129732 -0.235091
v 0.030727 0.129732 -0.235091
v 0.227335 -0.181402 0.131847
v -0.099321 -0.012035 0.324319
v -0.021497 -0.157865 0.219908
v -0.074489 -0.037173 0.196400
v -0.064760 0.160841 0.473732
v -0.057336 -0.021210 -0.492293
v 0.149256 0.078539 0.390046
v 0.084744 -0.026021 0.131890
v 0.084744 -0.026021 0.131890
v 0.022024 -0.166739 -0.321293
v 0.022024 -0.166739 -0.321293
v 0.023048 0.157346 -0.187692
v 0.023304 0.118842 0.020768
v 0.023816 -0.008795 0.075424
v -0.037368 0.171553 0.269043
v 0.029192 -0.008492 -0.095002
v 0.029192 -0.008492 -0.095002
v -0.031224 0.144317 -0.265662
v -0.092920 -0.002268 0.161965
v -0.092920 -0.002268 0.161965
v -0.025848 -0.096787 0.485859
v -0.025848 -0.096787 0.485859
v -0.086008 -0.176858 0.155116
v -0.086008 -0.176858 0.155116
v 0.049416 0.004933 0.147595
v -0.080120 0.138180 -0.118349
v -0.078840 0.042020 -0.133666
v -0.078840 0.042020 -0.133666
v -0.077816 -0.143364 0.084145
v 0.062984 0.022517 0.147545
v 0.070921 -0.025359 0.470714
v -0.125687 0.120506 -0.121215
v -0.053495 0.140146 -0.128708
v 0.020489 -0.139924 0.198185
v -0.031991 -0.069013 -0.289923
v 0.111113 0.099075 0.162196
v 0.046601 -0.016658 0.470183
v 0.124681 0.083332 0.320234
v -0.071159 0.045072 -0.077753
v -0.069367 -0.027011 0.162499
v -0.003319 -0.145033 -0.237173
v -0.063734 -0.124606 0.094348
v -0.063734 -0.124606 0.094348
v 0.073482 0.086291 -0.136106
v 0.073482 0.086291 -0.136106
v 0.073482 0.086291 -0.136106
v 0.010762 -0.198653 0.057607
v 0.010762 -0.198653 0.057607
v 0.010762 -0.198653 0.057607
v -0.051190 -0.062275 -0.178001
v -0.051190 -0.062275 -0.178001
v 0.081674 -0.030582 -0.085820
v -0.047094 -0.020618 -0.342724
v 0.018954 -0.067194 -0.276567
v 0.020490 0.229764 0.493723
v 0.020746 0.122070 0.091450
v -0.108534 0.163632 0.372076
v -0.040438 0.178517 0.288507
v 0.025610 0.019323 0.451360
v -0.036086 -0.038697 0.275180
v 0.096778 -0.085230 -0.445487
v 0.034570 0.217006 0.394708
v -0.026102 -0.082484 0.406624
v -0.026102 -0.082484 0.406624
v -0.087542 0.079558 0.006718
v -0.087542 0.079558 0.006718
v 0.044298 0.100710 0.449877
v 0.047626 -0.015776 -0.008644
v -0.277494 -0.122894 0.117086
v -0.011510 -0.167147 -0.167769
v -0.011510 -0.167147 -0.167769
v 0.124170 0.152475 0.499709
v 0.062730 -0.019991 0.248553
v -0.002294 -0.168055 -0.252005
v 0.136203 0.047864 0.492210
v -0.060149 -0.077759 -0.061270
v -0.060149 -0.077759 -0.061270
v -0.060149 -0.077759 -0.061270
v 0.013067 -0.214045 -0.018754
v -0.051189 0.119136 0.090522
v 0.016139 -0.167488 -0.319109
v -0.108533 -0.157203 0.146544
v -0.108533 -0.157203 0.146544
v -0.108533 -0.157203 0.146544
v -0.108533 -0.157203 0.146544
v -0.163829 -0.167503 0.101711
v -0.163829 -0.167503 0.101711
v -0.031989 -0.099730 -0.317857
v -0.094197 -0.131354 0.234172
v -0.087285 -0.017044 0.096960
v -0.087285 -0.017044 0.096960
v 0.045323 -0.015507 -0.344152
v 0.047627 0.100396 0.457638
v -0.011765 0.138659 -0.005444
v 0.185099 -0.181255 0.115255
v -0.007925 -0.210178 -0.029750
v -0.069877 0.083473 0.460189
v 0.132108 -0.013725 0.419803
v 0.067596 0.213001 0.419225
v 0.072460 -0.124322 -0.445395
v 0.011020 0.141904 -0.234961
v 0.011020 0.141904 -0.234961
v -0.036596 0.161490 -0.074460
v 0.099852 -0.072495 -0.027448
v -0.030964 0.088454 -0.272381
v -0.030964 0.088454 -0.272381
v -0.030964 0.088454 -0.272381
v -0.030964 0.129212 -0.235774
v 0.037644 -0.043733 0.161788
v 0.038668 0.163954 -0.042608
v -0.091636 0.104819 0.474574
v 0.042508 -0.006999 -0.096261
v 0.042764 0.040097 0.451057
v -0.087796 -0.146048 0.142348
v -0.087796 -0.146048 0.142348
v 0.115724 0.124790 0.330836
v 0.115724 0.125367 0.331686
v 0.115724 0.125367 0.331686
v -0.012276 0.124169 0.147501
v -0.012276 0.124169 0.147501
v -0.077044 -0.157273 0.170674
v -0.001268 -0.141670 0.265511
v -0.001268 -0.141670 0.265511
v -0.000756 0.066265 -0.223747
v 0.009997 0.166512 -0.276525
v 0.010253 -0.232754 -0.023240
v 0.076301 -0.149816 0.081128
v 0.016141 -0.152969 -0.255668
v 0.018189 -0.042340 0.224718
v 0.018189 -0.042340 0.224718
v -0.101107 0.147782 0.325165
v -0.098035 -0.079702 -0.001651
v -0.031731 -0.024049 -0.309658
v 0.102157 -0.018780 0.013848
v 0.102157 -0.018780 0.013848
v 0.104461 -0.024298 0.170134
v 0.104461 -0.024298 0.170134
v 0.107021 0.065898 0.249745
v -0.015859 -0.130747 -0.211789
v 0.061197 0.159714 0.471123
v 0.061197 0.159714 0.471123
v 0.011022 0.119361 0.451677
v 0.011790 -0.055355 -0.269811
v 0.013582 -0.197800 0.019861
v 0.013582 -0.197800 0.019861
v 0.015374 -0.039035 0.247163
v -0.110834 -0.052784 0.205071
v 0.087566 -0.012866 0.302041
v 0.023054 0.177966 0.018955
v 0.023054 0.177966 0.018955
v 0.023054 0.177966 0.018955
v -0.103410 0.152211 0.340019
v -0.103410 0.152211 0.340019
v 0.097294 0.033755 -0.127971
v -0.095986 -0.017433 -0.428052
v 0.102158 0.033284 0.241801
v 0.102158 0.033284 0.241801
v 0.038158 -0.051820 0.319316
v 0.103950 -0.013106 -0.025358
v 0.103950 -0.013106 -0.025358
v 0.043790 0.123307 0.062278
v 0.046094 0.035765 -0.447184
v 0.047374 0.094656 -0.231150
v 0.050190 0.091054 -0.215897
v 0.050190 0.091054 -0.215897
v 0.050190 0.091054 -0.215897
v -0.014066 0.032895 -0.377389
v -0.012274 0.030530 -0.372746
v -0.012274 0.030530 -0.372746
v -0.076018 -0.012901 0.158335
v 0.056078 -0.090434 -0.347718
v -0.072178 0.018113 -0.427785
v 0.073231 0.165382 0.475400
v 0.073231 0.165382 0.475400
v -0.121841 0.057675 0.302376
v 0.021519 0.170076 0.133505
v -0.108273 -0.039495 0.405956
v 0.029455 0.165640 -0.279688
v 0.034575 0.085255 0.446928
v -0.022001 0.170932 0.162083
v -0.022001 0.170932 0.162083
v -0.084977 0.029679 0.059359
v -0.277233 -0.131967 0.099916
v -0.277233 -0.131967 0.099916
v -0.143601 0.069578 0.371047
v -0.069873 0.115977 0.067420
v 0.072976 -0.061089 -0.091706
v 0.011024 0.009212 0.451604
v -0.053488 0.008025 -0.088923
v -0.053488 0.008875 -0.088368
v -0.053488 0.009152 -0.087517
v -0.112880 0.132152 0.332291
v 0.090384 -0.018627 0.205240
v 0.090384 -0.018627 0.205240
v -0.039920 0.041558 0.410169
v 0.032784 -0.001561 0.461055
v -0.091376 -0.058241 -0.086992
v 0.107536 -0.055855 0.231083
v -0.022256 0.173222 -0.016333
v -0.022256 0.173222 -0.016333
v 0.044048 0.196635 0.363271
v -0.147952 0.069071 0.496765
v -0.005872 -0.040457 -0.090075
v -0.005360 0.107137 -0.214465
v 0.003601 -0.020515 -0.113848
v 0.003601 -0.020515 -0.113848
v 0.003601 -0.020515 -0.113848
v -0.057327 -0.214862 0.068514
v -0.057327 -0.214862 0.068514
v -0.057327 -0.214862 0.068514
v -0.057327 -0.214862 0.068514
v -0.057327 -0.214862 0.068514
v 0.075793 -0.139124 0.253486
v -0.049135 -0.047965 0.486240
v -0.049135 -0.047965 0.486240
v -0.044783 -0.066543 0.387096
v 0.088337 -0.151706 0.104519
v 0.023825 -0.017697 0.073779
v 0.089361 -0.005781 -0.043204
v 0.089361 -0.005781 -0.043204
v -0.105455 -0.022954 0.090907
v -0.105455 -0.022954 0.090907
v -0.105455 -0.022954 0.090907
v 0.093713 0.029638 -0.174042
v -0.031983 -0.117747 -0.276374
v 0.035601 0.115936 -0.257422
v 0.101905 0.031988 0.252777
v 0.101905 0.031988 0.252777
v 0.040209 0.113092 0.019345
v -0.088047 0.015895 -0.151729
v -0.152559 0.002818 0.486774
v -0.152559 0.094213 0.494456
v -0.085999 -0.026279 -0.073182
v -0.013295 -0.013746 -0.034020
v -0.074223 0.028685 -0.023209
v 0.125969 0.021651 -0.128350
v 0.125969 0.021651 -0.128350
v -0.131567 0.112870 0.356387
v -0.131567 0.112870 0.356387
v -0.062190 -0.225800 0.153406
v -0.062190 -0.225800 0.153406
v -0.062190 -0.225800 0.153406
v -0.057582 -0.017830 -0.147357
v 0.076818 -0.201589 0.107569
v 0.143890 0.097717 0.497872
v -0.048622 0.003656 0.000136
v -0.048622 0.003656 0.000136
v -0.048622 0.003656 0.000136
v -0.048622 0.003656 0.000136
v -0.113390 0.098661 0.224259
v -0.113390 0.098661 0.224259
v -0.044270 -0.058004 0.371818
v 0.023314 0.135216 0.020947
v 0.089362 -0.099704 -0.426219
v 0.089362 -0.099704 -0.426219
v 0.025874 0.035270 -0.355405
v -0.036078 0.162639 -0.037501
v -0.036078 0.162639 -0.037501
v -0.030446 0.124371 0.091574
v 0.036626 -0.066223 -0.221058
v 0.036626 -0.066223 -0.221058
v 0.038674 0.170090 -0.052312
v -0.021486 0.173069 0.096277
v -0.085998 -0.164102 0.159023
v -0.085998 -0.164102 0.159023
v 0.045330 0.142628 0.471285
v 0.051730 0.007133 -0.088908
v -0.012270 0.185487 -0.057847
v 0.059410 -0.241264 0.114335
v 0.059410 -0.241264 0.114335
v -0.005870 0.076900 -0.308595
v -0.132590 0.154774 0.420354
v 0.065298 0.121902 0.471324
v 0.000787 0.238449 0.431133
v -0.252397 -0.155296 0.155169
v -0.118765 0.056524 0.473999
v -0.049645 -0.147978 0.052172
v -0.049645 -0.147978 0.052172
v 0.027667 0.120013 0.063294
v -0.103405 0.150801 0.346668
v -0.103405 0.150801 0.346668
v -0.030701 0.091856 0.427383
v 0.041747 0.111762 0.129312
v 0.041747 0.111762 0.129312
v 0.041747 0.111768 0.128462
v -0.088557 0.117223 0.471410
v -0.088045 -0.148439 0.106131
v -0.088045 -0.148439 0.106131
v -0.149997 0.117803 0.420148
v -0.083949 -0.055037 0.496165
v -0.082157 0.005399 -0.448336
v 0.059667 -0.146339 0.055810
v 0.059667 -0.146339 0.055810
v 0.059667 -0.146339 0.055810
v -0.070893 0.042973 -0.022084
v 0.004628 -0.179758 -0.117624
v 0.138004 0.003014 0.405001
v 0.072724 0.110210 0.083534
v 0.072724 0.110210 0.083534
v 0.276756 -0.148022 0.090779
v 0.083220 -0.054677 0.144727
v 0.020756 -0.158518 0.261266
v -0.106220 -0.031436 0.195360
v 0.028948 -0.023469 -0.026306
v 0.103188 -0.018222 0.111795
v 0.038932 -0.003361 -0.001396
v 0.038932 -0.003361 -0.001396
v 0.038932 -0.003361 -0.001396
v -0.091372 0.130123 0.261025
v 0.173076 -0.167038 0.101191
v -0.087788 0.081672 -0.008515
v -0.087788 0.081672 -0.008515
v -0.086508 -0.030457 -0.375336
v -0.006636 0.147487 0.084273
v -0.070124 0.166592 0.472343
v 0.196629 -0.132516 0.118255
v 0.134677 -0.140916 0.110205
v 0.134677 -0.140916 0.110205
v -0.061419 -0.114706 0.111878
v -0.061419 -0.114706 0.111878
v -0.059371 0.046873 0.451260
v -0.059371 0.046873 0.451260
v -0.123115 -0.180382 0.136273
v 0.008725 -0.060465 -0.011627
v -0.056811 0.111047 -0.135128
v -0.056811 0.111047 -0.135128
v 0.077589 -0.060818 0.068136
v 0.077589 -0.060818 0.068136
v -0.047083 -0.042391 -0.337002
v -0.047083 -0.042391 -0.337002
v -0.112363 -0.136476 0.127002
v -0.103403 -0.017832 0.114626
v 0.029205 0.187152 -0.112338
v 0.036117 0.179538 0.294336
v -0.155115 0.094840 0.419584
v 0.041749 0.111762 0.130162
v 0.041749 0.111762 0.130162
v 0.111125 0.055917 0.272474
v 0.113173 0.124143 0.484609
v -0.017643 0.141392 -0.061873
v -0.017643 0.141392 -0.061873
v 0.055317 -0.052359 -0.114188
v 0.057109 -0.145738 0.196193
v 0.057877 -0.226485 0.170259
v 0.057877 0.015218 -0.028189
v 0.127509 -0.013133 0.403519
v 0.071958 -0.097251 -0.484851
v 0.081174 -0.062449 0.496020
v -0.112618 -0.085421 0.223147
v 0.019734 0.025722 0.446987
v -0.108266 0.064621 0.147985
v -0.106986 0.050951 0.147318
v 0.156950 0.073611 0.420062
v -0.039402 0.179340 0.298498
v 0.101398 -0.029255 -0.116608
v 0.101398 -0.029255 -0.116608
v -0.085482 -0.019113 0.148677
v 0.111382 -0.068770 0.171557
v -0.013546 -0.167179 -0.215804
v 0.052246 0.087108 -0.212764
v 0.052246 0.087108 -0.212764
v -0.141802 0.137990 0.419585
v -0.141802 0.137990 0.419585
v 0.057622 -0.017600 -0.171161
v 0.061462 -0.196069 0.183202
v 0.067863 -0.068528 0.406269
v -0.059625 0.122383 -0.066864
v -0.121833 0.029385 -0.077801
v -0.121833 0.029385 -0.077801
v 0.080919 0.112613 -0.169147
v 0.021015 0.061443 -0.291747
v 0.088343 -0.004301 -0.050581
v 0.088343 -0.004301 -0.050581
v -0.107241 -0.181199 0.118510
v 0.092439 -0.026440 -0.393046
v -0.102633 -0.073172 0.136511
v -0.102633 -0.073172 0.136511
v -0.102121 0.139270 0.310473
v -0.099049 0.143812 0.310663
v -0.098537 0.061604 -0.175019
v -0.098537 0.061604 -0.175019
v 0.099607 -0.077883 0.039355
v 0.103959 -0.014210 0.353329
v 0.040727 0.005791 -0.205779
v 0.040983 -0.007251 0.474575
v 0.043287 0.076556 0.441361
v 0.111895 0.033066 0.470785
v 0.111895 0.033066 0.470785
v 0.052759 0.000907 -0.028924
v 0.052759 0.000907 -0.028924
v 0.053015 0.037167 0.449918
v -0.137961 0.064216 -0.132938
v -0.003817 -0.146871 0.003551
v -0.067305 0.030870 0.051921
v -0.067305 0.030870 0.051921
v 0.000280 -0.161567 0.261726
v 0.000280 -0.161567 0.261726
v -0.059624 -0.143483 -0.035931
v 0.006680 0.189123 -0.049679
v 0.010264 -0.029329 -0.011909
v -0.046056 0.101605 0.448952
v 0.085272 -0.024283 0.062816
v -0.106216 0.121121 0.217746
v 0.094744 -0.083580 0.091421
v 0.094744 -0.083580 0.091421
v 0.031512 -0.012089 -0.336585
v 0.033048 0.157997 -0.116761
v -0.031976 -0.096998 -0.266991
v -0.093160 0.003884 -0.058944
v -0.093160 0.003884 -0.058944
v -0.088040 -0.011443 0.285464
v -0.088040 -0.011443 0.285464
v -0.019944 0.063808 -0.320281
v 0.046360 -0.043567 0.224101
v -0.082664 -0.088661 0.262677
v -0.014568 -0.045264 0.161701
v -0.012520 -0.226782 -0.055943
v 0.121112 0.057506 0.300462
v -0.005352 -0.014731 0.044926
v -0.005352 -0.014731 0.044926
v -0.069608 -0.053286 -0.491346
v -0.001768 0.222625 0.496177
v 0.000793 -0.229249 0.084246
v 0.000793 -0.229249 0.084246
v 0.000793 -0.229249 0.084246
v 0.000793 -0.229249 0.084246
v -0.062183 -0.133749 0.003854
v -0.062183 -0.133749 0.003854
v -0.062183 -0.133749 0.003854
v -0.056039 0.168733 0.176079
v -0.056039 0.168733 0.176079
v -0.056039 0.169071 0.176929
v 0.011289 -0.197029 0.003562
v 0.012057 -0.138781 0.252755
v 0.012057 -0.138781 0.252755
v 0.015385 0.132258 -0.134900
v 0.015385 0.132258 -0.134900
v 0.015385 0.132258 -0.134900
v 0.019225 -0.116245 -0.200266
v 0.019225 -0.116245 -0.200266
v 0.022553 -0.095622 0.430472
v 0.023065 0.119064 0.090950
v 0.023577 0.171990 0.086126
v 0.089113 -0.080706 -0.030121
v 0.089369 0.150033 -0.135993
v 0.025625 -0.009499 -0.094174
v 0.025625 -0.009499 -0.094174
v -0.039143 0.058779 0.446195
v -0.039143 0.058779 0.446195
v 0.093977 -0.084985 0.136994
v 0.095001 0.112279 0.147406
v 0.031257 -0.142323 -0.266627
v 0.031513 0.006175 -0.300533
v 0.031513 0.006175 -0.300533
v 0.031513 0.006175 -0.300533
v 0.101657 -0.053700 -0.446483
v 0.040473 -0.025591 -0.108797
v 0.040473 -0.025591 -0.108797
v 0.040473 -0.025591 -0.108797
v -0.088039 -0.141204 0.112648
v 0.110617 -0.145879 0.144172
v -0.019943 0.217736 0.389285
v -0.016615 0.042146 -0.425979
v -0.015847 -0.161653 -0.254268
v 0.056857 -0.128175 -0.126122
v 0.058137 0.015729 -0.086160
v 0.124697 0.050362 0.485814
v -0.061670 0.150853 -0.147271
v -0.061670 0.150853 -0.147271
v -0.191718 -0.150526 0.101379
v 0.018970 -0.055432 -0.219873
v 0.018970 -0.055432 -0.219873
v 0.025626 0.223245 0.406944
v -0.103654 -0.012378 0.346990
v -0.034790 0.116031 0.119086
v -0.031462 0.032678 -0.349873
v 0.040986 0.161821 0.161651
v 0.109338 -0.060757 0.088942
v 0.109338 -0.060757 0.088942
v -0.021222 0.171367 -0.012626
v -0.021222 0.171367 -0.012626
v -0.150758 -0.000823 0.430786
v -0.019686 -0.103040 -0.247588
v 0.111898 0.128197 -0.101125
v -0.017382 0.186645 0.471789
v -0.005094 -0.169605 -0.316142
v -0.000230 0.216770 0.377341
v -0.062181 -0.232495 0.123848
v -0.062181 -0.232495 0.123848
v -0.061157 -0.033425 -0.091217
v -0.058597 -0.159800 0.051308
v -0.058085 -0.237643 0.102416
v -0.058085 -0.237643 0.102416
v 0.015387 0.228145 0.494946
v -0.112869 -0.013026 0.362984
v 0.019483 -0.080886 0.496799
v -0.111333 -0.051252 0.071779
v -0.111333 -0.051252 0.071779
v 0.089883 -0.054199 0.235883
v 0.025115 0.152511 -0.203661
v -0.102885 -0.009305 0.197049
v -0.102885 -0.009305 0.197049
v 0.032027 0.156172 -0.079141
v 0.032027 0.156172 -0.079141
v -0.095973 -0.089572 -0.446008
v -0.091877 0.131037 0.273031
v -0.091621 -0.003893 -0.080555
v -0.091621 -0.003893 -0.080555
v -0.025061 -0.009475 0.147408
v -0.025061 -0.009475 0.147408
v -0.088805 -0.010311 0.298233
v 0.110619 -0.041476 0.420296
v 0.049435 0.164059 0.224485
v -0.013797 0.107757 -0.243055
v -0.078309 0.076459 0.058049
v -0.078309 0.076459 0.058049
v 0.120347 0.062294 0.304588
v 0.059675 0.018483 -0.084766
v 0.125211 -0.017062 0.403440
v 0.063003 -0.132952 0.087915
v 0.063003 -0.024601 0.257133
v 0.011292 -0.162878 -0.250963
v 0.078364 -0.060151 0.094767
v 0.013340 -0.144664 -0.248974
v 0.085788 0.040797 -0.086616
v -0.108004 0.069387 -0.095555
v -0.104932 -0.012432 -0.128301
v -0.104932 -0.012432 -0.128301
v 0.099868 -0.055133 -0.407644
v -0.095460 0.131559 0.284110
v -0.027620 -0.122178 -0.354533
v 0.038172 0.162461 0.021131
v -0.210660 -0.140137 0.111407
v -0.012004 0.009712 0.451900
v -0.000740 -0.149737 -0.210729
v -0.057827 -0.110214 -0.361809
v 0.075293 0.142298 0.241038
v -0.119267 0.068143 0.473958
v 0.078109 0.072097 -0.098484
v -0.118499 0.069266 0.470666
v 0.150301 0.078595 0.401915
v 0.021277 0.178127 0.172630
v 0.022045 -0.178015 -0.277864
v 0.022045 -0.178015 -0.277864
v -0.042467 0.186006 0.313258
v -0.106723 0.082942 0.238328
v -0.040675 0.159204 0.161329
v 0.026141 0.166642 0.474074
v 0.026141 0.166642 0.474074
v -0.038371 -0.056017 -0.332696
v 0.289565 -0.169744 0.107147
v -0.103139 -0.017935 0.149344
v 0.031517 -0.080553 -0.329329
v 0.031517 -0.080553 -0.329329
v 0.032797 0.041465 -0.446855
v 0.032797 0.041465 -0.446855
v 0.032797 0.041465 -0.446855
v -0.031715 0.140976 -0.262842
v -0.096995 0.044151 -0.177543
v 0.034845 0.158404 -0.047556
v 0.034845 0.158404 -0.047556
v -0.093411 0.099609 -0.129903
v -0.019683 -0.073888 -0.221186
v 0.112157 0.169547 0.402640
v -0.076515 -0.205214 0.125037
v -0.076259 0.141940 0.251133
v 0.061469 0.150215 -0.119419
v 0.061469 0.150215 -0.119419
v -0.066275 -0.093734 -0.357696
v -0.192994 -0.154291 0.102397
v -0.192994 -0.154291 0.102397
v -0.192994 -0.154291 0.102397
v -0.124386 0.050469 0.485240
v 0.076062 -0.172468 0.168850
v 0.013086 -0.160815 -0.236779
v -0.047074 0.119412 -0.088105
v -0.046050 -0.134120 0.266920
v -0.046050 0.187699 0.485453
v 0.022814 -0.010363 0.147413
v -0.108258 -0.045696 0.493635
v 0.090142 -0.106190 0.189077
v 0.037406 -0.040198 0.161836
v 0.177950 -0.131559 0.129273
v -0.143586 0.158421 0.487418
v -0.143586 0.158421 0.487418
v 0.060190 0.165472 0.174555
v 0.060190 0.165472 0.174555
v 0.060190 0.165472 0.174555
v -0.003042 0.041104 0.382362
v -0.003042 0.041104 0.382362
v 0.006175 -0.209792 -0.038807
v 0.075807 0.144328 -0.082574
v 0.078623 -0.077228 -0.486450
v -0.048353 0.130748 -0.080149
v -0.109281 0.162781 0.372501
v 0.087839 -0.115491 0.268292
v 0.028959 -0.104897 -0.250146
v 0.033567 0.096581 0.382671
v 0.033567 0.096581 0.382671
v -0.096993 0.018320 0.250448
v -0.096993 0.018320 0.250448
v -0.090081 -0.111670 0.194837
v 0.106783 0.040143 0.259364
v -0.084449 -0.090821 0.132883
v -0.084449 -0.090821 0.132883
v -0.084449 -0.090821 0.132883
v 0.001056 -0.061560 0.024571
v 0.001056 -0.061560 0.024571
v 0.001056 -0.061560 0.024571
v -0.130016 0.175536 0.482191
v -0.130016 0.175544 0.483041
v -0.064224 0.201892 0.383130
v 0.133408 0.069772 0.349878
v -0.062432 -0.128863 -0.103499
v 0.005920 -0.160290 -0.172994
v 0.005920 -0.160290 -0.172994
v -0.059360 0.025375 -0.426122
v -0.059360 0.025375 -0.426122
v 0.008224 -0.189016 -0.168125
v 0.008224 -0.189016 -0.168125
v 0.141088 0.117480 0.498292
v -0.052704 -0.010742 -0.119892
v -0.052704 -0.010742 -0.119892
v 0.013856 0.169709 0.471221
v 0.013856 0.169709 0.471221
v 0.013856 0.169709 0.471221
v -0.114144 0.015960 0.485442
v -0.114144 0.015960 0.485442
v 0.286496 -0.153791 0.098548
v 0.095776 0.106861 0.474507
v -0.034528 0.042386 0.417353
v -0.098016 -0.004919 0.221015
v -0.098016 -0.004919 0.221015
v 0.104992 0.200283 0.488534
v -0.019936 -0.013201 -0.497144
v 0.046624 0.118961 -0.135041
v 0.046624 0.118961 -0.135041
v -0.012768 -0.144477 -0.252531
v 0.124448 0.121939 -0.127492
v 0.061472 -0.137847 0.188090
v 0.003361 -0.190821 0.054950
v 0.003361 -0.190821 0.054950
v 0.003361 -0.190821 0.054950
v 0.003361 -0.190821 0.054950
v -0.061919 0.149942 0.147222
v -0.061919 0.149942 0.147222
v 0.141089 0.071458 0.373836
v 0.141089 0.071458 0.373836
v 0.076833 -0.010913 0.161710
v 0.079137 0.114425 -0.175780
v -0.045279 -0.073674 0.390918
v -0.041951 -0.141114 0.200885
v -0.103135 0.033073 0.237431
v 0.028961 -0.025650 0.053647
v 0.096545 -0.056820 -0.084988
v 0.032033 0.184738 -0.123263
v 0.032033 0.184738 -0.123263
v 0.032033 0.184738 -0.123263
v -0.031967 0.007630 -0.302686
v -0.095711 0.010861 0.224632
v -0.095711 0.010861 0.224632
v -0.029919 -0.135206 0.254384
v -0.084959 0.056550 0.471090
v -0.215263 -0.134116 0.130608
v -0.080095 -0.114277 -0.407448
v -0.143071 0.118972 0.392323
v -0.143071 0.118972 0.392323
v -0.073695 0.139263 0.147198
v -0.068831 0.051592 -0.207934
v -0.001759 -0.180964 -0.201023
v 0.000290 0.206192 0.350376
v 0.066850 -0.120976 -0.386219
v 0.008226 -0.029710 0.066885
v 0.008226 -0.029710 0.066885
v -0.045790 0.233315 0.431324
v 0.088610 -0.038946 -0.479248
v 0.088610 -0.038946 -0.479248
v -0.038110 0.190810 0.323031
v -0.038110 0.190810 0.323031
v -0.038110 0.190810 0.323031
v 0.029218 0.153998 -0.116094
v 0.029218 0.153998 -0.116094
v 0.029986 0.020740 -0.365327
v -0.095966 0.007893 -0.063765
v 0.038946 -0.043802 0.292096
v 0.038946 -0.043802 0.292096
v -0.024030 -0.138801 -0.142091
v 0.112674 -0.059026 0.174710
v -0.082398 0.110908 -0.162345
v -0.082398 0.110912 -0.163195
v 0.054050 -0.026313 0.470598
v -0.010462 -0.189391 0.012195
v -0.010462 -0.189391 0.012195
v 0.000291 -0.155665 0.051835
v 0.000291 -0.155665 0.051835
v 0.000291 -0.155665 0.051835
v -0.065245 0.008047 0.470936
v 0.000547 -0.144329 0.266429
v 0.000547 -0.144329 0.266429
v 0.067619 0.224404 0.431655
v -0.128733 0.067005 0.326556
v -0.104925 -0.021870 0.135316
v -0.038877 0.162267 0.074055
v -0.038877 0.162267 0.074055
v -0.037085 -0.047442 0.171635
v -0.034013 -0.034704 0.248094
v 0.034083 0.031955 0.431311
v 0.034339 0.095303 -0.260415
v -0.093917 0.125118 0.259341
v 0.105507 0.033229 0.224535
v -0.082397 0.110912 -0.164045
v 0.053027 -0.148194 0.262030
v -0.011229 0.129387 0.451551
v 0.000292 -0.014730 -0.034178
v 0.068644 -0.030478 0.291897
v 0.068644 -0.030478 0.291897
v -0.062172 -0.197772 0.152328
v -0.062172 -0.197772 0.152328
v 0.003620 -0.192270 -0.164603
v -0.058588 -0.141714 -0.099929
v -0.050908 -0.034064 0.161457
v 0.084260 0.148546 0.222473
v 0.085028 0.131027 0.241308
v -0.040412 -0.052731 0.337041
v -0.098780 0.137392 0.305550
v 0.039716 -0.132565 0.265022
v -0.089820 0.004323 0.147518
v 0.111396 0.132944 0.330427
v -0.084956 -0.088958 0.015670
v -0.084956 -0.088958 0.015670
v -0.018140 0.103413 0.445690
v -0.016092 -0.128488 -0.179800
v -0.277212 -0.138838 0.156793
v 0.055844 0.202719 0.494147
v -0.075228 -0.103148 0.257603
v 0.058660 -0.141435 -0.105305
v 0.000037 0.158184 -0.114542
v -0.059099 -0.067071 0.496027
v -0.056283 -0.015118 -0.180120
v 0.075813 -0.202284 0.141920
v 0.075813 -0.202284 0.141920
v -0.054491 0.024470 0.462995
v 0.016677 0.123173 0.020654
v -0.047579 0.173151 -0.133619
v -0.047579 0.173151 -0.133619
v -0.110811 -0.056660 0.099002
v -0.110811 -0.056660 0.099002
v 0.021541 0.120466 0.454150
v 0.025637 -0.099185 -0.247121
v -0.105435 -0.167763 0.106147
v -0.105179 0.183108 0.405263
v 0.159525 0.020832 0.431965
v -0.098523 -0.004697 0.307008
v 0.036645 0.198497 0.344439
v 0.036645 0.198497 0.344439
v 0.106021 0.083437 0.241177
v -0.084443 0.036061 -0.087797
v -0.018395 0.073182 -0.309926
v 0.117797 -0.016877 0.382063
v 0.121125 0.025737 0.197885
v -0.006107 -0.148756 -0.223357
v -0.136923 -0.140752 0.141448
v -0.136923 -0.140752 0.141448
v -0.060890 0.018985 -0.084705
v 0.009766 -0.228220 -0.009308
v 0.011046 -0.013857 -0.096908
v 0.011046 -0.013857 -0.096908
v 0.011046 -0.013857 -0.096908
v -0.117722 -0.013276 0.375176
v 0.022310 -0.113293 0.259439
v 0.022310 -0.113293 0.259439
v 0.022310 0.138152 0.462872
v -0.041946 -0.101692 -0.211967
v -0.106458 -0.014380 0.358751
v -0.034010 0.157638 -0.118006
v 0.035366 0.120885 -0.252831
v -0.284634 -0.185736 0.143855
v -0.284634 -0.185736 0.143855
v 0.109094 0.083450 0.224427
v -0.085978 -0.186624 0.104377
v -0.020442 0.013390 -0.302556
v -0.020442 0.013390 -0.302556
v -0.148954 -0.141642 0.106836
v 0.048422 -0.071579 0.223725
v -0.080602 0.047261 0.007993
v -0.080602 0.047261 0.007993
v -0.013018 -0.210316 -0.095435
v -0.013018 -0.210316 -0.095435
v 0.053286 0.112805 -0.197991
v 0.053286 0.112805 -0.197991
v 0.053286 0.112805 -0.197991
v -0.007130 -0.169539 -0.256261
v -0.071130 0.044399 0.053638
v -0.071130 0.044399 0.053638
v 0.061734 -0.221311 0.089978
v 0.062502 -0.129640 -0.090338
v -0.002778 -0.053729 0.221579
v -0.002778 -0.053729 0.221579
v -0.058329 0.094651 -0.063910
v 0.073511 0.026264 -0.108018
v 0.142375 0.159576 0.471605
v 0.142375 0.159576 0.471605
v 0.083751 0.092890 0.065928
v 0.083751 0.092890 0.065928
v -0.042713 0.158428 0.471330
v -0.042713 0.158428 0.471330
v 0.024359 -0.069531 -0.499015
v -0.037593 -0.014200 -0.004349
v 0.029735 0.170492 -0.008194
v 0.029735 0.170492 -0.008194
v 0.031527 0.025336 -0.365895
v 0.033575 0.085468 0.382626
v 0.033575 0.085468 0.382626
v 0.033575 0.085468 0.382626
v 0.033575 0.085468 0.382626
v 0.035367 -0.047944 0.172119
v 0.101671 0.098145 -0.121312
v 0.101671 0.098145 -0.121312
v 0.101671 0.098145 -0.121312
v -0.093401 -0.011562 0.304093
v 0.042535 -0.063690 0.361786
v -0.086233 -0.124330 0.121133
v -0.086233 -0.124330 0.121133
v -0.019929 0.022805 -0.299261
v -0.019929 0.022805 -0.299261
v 0.121895 0.063136 0.301452
v 0.058919 -0.143812 0.004564
v 0.058919 -0.143812 0.004564
v -0.006361 -0.118518 -0.491796
v 0.060711 -0.094148 0.045826
v 0.060711 -0.094148 0.045826
v -0.000729 -0.098868 0.459408
v -0.000729 -0.098868 0.459408
v -0.061144 0.092606 0.147518
v -0.061144 0.092606 0.147518
v 0.077608 -0.130107 0.265017
v -0.052696 0.164865 -0.060699
v 0.078632 0.099153 -0.072987
v 0.018984 -0.129318 -0.231193
v -0.110296 0.068301 -0.093633
v 0.087080 0.074372 -0.078695
v -0.042968 -0.117406 -0.198101
v -0.042968 -0.117406 -0.198101
v 0.023592 -0.162564 0.241150
v 0.028712 0.078777 -0.219662
v 0.030248 0.149055 -0.152947
v 0.098856 0.134399 0.292914
v 0.101672 0.019617 0.258324
v 0.101672 0.019617 0.258324
v 0.101672 0.143600 0.327640
v 0.104744 -0.059754 0.488287
v 0.040744 0.022677 -0.482397
v 0.040744 0.022677 -0.482397
v -0.024536 -0.230862 0.161597
v -0.023768 -0.197044 0.056911
v 0.043560 0.200645 0.374164
v -0.084952 0.189995 0.380152
v -0.014040 -0.177032 -0.153019
v -0.275672 -0.195017 0.130856
v -0.275672 -0.195017 0.130856
v -0.077528 -0.053433 -0.025789
v 0.057128 0.095720 -0.011746
v -0.072408 0.016984 0.471107
v 0.060712 -0.034428 0.472789
v 0.069161 0.074177 0.013663
v -0.052695 -0.047111 0.325124
v -0.113111 0.036312 0.470894
v -0.113111 0.036312 0.470894
v 0.019497 0.162077 -0.203516
v -0.109783 -0.060152 0.019269
v -0.109783 -0.060152 0.019269
v 0.087593 0.161673 0.485660
v -0.042711 0.137785 0.475867
v -0.041943 -0.046648 -0.215524
v -0.041943 -0.046648 -0.215524
v 0.089385 0.045348 -0.012582
v 0.036905 0.176791 0.223998
v -0.088535 0.011807 0.474085
v 0.045353 -0.007246 -0.111654
v 0.113193 -0.046580 -0.027472
v -0.068567 0.013427 -0.108257
v -0.063702 -0.135690 0.200879
v 0.005162 0.116202 -0.243817
v -0.058838 -0.051997 -0.342082
v 0.078634 0.143482 0.224328
v 0.019498 -0.093621 -0.217514
v 0.021546 0.026031 -0.485040
v -0.102102 0.006945 0.473965
v -0.031958 -0.073032 -0.267626
v -0.031702 0.034324 0.438437
v -0.096470 0.129051 0.274231
v -0.030422 0.035237 0.382507
v -0.094166 0.140816 0.471241
v 0.103466 -0.081469 0.253923
v 0.103978 -0.019998 0.153000
v 0.038954 0.161267 0.094844
v 0.038954 0.161267 0.094844
v -0.090070 -0.015803 0.214350
v -0.088534 -0.170967 0.107499
v -0.088534 -0.170967 0.107499
v 0.110378 0.066730 0.224565
v 0.110378 0.066730 0.224565
v 0.051242 0.103856 0.103697
v 0.051242 0.103856 0.103697
v 0.053034 -0.023480 0.474381
v -0.010198 0.153296 -0.234809
v -0.068822 -0.033392 0.221685
v -0.130005 0.175536 0.481341
v -0.130005 0.175536 0.481341
v 0.135979 -0.135890 0.120216
v 0.277291 -0.135845 0.096519
v -0.115157 0.007623 -0.064041
v -0.115157 0.007623 -0.064041
v 0.088107 -0.055640 0.403545
v -0.041941 0.112167 0.147517
v -0.036309 0.180209 0.297150
v 0.030251 -0.118816 -0.352334
v 0.030251 -0.118816 -0.352334
v -0.093653 0.110248 0.147544
v -0.092117 -0.001567 -0.050365
v -0.092117 -0.001567 -0.050365
v -0.023765 0.146141 0.471046
v -0.084949 0.047989 -0.082742
v -0.084949 0.048839 -0.082416
v -0.084949 0.048839 -0.082416
v -0.019157 0.064490 -0.267357
v -0.019157 0.064490 -0.267357
v -0.018389 -0.125004 0.258398
v -0.018389 -0.125004 0.258398
v 0.048683 -0.077378 -0.171477
v -0.082389 -0.020322 0.171580
v 0.052779 0.068066 0.453910
v 0.061995 -0.122749 0.069948
v 0.061995 -0.122749 0.069948
v 0.061995 -0.122749 0.069948
v 0.063275 -0.063961 0.198300
v -0.067285 -0.113479 0.259436
v 0.067372 0.078664 0.147484
v 0.002604 0.124839 0.091697
v 0.074284 0.149069 0.161890
v -0.056020 -0.009668 0.053731
v 0.012844 0.201890 0.343596
v 0.082732 0.058642 0.009547
v 0.082732 0.058642 0.009547
v -0.047572 0.135505 -0.000456
v -0.103892 -0.117953 0.239049
v -0.024788 -0.151088 -0.446394
v -0.019668 -0.116176 -0.251966
v -0.084180 -0.018394 0.175218
v -0.018644 0.131538 -0.135028
v -0.018644 0.131538 -0.135028
v -0.018644 0.131538 -0.135028
v -0.015572 -0.134204 -0.484885
v -0.076500 -0.145736 0.168940
v -0.010964 -0.151268 -0.229478
v -0.010964 -0.151268 -0.229478
v -0.075220 0.173944 -0.122292
v 0.060204 -0.222292 0.161637
v -0.000212 -0.060489 0.196252
v -0.000212 -0.060489 0.196252
v 0.004909 0.033537 -0.481581
v 0.073517 0.027591 -0.084104
v 0.078381 -0.015114 0.161777
v 0.013357 -0.166510 -0.183027
v 0.013357 -0.166510 -0.183027
v 0.022317 -0.011034 -0.096011
v 0.028461 -0.083992 -0.497231
v 0.162605 -0.133779 0.136803
v -0.164563 0.043934 0.430430
v -0.164563 0.043934 0.430430
v 0.097837 -0.010991 0.329907
v -0.033235 0.116233 0.457434
v -0.097747 0.040633 -0.129827
v 0.035629 -0.153910 0.262696
v 0.102189 -0.010133 0.196457
v 0.102189 -0.010133 0.196457
v -0.094163 0.135040 0.287727
v -0.026067 0.236138 0.432236
v 0.118061 0.048246 0.221566
v -0.076499 0.081925 -0.014388
v -0.009427 0.110480 0.382699
v -0.009427 0.110480 0.382699
v -0.008147 -0.192133 -0.159724
v -0.008147 -0.192133 -0.159724
v -0.007635 0.188349 -0.116714
v 0.060205 -0.197541 0.068053
v -0.002259 -0.213963 0.182091
v -0.002259 -0.213963 0.182091
v 0.001326 -0.052621 -0.298958
v 0.073006 -0.092816 -0.364178
v 0.011310 0.183135 -0.130163
v 0.011310 0.183135 -0.130163
v 0.083246 0.024346 0.074288
v 0.088622 -0.039568 -0.376567
v 0.093486 0.109748 0.147253
v 0.104238 -0.020643 0.079117
v 0.113710 0.027796 0.172290
v -0.079058 0.044631 -0.104072
v 0.053294 -0.123748 0.258177
v -0.183505 -0.183530 0.125429
v -0.048849 -0.145937 0.207103
v 0.084271 -0.011446 -0.387542
v -0.037841 -0.045872 0.305193
v -0.037841 -0.045872 0.305193
v 0.029999 0.035954 0.444804
v -0.033233 0.171189 0.224169
v -0.033233 0.171189 0.224169
v -0.032465 0.094751 0.443974
v 0.101679 0.028607 -0.106008
v -0.022481 0.125729 -0.200740
v -0.086993 -0.057789 0.406343
v 0.046383 0.119359 -0.087766
v -0.009425 0.107005 0.446463
v 0.058671 -0.050981 -0.493955
v -0.001745 0.004899 -0.212659
v 0.000048 0.151203 -0.128530
v 0.000048 0.151203 -0.128530
v 0.000048 0.151203 -0.128530
v -0.060880 0.092787 0.089073
v -0.060880 0.092787 0.089073
v -0.059600 0.017613 0.050046
v -0.055504 0.124844 -0.083316
v 0.078128 0.071155 -0.135940
v 0.078128 0.071155 -0.135940
v -0.117968 0.138574 0.355500
v -0.117968 0.138574 0.355500
v -0.050896 -0.150341 0.216715
v -0.109520 -0.061572 0.095881
v -0.109520 -0.061572 0.095881
v -0.105936 0.155942 0.352504
v 0.025648 -0.018440 -0.103501
v 0.025648 -0.018440 -0.103501
v 0.031536 -0.100439 -0.337197
v 0.031536 -0.100439 -0.337197
v -0.228560 -0.134005 0.134353
v -0.031952 -0.053680 -0.303857
v -0.031952 -0.053680 -0.303857
v -0.031952 -0.053680 -0.303857
v -0.016592 -0.040151 0.254333
v -0.076240 -0.018172 0.162245
v 0.124464 -0.013380 0.393244
v -0.132048 -0.014593 0.420301
v 0.071473 0.056129 -0.019171
v 0.009265 0.110389 0.441176
v 0.009265 0.110389 0.441176
v 0.009265 0.110389 0.441176
v 0.009265 0.110389 0.441176
v 0.013617 -0.043841 0.161601
v 0.079921 0.149592 0.171177
v 0.079921 0.149592 0.171177
v 0.024625 0.128471 0.063174
v -0.039887 -0.054313 0.331098
v -0.039887 -0.054313 0.331098
v 0.094513 -0.012061 -0.135273
v 0.094513 -0.012061 -0.135273
v 0.099889 -0.095508 0.260247
v 0.165425 0.043272 0.431748
v 0.165425 0.043272 0.431748
v -0.029903 0.236788 0.459651
v 0.036145 -0.126255 -0.362587
v 0.104753 0.117754 0.284893
v -0.024783 0.104695 0.382631
v -0.024783 0.104695 0.382631
v 0.041009 -0.039151 0.171072
v -0.024527 0.162735 -0.146294
v -0.024527 0.162735 -0.146294
v -0.019663 -0.126348 -0.255410
v -0.150479 0.143240 0.431399
v -0.150479 0.143240 0.431399
v 0.052785 0.149456 0.474675
v -0.076495 -0.203955 0.113497
v 0.060209 0.093052 -0.065047
v -0.070095 0.149023 0.471201
v 0.127025 0.068071 -0.146621
v -0.062158 -0.205178 0.176967
v -0.062158 -0.205178 0.176967
v -0.060622 -0.141686 0.190646
v 0.070962 0.099958 -0.090858
v 0.070962 0.099958 -0.090858
v 0.082226 -0.050820 -0.020867
v -0.043982 -0.143639 -0.409636
v -0.107726 -0.109646 0.229483
v 0.025650 0.149191 -0.189581
v 0.095282 -0.008323 0.221458
v 0.095282 -0.008323 0.221458
v 0.030514 -0.019793 -0.336925
v 0.100658 0.128765 -0.145189
v -0.225742 -0.148587 0.148974
v -0.026318 0.109770 0.450851
v 0.110642 -0.051818 0.130810
v 0.110642 -0.051818 0.130810
v 0.110642 -0.051818 0.130810
v 0.050738 0.025524 0.460789
v 0.117042 0.064283 0.224285
v 0.117042 0.064283 0.224285
v -0.006606 -0.137032 -0.365899
v -0.006606 -0.137032 -0.365899
v -0.006606 -0.137032 -0.365899
v -0.071886 -0.017314 -0.363107
v -0.071886 -0.017314 -0.363107
v -0.071886 -0.017314 -0.363107
v 0.059954 0.021513 0.461560
v 0.063026 0.089661 0.456656
v 0.130098 0.004108 -0.098970
v 0.000819 -0.131460 -0.212911
v 0.000819 -0.131460 -0.212911
v 0.001331 0.016206 0.382501
v 0.135219 -0.005693 0.415016
v 0.070707 -0.031592 0.222177
v 0.070707 -0.031592 0.222177
v 0.071219 0.059719 0.085279
v 0.079667 0.052783 -0.076910
v -0.113613 0.124086 0.484905
v 0.018227 -0.128664 -0.211599
v 0.018739 -0.136648 -0.252090
v 0.021555 0.090471 -0.280259
v 0.021555 0.090471 -0.280259
v 0.021555 0.090471 -0.280259
v -0.100557 0.022503 -0.073759
v -0.029645 -0.157315 -0.267959
v -0.094669 0.023463 0.470896
v 0.040499 0.182340 0.300908
v -0.013261 -0.183136 0.044481
v -0.013261 -0.183136 0.044481
v -0.076493 -0.191565 0.092588
v 0.055347 0.022992 -0.208652
v -0.062156 -0.123887 0.182842
v 0.072756 -0.035156 0.317319
v -0.122828 -0.002297 -0.080445
v -0.122828 -0.002297 -0.080445
v 0.011060 -0.200996 -0.128253
v -0.047820 0.184224 -0.093439
v 0.018484 0.009964 -0.298779
v 0.151092 0.000690 0.431200
v 0.088372 -0.170746 0.106589
v 0.091188 -0.004147 -0.078579
v 0.091188 -0.004147 -0.078579
v 0.035124 0.179197 0.221769
v -0.087500 -0.158636 0.149806
v -0.084172 0.156943 0.196902
v -0.084172 0.156943 0.196902
v -0.081868 -0.058244 0.104167
v -0.081868 -0.058244 0.104167
v 0.115764 -0.159762 0.148418
v 0.120372 0.102475 0.199519
v 0.122164 0.105644 0.322248
v 0.056884 0.000349 -0.000358
v 0.057652 -0.170922 0.050522
v -0.071116 -0.148608 0.243888
v 0.060212 0.069014 0.451050
v 0.061492 -0.171399 0.190126
v 0.061492 -0.171399 0.190126
v 0.000053 0.199503 0.331349
v 0.000053 0.199503 0.331349
v 0.002101 0.171154 -0.041582
v 0.002101 0.171154 -0.041582
v -0.127691 0.069617 -0.146051
v -0.059851 0.106255 0.459623
v 0.007989 -0.231666 -0.054970
v -0.056267 -0.145500 -0.027454
v 0.011061 0.128965 0.451248
v 0.011061 0.128965 0.451248
v -0.053707 0.016083 -0.480942
v -0.053451 -0.030254 0.224707
v -0.049099 0.171050 0.224144
v 0.019253 -0.077609 -0.250834
v -0.101323 -0.037382 -0.428104
v -0.031947 -0.140000 -0.334504
v 0.036405 0.174960 0.282154
v 0.105525 -0.055741 0.233904
v 0.041269 0.165787 0.054211
v 0.041269 0.165787 0.054211
v -0.024267 -0.146673 0.196410
v -0.024267 -0.146673 0.196410
v -0.089035 0.044693 0.076920
v -0.084171 -0.020117 0.219467
v -0.139979 -0.135701 0.119290
v -0.066763 -0.000490 -0.005660
v -0.001227 0.173429 0.246959
v -0.062154 -0.140969 0.189025
v 0.069686 0.068532 -0.206498
v -0.126666 0.044212 0.331336
v -0.126666 0.044212 0.331336
v 0.005174 -0.169712 -0.146122
v -0.057290 -0.006204 -0.356873
v -0.057290 -0.006204 -0.356873
v 0.085558 -0.024139 0.486767
v -0.040138 0.068349 0.412005
v -0.040138 0.068349 0.412005
v -0.039626 -0.146472 -0.427031
v -0.103114 -0.018851 0.012822
v -0.103114 -0.018851 0.012822
v 0.028982 0.004699 -0.209820
v 0.028982 0.004699 -0.209820
v -0.035530 0.128136 0.020818
v 0.097078 0.140624 0.299105
v -0.283594 -0.123094 0.128938
v -0.020426 0.000163 0.462878
v -0.019658 -0.094552 -0.217223
v 0.047158 -0.078483 -0.198397
v 0.115766 0.056977 0.288144
v 0.056630 0.105266 0.457276
v 0.056886 0.136250 -0.154779
v 0.057142 0.140151 -0.127776
v 0.057142 0.140151 -0.127776
v 0.057910 0.093844 0.059369
v -0.136906 -0.149999 0.103487
v -0.129993 -0.172530 0.106201
v -0.125641 0.040358 -0.087427
v -0.125641 0.040358 -0.087427
v -0.125385 -0.016708 0.403829
v 0.015927 0.172877 0.251655
v -0.042441 0.123674 0.461784
v 0.095287 0.137785 0.296859
v 0.034871 0.042916 0.383878
v -0.025801 -0.009330 -0.033024
v -0.075209 0.139047 0.161661
v -0.070345 0.013990 -0.401767
v -0.070345 0.013990 -0.401767
v -0.000457 -0.000686 -0.210232
v -0.000457 -0.000686 -0.210232
v 0.075832 0.137419 0.147348
v -0.111560 -0.050683 0.009578
v -0.111560 -0.050683 0.009578
v -0.107464 -0.170539 0.105697
v 0.089656 0.068520 0.063151
v -0.035272 -0.044432 0.161453
v 0.035128 -0.011181 -0.031337
v -0.091592 0.188316 0.497425
v -0.022472 -0.168719 -0.316296
v -0.019912 0.145956 0.000954
v 0.045880 -0.076651 0.405200
v -0.083912 -0.009839 0.280988
v -0.083912 -0.009839 0.280988
v -0.083144 -0.026526 0.485725
v -0.083144 -0.026526 0.485725
v 0.118584 0.102293 -0.094987
v 0.118584 0.102293 -0.094987
v -0.141768 0.074332 0.374218
v -0.141768 0.074332 0.374218
v 0.057912 -0.156657 0.051767
v 0.057912 -0.156657 0.051767
v 0.061496 -0.190590 0.065561
v 0.061496 -0.190590 0.065561
v -0.068808 0.154672 0.162222
v -0.057543 0.094386 0.016737
v -0.054471 0.132999 0.471189
v -0.049607 0.004976 -0.089754
v 0.082489 0.168768 -0.119473
v 0.082489 0.168768 -0.119473
v 0.021561 -0.159051 -0.333453
v 0.021561 -0.159051 -0.333453
v 0.024633 -0.138441 0.265741
v 0.095545 0.114754 0.240818
v -0.033991 -0.025979 -0.215220
v -0.027335 -0.046126 -0.302232
v -0.027335 -0.046126 -0.302232
v 0.040249 -0.130930 -0.480246
v -0.021959 -0.078437 0.394571
v -0.021959 -0.078437 0.394571
v -0.085703 -0.021091 0.013915
v -0.085703 -0.021091 0.013915
v -0.085703 -0.021091 0.013915
v -0.085703 -0.021091 0.013915
v 0.045625 -0.038889 0.162606
v 0.048185 0.106975 0.061311
v -0.079559 0.056269 -0.101850
v -0.209095 -0.155227 0.102954
v 0.054329 0.126412 -0.079639
v 0.054329 0.126412 -0.079639
v 0.123705 0.083102 -0.095865
v 0.059449 -0.240932 0.134816
v 0.059449 -0.240932 0.134816
v 0.061497 -0.114798 0.112246
v 0.064313 0.151726 0.250675
v 0.001594 -0.029401 -0.027247
v -0.062150 -0.224252 0.096401
v 0.004410 -0.226829 -0.001535
v -0.061126 0.008316 -0.090159
v -0.049606 0.159988 -0.076294
v -0.044998 0.033579 -0.414356
v -0.042438 -0.008472 0.475252
v 0.030266 0.143234 -0.264381
v 0.031546 0.009660 -0.349570
v 0.107066 -0.040259 0.405481
v -0.020678 -0.012077 -0.003566
v -0.020678 -0.012077 -0.003566
v 0.052794 0.215921 0.496807
v -0.067014 0.080660 0.087619
v -0.000966 -0.192991 -0.163945
v -0.000966 -0.192991 -0.163945
v 0.005435 -0.050384 0.224503
v 0.005435 -0.050384 0.224503
v 0.076347 -0.132186 0.162249
v 0.083771 -0.069913 0.222379
v 0.150587 0.111016 0.417567
v 0.150587 0.111016 0.417567
v -0.111301 0.162559 0.386491
v 0.096571 0.160121 -0.108866
v 0.096571 0.160121 -0.108866
v -0.028613 0.032526 -0.383942
v -0.084933 -0.055448 -0.367411
v -0.083909 -0.065072 0.206906
v 0.048699 -0.124984 -0.176890
v -0.015813 -0.179416 0.052313
v -0.008389 0.124972 0.021187
v -0.008389 -0.188820 0.048796
v -0.008389 -0.188820 0.048796
v 0.058683 0.106604 -0.208963
v 0.059195 -0.212576 0.066668
v 0.059195 -0.212576 0.066668
v 0.059195 -0.212576 0.066668
v -0.070853 -0.106219 -0.372625
v -0.127684 0.060961 0.324209
v -0.127684 0.060961 0.324209
v -0.053700 -0.002956 0.470819
v 0.012860 -0.229743 -0.043849
v 0.078652 0.144131 0.162148
v 0.015420 0.179406 0.175237
v 0.083260 -0.090898 0.129198
v 0.017980 0.103547 0.383747
v 0.017980 0.103547 0.383747
v 0.084028 0.132421 -0.091129
v -0.039876 -0.009096 -0.030948
v 0.039484 0.041586 0.382954
v 0.043324 0.017736 -0.211019
v -0.087492 -0.157361 0.149719
v -0.087492 -0.157361 0.149719
v -0.020420 0.045985 -0.276537
v -0.020420 0.045985 -0.276537
v -0.079556 0.017056 0.073147
v -0.078788 -0.094532 0.254353
v 0.065084 0.012247 -0.127999
v 0.071229 -0.057501 -0.006743
v 0.073533 -0.058756 0.012306
v 0.073533 -0.058756 0.012306
v 0.074813 0.173146 -0.123015
v -0.051907 0.116054 0.019147
v 0.151613 0.096988 0.405352
v 0.151613 0.096988 0.405352
v 0.086845 -0.018018 0.101010
v 0.021565 0.106323 0.441143
v 0.021565 0.106323 0.441143
v -0.041923 0.166579 0.034044
v -0.107203 0.160139 0.374035
v 0.090429 0.061170 -0.010708
v 0.025405 0.157607 0.471375
v 0.025405 0.157607 0.471375
v 0.029757 0.093174 0.418475
v -0.034243 0.096781 -0.258515
v -0.034243 0.096781 -0.258515
v 0.097341 0.019058 -0.071784
v 0.099389 0.111126 0.161856
v -0.090051 0.208009 0.427771
v -0.087235 -0.053264 0.232082
v -0.085699 -0.193769 0.118764
v 0.116541 -0.007284 -0.066277
v 0.116541 -0.007284 -0.066277
v 0.053565 0.027582 -0.410636
v 0.061757 -0.192232 0.091957
v 0.259389 -0.129597 0.137552
v 0.259389 -0.129597 0.137552
v 0.070718 0.018690 -0.428130
v 0.008510 -0.197009 -0.078781
v 0.011070 0.003067 0.450058
v 0.011582 0.151897 -0.205179
v 0.011582 0.151897 -0.205179
v 0.081470 0.068684 0.474808
v 0.021310 -0.152803 -0.340253
v 0.021310 -0.152803 -0.340253
v -0.042434 0.123771 0.460933
v -0.042434 -0.157786 0.232793
v 0.094270 0.187958 0.498719
v 0.094270 0.187958 0.498719
v -0.036034 0.159258 -0.043489
v -0.034242 0.171194 0.262803
v 0.106558 0.122891 0.473729
v -0.024258 -0.096797 0.457177
v -0.024258 -0.096797 0.457177
v -0.021698 0.007318 0.448897
v 0.116030 0.084112 0.471146
v 0.051006 0.183171 -0.116034
v 0.051006 0.183171 -0.116034
v -0.009154 -0.157929 -0.191099
v -0.009154 -0.157929 -0.191099
v -0.008898 -0.017798 -0.033348
v 0.060222 -0.127132 0.194580
v 0.060222 -0.127132 0.194580
v 0.061758 -0.133127 -0.020855
v -0.003266 -0.233634 -0.055638
v 0.076351 -0.179335 0.084041
v 0.023871 -0.008883 -0.094680
v 0.023871 -0.008883 -0.094680
v -0.039105 0.163365 0.010203
v -0.039105 0.163365 0.010203
v -0.039105 0.163365 0.010203
v -0.039105 0.163365 0.010203
v -0.097217 0.014342 0.148021
v 0.035391 0.179642 -0.130117
v 0.035391 0.179642 -0.130117
v -0.027073 0.005370 0.459734
v -0.087745 -0.017992 0.072740
v -0.018625 0.167896 0.150566
v 0.113983 0.138692 -0.113848
v 0.113983 0.138692 -0.113848
v -0.013249 0.033429 -0.480049
v -0.011201 -0.181944 -0.124431
v 0.185663 -0.180745 0.116557
v 0.121151 0.022501 0.328176
v 0.121151 0.022501 0.328176
v -0.007361 0.124832 0.063946
v 0.059199 -0.041115 0.186271
v 0.129855 -0.011895 0.496093
v 0.000320 0.129736 0.450781
v 0.000320 0.129736 0.450781
v -0.061632 -0.006713 0.059411
v 0.277056 -0.126635 0.107676
v 0.091200 0.126436 0.263474
v -0.101312 -0.030630 -0.114662
v -0.035264 -0.098542 -0.273227
v 0.096576 0.134308 0.294093
v -0.095424 -0.087031 -0.425882
v 0.167488 0.072516 0.486233
v -0.094400 -0.088275 0.157026
v 0.038976 -0.105624 -0.211091
v -0.149696 0.077754 0.398900
v -0.014528 -0.188429 -0.139361
v -0.134336 0.170015 0.487477
v -0.134336 0.170015 0.487477
v -0.065471 -0.042250 -0.071986
v 0.069185 -0.082988 0.431392
v -0.060351 -0.020142 -0.144629
v -0.060351 -0.020142 -0.144629
v 0.072257 -0.026891 0.224703
v 0.072257 -0.026891 0.224703
v -0.108223 0.066006 0.237660
v -0.108223 0.066006 0.237660
v 0.093505 0.124828 0.257765
v -0.036287 0.160576 -0.084440
v 0.096065 0.016241 0.237630
v -0.166079 0.044197 0.485732
v -0.166079 0.044197 0.485732
v -0.093631 0.030389 -0.175010
v -0.093631 0.030389 -0.175010
v 0.037697 0.031458 0.450918
v -0.092863 -0.015415 0.312941
v 0.104001 0.103213 0.224795
v 0.105793 0.151169 0.353516
v 0.105793 0.151169 0.353516
v 0.041025 -0.099372 -0.213879
v -0.082367 -0.029590 -0.086330
v 0.049217 0.128720 0.466973
v 0.052801 0.095607 0.459496
v -0.009407 0.138908 -0.204875
v -0.009407 0.138908 -0.204875
v 0.061249 -0.231297 0.111552
v -0.069823 0.159557 0.170888
v -0.069823 0.159557 0.170888
v -0.068799 0.205604 0.497808
v -0.067263 0.030990 0.147509
v -0.067263 0.030990 0.147509
v -0.066239 0.159371 0.272168
v 0.077378 -0.097936 0.256139
v 0.079426 0.175540 -0.089641
v 0.020546 -0.138179 -0.350616
v 0.020546 -0.138179 -0.350616
v 0.283970 -0.189499 0.137417
v 0.023106 -0.024943 0.469931
v 0.023874 0.106505 -0.236362
v 0.089666 0.023949 0.474014
v -0.164030 -0.132383 0.117814
v 0.049474 -0.084527 -0.187470
v -0.079294 -0.014178 0.161686
v 0.054594 -0.143109 -0.114562
v -0.071614 -0.021212 -0.103400
v -0.071614 -0.021212 -0.103400
v -0.001982 -0.208551 -0.031607
v -0.060605 -0.169772 0.051852
v -0.060605 -0.169772 0.051852
v -0.124349 0.122336 -0.128603
v 0.076611 -0.187846 0.161055
v 0.076611 -0.187846 0.161055
v 0.011587 0.105618 -0.244570
v 0.022851 0.238028 0.462660
v 0.090179 0.050492 0.062765
v 0.029507 0.011207 -0.300174
v 0.029507 0.011207 -0.300174
v 0.228675 -0.181549 0.118545
v 0.098115 -0.092645 0.184210
v 0.098883 -0.038286 -0.411692
v 0.104003 -0.001131 0.485794
v 0.107075 -0.057440 0.433562
v -0.016061 -0.028129 -0.026494
v -0.078525 0.076981 -0.070917
v -0.076733 0.009620 -0.425891
v 0.055363 0.099585 0.017563
v -0.075709 -0.113348 0.131397
v -0.009917 0.016306 0.441832
v -0.073917 0.085757 -0.095491
v -0.071869 0.056982 -0.019240
v 0.062275 0.011850 -0.026825
v 0.062275 0.011850 -0.026825
v -0.259260 -0.128532 0.115226
v 0.142660 0.075110 0.371313
v 0.142660 0.075110 0.371313
v 0.142660 0.075110 0.371313
v 0.014660 0.041533 -0.405076
v -0.046524 0.212024 0.400120
v -0.046524 0.026514 0.449963
v -0.046268 0.001983 0.077598
v -0.106428 -0.070871 0.244886
v -0.106172 0.040812 -0.087422
v 0.028228 -0.166129 -0.272146
v 0.097092 -0.022561 -0.446270
v -0.031164 -0.108473 -0.345146
v -0.031164 -0.108473 -0.345146
v 0.034884 -0.088455 -0.277362
v 0.039236 0.112051 -0.210978
v 0.039236 0.112051 -0.210978
v 0.126276 0.005449 -0.088317
v -0.070332 0.070935 0.012980
v 0.062788 0.226549 0.487290
v -0.002492 -0.164129 -0.326169
v 0.002117 -0.068103 0.209162
v 0.002117 -0.068103 0.209162
v -0.126907 0.066082 0.328688
v -0.060347 0.005295 -0.111644
v 0.071237 0.059312 0.147514
v 0.007493 0.173284 -0.139709
v -0.117435 0.064980 0.224461
v 0.081477 -0.010429 0.262150
v 0.081477 -0.010429 0.262150
v -0.108475 0.053258 -0.122399
v 0.153925 0.134216 0.486481
v -0.041403 0.122960 -0.134682
v -0.041403 0.122960 -0.134682
v -0.106427 -0.064391 -0.021208
v -0.040891 -0.010348 -0.210337
v -0.037051 -0.057350 -0.034094
v 0.030277 -0.006221 -0.342850
v 0.031557 -0.101809 -0.272773
v -0.029115 0.166206 -0.277637
v -0.028859 0.029812 -0.372267
v 0.044357 -0.146651 0.004445
v 0.044357 -0.146651 0.004445
v -0.019643 0.034237 -0.342315
v -0.082875 -0.078191 0.238230
v -0.015547 -0.040438 0.147642
v -0.143547 0.075235 0.371915
v -0.143547 0.075235 0.371915
v -0.143547 0.075235 0.371915
v -0.143547 0.075235 0.371915
v 0.118853 0.068215 0.473923
v -0.077499 -0.160960 0.080280
v -0.077499 -0.160960 0.080280
v -0.076987 -0.084659 -0.486197
v 0.121925 -0.145695 0.144557
v 0.056901 0.112421 0.018502
v 0.059717 0.018614 -0.026868
v -0.064698 0.036384 -0.207848
v 0.006214 0.136084 -0.234722
v -0.055738 -0.041519 0.310025
v -0.047290 -0.023779 -0.165424
v -0.047290 -0.023779 -0.165424
v -0.047290 -0.023779 -0.165424
v -0.047290 -0.023779 -0.165424
v 0.019270 -0.072482 -0.260247
v -0.045754 -0.083379 -0.197417
v -0.044730 0.211356 0.382814
v 0.087622 -0.155556 0.146842
v 0.087622 -0.155556 0.146842
v 0.027974 -0.017686 -0.301061
v -0.096698 0.132368 0.224202
v 0.101958 -0.046600 -0.428103
v 0.101958 -0.046600 -0.428103
v -0.092602 0.005995 0.225397
v 0.172614 -0.182435 0.118244
v 0.041798 -0.096030 0.254645
v -0.088250 -0.070265 0.429226
v -0.022202 -0.177727 -0.277863
v 0.121670 0.036165 -0.142696
v -0.074426 -0.057406 -0.006474
v -0.068026 0.099855 0.088800
v -0.068026 0.099855 0.088800
v 0.064582 0.155464 0.224642
v -0.000186 0.176426 0.224377
v -0.257721 -0.142623 0.153806
v 0.070727 0.015098 -0.426155
v 0.206407 -0.137577 0.136313
v -0.050873 0.104931 -0.010348
v 0.080455 -0.097708 0.166399
v 0.015175 0.101339 -0.251258
v -0.114105 0.173442 0.403885
v 0.083783 0.086951 -0.076692
v 0.085575 -0.154673 0.159976
v -0.030649 0.149246 -0.152954
v 0.036423 0.161784 -0.069659
v -0.092601 0.006325 0.226247
v -0.024761 -0.140995 -0.260656
v 0.043847 0.056816 0.382751
v -0.019385 0.026237 0.382298
v -0.147129 0.047755 0.496130
v -0.142777 0.086876 0.494960
v -0.011449 -0.232167 -0.038657
v -0.011449 0.023742 0.382109
v -0.011449 0.023742 0.382109
v -0.076473 0.029982 0.080720
v -0.010169 -0.149656 -0.456686
v -0.198073 -0.134425 0.125067
v -0.198073 -0.134425 0.125067
v -0.001209 0.144482 -0.074406
v 0.072520 0.021082 0.004013
v 0.072520 0.021082 0.004013
v 0.072520 0.021082 0.004013
v 0.072520 0.021082 0.004013
v 0.009544 0.022293 0.447341
v -0.055992 0.108841 -0.235931
v -0.116920 0.050571 0.289163
v -0.113848 0.100782 0.171567
v 0.086088 -0.186522 0.146384
v 0.086088 -0.186522 0.146384
v -0.043192 -0.139697 -0.390278
v -0.042680 0.159727 0.147216
v -0.039096 0.163131 0.161618
v 0.033864 -0.138239 0.266819
v -0.031672 -0.123657 -0.259504
v 0.034632 0.012119 0.458424
v -0.030648 -0.077537 -0.252165
v 0.037960 0.164447 0.065362
v 0.107848 0.053993 -0.123971
v 0.044360 0.033076 -0.410676
v -0.085944 -0.176523 0.095554
v 0.111176 0.002781 -0.057125
v 0.047688 0.003773 0.004316
v -0.017336 0.174708 0.224265
v 0.051528 0.155009 0.147253
v 0.051528 0.155009 0.147253
v 0.051528 0.155009 0.147253
v -0.011448 0.023628 0.418651
v 0.121416 0.059901 0.308634
v -0.072632 -0.059874 0.128113
v 0.060232 -0.148503 0.068437
v 0.126536 0.052566 -0.145018
v 0.061512 -0.094628 0.150130
v 0.127304 0.147870 0.500000
v -0.067000 0.073403 -0.208763
v -0.067000 0.073403 -0.208763
v 0.067913 0.128121 -0.155793
v 0.070473 -0.031171 0.173338
v 0.070473 -0.031171 0.173338
v -0.058551 -0.197213 0.056454
v -0.058551 -0.197213 0.056454
v -0.058551 -0.197213 0.056454
v 0.080201 -0.055766 -0.003751
v 0.080201 -0.055766 -0.003751
v 0.150345 0.142009 0.465878
v 0.150345 0.142009 0.465878
v 0.085833 0.016740 -0.179566
v 0.021321 0.025127 -0.324621
v 0.021321 0.025127 -0.324621
v -0.102071 0.099380 0.251641
v -0.164791 -0.136412 0.108973
v -0.093879 -0.084668 -0.398862
v 0.040521 -0.117165 -0.199250
v 0.040521 -0.117165 -0.199250
v 0.042313 0.191189 0.340958
v 0.042313 0.191189 0.340958
v 0.110409 0.108440 0.471336
v 0.124489 -0.015487 -0.092187
v 0.124489 -0.015487 -0.092187
v -0.004279 -0.155721 -0.338379
v -0.132023 0.019890 -0.120301
v 0.000330 -0.163763 0.250993
v 0.000330 -0.163763 0.250993
v 0.000842 -0.051696 0.161447
v 0.000842 -0.051696 0.161447
v -0.062134 -0.206144 0.121981
v -0.058038 -0.241321 0.135931
v -0.058038 -0.241321 0.135931
v -0.049846 0.215963 0.403886
v -0.049590 -0.074338 0.398011
v -0.048566 -0.060813 0.071750
v 0.082762 -0.042395 -0.053981
v 0.089930 0.030887 -0.181627
v -0.104630 0.098160 0.161402
v 0.029770 0.173268 -0.136908
v 0.029770 0.173268 -0.136908
v -0.098486 0.143005 0.316728
v 0.034122 0.031946 0.382634
v 0.101962 -0.008513 0.200613
v -0.159158 0.018250 0.484752
v 0.042570 -0.049737 -0.497295
v -0.087734 -0.012707 0.301648
v -0.147894 -0.007304 0.460030
v -0.011446 0.133137 0.463674
v -0.076726 -0.026856 -0.487326
v 0.057418 0.161199 -0.140818
v -0.000694 0.086262 -0.220345
v 0.004939 -0.165712 0.035790
v 0.004939 -0.165712 0.035790
v 0.006219 -0.241232 0.135151
v 0.006219 -0.241232 0.135151
v 0.006219 -0.241232 0.135151
v 0.006219 -0.241232 0.135151
v 0.006219 -0.241232 0.135151
v 0.139083 0.004970 0.495561
v 0.139083 0.004970 0.495561
v 0.204619 -0.177412 0.112549
v 0.074059 0.119415 -0.176800
v 0.074059 0.118770 -0.177650
v 0.009803 0.022569 0.428369
v -0.048565 -0.085282 -0.179393
v 0.083531 0.023861 0.059539
v 0.283723 -0.124937 0.116966
v -0.108981 0.027895 0.162107
v 0.022859 -0.029626 0.473851
v 0.096843 0.113063 0.253265
v 0.100171 -0.076584 0.003679
v 0.100171 -0.076584 0.003679
v -0.029877 0.155775 -0.114336
v -0.084149 -0.058300 0.181158
v 0.057163 0.002549 -0.111889
v 0.059979 -0.104360 -0.359044
v 0.061515 -0.136106 0.083727
v -0.135093 0.168595 0.431993
v -0.061876 -0.102278 0.170053
v -0.125876 -0.035101 0.489892
v -0.058804 0.016591 0.147473
v -0.058804 0.016591 0.147473
v -0.055476 -0.019025 -0.174613
v -0.055476 -0.019025 -0.174613
v -0.175796 -0.139419 0.144531
v -0.175796 -0.139419 0.144531
v -0.109748 -0.139135 0.117665
v 0.090188 0.123610 0.250098
v 0.090444 -0.066362 -0.071194
v 0.035148 -0.044003 0.282298
v -0.084148 0.146938 0.282414
v -0.017332 -0.053455 -0.251979
v -0.003252 0.020501 -0.217574
v -0.133556 0.069508 0.341767
v -0.063411 -0.135214 0.086619
v 0.135245 -0.004709 0.413326
v -0.059059 -0.035315 0.224390
v 0.008269 -0.046645 -0.077524
v 0.008269 -0.046645 -0.077524
v -0.055731 -0.074939 -0.342394
v 0.284237 -0.168530 0.156594
v 0.289869 -0.147462 0.143550
v 0.028493 0.025170 0.442806
v 0.029773 0.152553 -0.302293
v 0.029773 0.152553 -0.302293
v -0.165555 0.097708 0.485574
v -0.230323 -0.161443 0.101408
v -0.033459 0.167928 0.240669
v -0.033459 0.167928 0.240669
v 0.032333 -0.036054 0.238577
v -0.031923 -0.225575 0.171139
v 0.102221 0.098315 0.242219
v -0.025779 -0.157443 0.262388
v 0.044365 0.069103 0.382670
v 0.044365 0.069103 0.382670
v -0.085427 0.074809 -0.093247
v 0.050765 0.014145 -0.371126
v -0.007603 -0.187337 -0.101289
v 0.000334 0.241321 0.487946
v -0.193714 -0.148861 0.148894
v -0.051378 0.104648 0.061241
v 0.085326 -0.021480 0.004870
v 0.085326 -0.021480 0.004870
v 0.095054 -0.004450 0.224193
v -0.097714 -0.097759 0.263411
v -0.028594 0.007986 -0.211502
v -0.159154 0.018727 0.433787
v 0.039758 0.086016 0.434338
v 0.106062 -0.027178 -0.003485
v 0.106062 -0.027178 -0.003485
v 0.106062 -0.027178 -0.003485
v -0.086706 -0.134983 0.143772
v -0.086706 -0.134983 0.143772
v 0.047950 -0.064472 -0.172232
v 0.047950 -0.064472 -0.172232
v 0.048974 -0.090575 0.488740
v -0.146610 -0.182599 0.119175
v 0.116302 0.125366 0.333383
v 0.118606 0.189080 0.431096
v -0.071090 0.044883 0.147556
v -0.071090 0.044883 0.147556
v 0.129102 -0.136562 0.133124
v -0.064177 0.103256 -0.091977
v 0.008527 -0.146210 -0.246008
v 0.076111 0.142030 0.161898
v -0.040881 -0.045418 -0.074454
v 0.025423 -0.048608 0.473081
v 0.027215 -0.054513 -0.298912
v 0.093263 0.006715 -0.062920
v 0.096335 -0.026589 0.491056
v 0.032591 0.041819 -0.427629
v 0.032591 0.041819 -0.427629
v 0.037711 0.160954 -0.011395
v 0.037711 0.160954 -0.011395
v 0.037711 0.160954 -0.011395
v -0.158385 0.021421 0.487165
v -0.158385 0.021421 0.487165
v 0.041551 -0.134612 -0.377831
v 0.107087 -0.111480 0.234506
v -0.021681 -0.146782 -0.262587
v -0.021681 -0.146782 -0.262587
v 0.109903 0.128464 -0.139297
v 0.110415 0.060745 -0.092308
v -0.014001 -0.158725 -0.229355
v -0.076465 -0.013550 0.254688
v 0.056655 -0.002937 -0.099769
v -0.002737 0.169156 -0.202833
v -0.062384 0.069116 0.452683
v 0.073808 0.146161 0.171460
v 0.013136 -0.217054 -0.035997
v 0.080208 -0.143234 0.237824
v 0.082256 0.005793 -0.428126
v -0.111536 -0.141834 0.140715
v -0.111536 -0.141834 0.140715
v 0.019792 0.123744 -0.202848
v 0.031056 0.034229 0.447332
v -0.033968 0.155390 -0.082149
v 0.032592 -0.130199 -0.484417
v -0.032432 0.055395 -0.220117
v 0.033360 -0.038660 0.258875
v 0.100176 -0.070754 -0.447107
v 0.035408 0.175682 0.175179
v 0.035408 0.175682 0.175179
v -0.160944 0.111277 0.429892
v -0.092592 0.161092 0.336357
v -0.092592 0.161092 0.336357
v 0.041040 -0.001614 -0.031085
v 0.041040 -0.001614 -0.031085
v -0.088496 -0.055860 -0.483064
v 0.111952 0.181464 0.419130
v -0.001968 0.035839 -0.355043
v 0.133457 0.094786 -0.133032
v -0.127407 -0.179248 0.112459
v 0.142417 0.025518 0.498182
v 0.142417 0.025518 0.498182
v 0.016209 -0.129250 -0.177709
v -0.046255 -0.126003 -0.182196
v 0.025937 -0.047021 0.469835
v 0.025937 -0.142966 -0.261686
v 0.027217 0.159012 -0.081522
v 0.027729 0.123520 -0.254442
v 0.100433 -0.016223 0.337245
v -0.289967 -0.179209 0.118101
v -0.289967 -0.179209 0.118101
v 0.042577 0.135813 0.015013
v 0.043601 -0.042294 0.470190
v 0.112977 0.098111 0.283442
v -0.082607 -0.111475 0.187893
v 0.184657 -0.183522 0.125044
v -0.076719 -0.198212 0.100862
v -0.140207 0.056073 0.367300
v 0.059729 -0.155100 0.240298
v -0.062382 0.181756 0.330942
v -0.062382 0.181756 0.330942
v 0.014674 -0.152766 -0.426901
v 0.014674 -0.152766 -0.426901
v -0.049838 -0.134470 -0.156905
v -0.109486 0.049805 0.224802
v -0.041902 -0.074643 -0.218274
v -0.041902 -0.074643 -0.218274
v 0.094034 0.185385 0.498685
v 0.094034 0.185385 0.498685
v 0.104018 -0.118987 0.231214
v 0.104018 -0.118987 0.231214
v -0.090798 0.059719 -0.011146
v -0.023726 0.120215 -0.006723
v -0.023726 0.120215 -0.006723
v -0.088238 -0.181019 0.125364
v -0.088238 -0.181019 0.125364
v 0.108626 0.054569 0.261255
v -0.147118 0.118050 0.404242
v -0.147118 0.118050 0.404242
v 0.186962 -0.180713 0.134124
v -0.129709 0.023570 0.353259
v 0.067667 0.167301 0.471541
v 0.067667 0.167301 0.471541
v 0.071507 0.045459 0.053632
v 0.007763 -0.170691 0.035707
v 0.007763 -0.170691 0.035707
v 0.007763 -0.170691 0.035707
v 0.074067 0.010582 -0.410637
v 0.010579 0.047101 -0.427607
v 0.012371 -0.013883 -0.034140
v -0.111277 0.006419 -0.136121
v 0.020563 -0.146668 -0.262504
v 0.020563 -0.146668 -0.262504
v 0.021587 0.226807 0.419341
v 0.087379 -0.088151 0.014096
v 0.087379 -0.088151 0.014096
v 0.094547 0.151145 -0.091599
v 0.031571 -0.122505 -0.258846
v 0.097363 0.045078 -0.171756
v 0.103507 0.032273 0.147386
v 0.106067 0.041851 -0.116555
v -0.090285 -0.088737 0.049624
v -0.090285 -0.088737 0.049624
v -0.022701 0.022414 0.382394
v 0.043859 0.142838 -0.174652
v 0.043859 0.142838 -0.174652
v 0.112211 0.120542 0.198380
v 0.112211 0.120542 0.198380
v 0.047699 0.003768 0.006017
v 0.047699 0.003768 0.006017
v 0.047699 0.003772 0.005166
v -0.080301 0.099764 0.471203
v 0.051539 0.176362 -0.071727
v -0.010157 0.009202 0.446038
v -0.010157 0.009202 0.446038
v -0.072365 0.005258 0.057265
v 0.257875 -0.142563 0.097775
v -0.000685 -0.203598 -0.015281
v 0.001108 0.035509 -0.380645
v -0.061100 -0.144862 0.082001
v 0.005716 0.122327 -0.247544
v 0.071252 0.057250 -0.074382
v 0.007764 -0.093933 -0.497173
v -0.121004 0.025440 0.196721
v -0.121004 0.025440 0.196721
v -0.120748 0.022317 0.325858
v 0.078420 -0.041526 -0.067280
v 0.086100 0.082983 0.008330
v 0.086100 0.082983 0.008330
v 0.087380 -0.136579 0.243446
v 0.023124 -0.097801 0.486604
v 0.026708 0.006719 0.459163
v -0.037036 -0.048365 0.221027
v -0.082604 0.061964 0.084089
v -0.016044 0.120242 -0.308663
v 0.054356 0.109647 -0.236198
v 0.057940 -0.063319 -0.094912
v -0.006572 -0.171533 -0.143297
v 0.065108 0.053021 -0.210739
v 0.066133 -0.004791 -0.182385
v -0.063915 0.009198 0.078161
v -0.256939 -0.160062 0.154686
v 0.011861 0.149666 -0.234899
v -0.045483 -0.155322 0.226629
v 0.085845 0.131033 -0.116801
v 0.022869 -0.015788 -0.496996
v 0.023125 -0.010050 -0.033268
v 0.023637 -0.010224 -0.003094
v 0.023637 -0.010224 -0.003094
v 0.089429 -0.011621 0.291254
v 0.089429 -0.011621 0.291254
v -0.039851 0.041304 0.382532
v 0.030549 0.114473 0.454999
v 0.034389 0.169568 0.260337
v 0.105301 0.057054 -0.129762
v 0.105301 0.057054 -0.129762
v 0.105301 0.057054 -0.129762
v -0.025515 -0.135419 -0.368708
v 0.106581 0.019023 0.470521
v -0.141739 -0.018711 0.431644
v 0.056917 -0.129660 -0.462147
v 0.006486 -0.061423 0.152488
v 0.006486 -0.061423 0.152488
v 0.138326 0.056563 -0.118484
v 0.138326 0.056563 -0.118484
v 0.073302 0.097528 0.466585
v 0.080470 0.055245 -0.018536
v 0.016726 -0.158803 0.222064
v 0.085846 -0.096726 -0.388360
v 0.021590 -0.148520 0.051515
v 0.021590 -0.148520 0.051515
v 0.021590 -0.148520 0.051515
v 0.021590 -0.148520 0.051515
v -0.043434 -0.129794 0.256127
v 0.087894 -0.020939 0.166914
v -0.101034 -0.039764 0.496642
v 0.036182 -0.043628 0.293087
v 0.036182 -0.043628 0.293087
v -0.094122 0.130171 0.161958
v -0.028586 -0.147321 0.040029
v -0.028586 -0.147321 0.040029
v -0.028586 -0.147321 0.040029
v 0.041302 0.185116 -0.094744
v -0.086698 0.104120 -0.157329
v -0.086698 0.104120 -0.157329
v 0.048214 0.161802 0.251675
v 0.116566 0.123663 0.331689
v -0.076202 -0.178166 0.083490
v -0.140202 0.002875 0.494283
v -0.008618 -0.228058 -0.005798
v -0.007850 -0.138888 0.196517
v -0.007850 -0.138888 0.196517
v 0.057942 -0.188865 0.054414
v -0.006826 -0.171462 -0.232802
v -0.064169 0.011096 0.050501
v 0.067671 -0.034169 -0.128986
v 0.067671 -0.034169 -0.128986
v -0.062889 -0.129463 -0.084270
v -0.124841 -0.040456 0.433865
v -0.118953 0.030135 0.313832
v -0.118953 0.030135 0.313832
v 0.031319 0.018330 -0.319932
v 0.031319 0.018330 -0.319932
v 0.036439 0.168106 0.252282
v 0.040023 -0.059633 -0.010091
v -0.086697 0.001620 0.238370
v -0.086697 0.001620 0.238370
v -0.216745 -0.139921 0.141224
v 0.055127 0.154607 -0.113464
v -0.000937 -0.041835 -0.302124
v -0.000937 -0.041835 -0.302124
v 0.084568 0.081243 -0.090021
v 0.021336 -0.076135 0.387814
v 0.092760 0.132303 0.278252
v 0.030040 0.118815 0.091217
v -0.100008 -0.066782 -0.425997
v -0.033448 0.159074 -0.071041
v -0.033448 0.159074 -0.071041
v -0.228520 -0.140514 0.142980
v 0.038488 0.058790 0.438623
v 0.038488 0.058790 0.438623
v -0.023208 -0.010735 0.075183
v -0.284584 -0.144494 0.094116
v 0.043864 -0.066058 0.384254
v -0.020904 -0.011385 0.474250
v 0.110424 0.025980 0.224402
v -0.016552 0.040928 -0.400429
v -0.081320 -0.114370 -0.427165
v 0.052056 0.171810 0.221610
v -0.077736 -0.009211 0.147576
v -0.077736 -0.009211 0.147576
v 0.119128 0.063319 0.222000
v 0.054872 -0.079130 0.238006
v 0.120920 0.162809 0.402153
v -0.009896 0.106401 0.382566
v 0.056920 0.118248 -0.086043
v 0.063320 -0.092255 -0.489049
v -0.062119 -0.201030 0.103288
v 0.073561 0.139663 0.147861
v -0.056743 -0.002720 -0.097921
v -0.055207 -0.065890 0.207699
v 0.010585 -0.012104 0.474278
v -0.050343 0.212884 0.392897
v 0.015449 0.169638 0.155391
v 0.086617 0.062973 -0.094185
v -0.044455 -0.057207 0.359286
v -0.043687 0.234737 0.456398
v 0.031321 0.130806 -0.260593
v -0.033191 0.127599 0.465199
v 0.033369 0.172638 0.258023
v 0.035161 -0.089140 -0.272668
v -0.158631 0.020249 0.430188
v 0.040281 0.162124 0.026072
v 0.042585 -0.011887 -0.103050
v 0.251737 -0.127002 0.120798
v -0.136615 0.090186 -0.125725
v -0.136615 0.090186 -0.125725
v -0.004775 0.141552 0.020027
v -0.067751 0.118624 -0.002217
v -0.001959 -0.175710 -0.274497
v -0.001959 -0.175710 -0.274497
v -0.062374 -0.134872 0.047560
v 0.068954 0.036221 0.006888
v 0.068954 0.036221 0.006888
v 0.068954 0.036221 0.006888
v 0.068954 0.036221 0.006888
v 0.083290 0.194402 0.499015
v 0.018778 0.101144 -0.256340
v -0.111014 -0.050147 0.133935
v -0.111014 -0.050147 0.133935
v -0.107686 0.065384 0.250445
v -0.107430 0.016908 0.473277
v -0.031910 -0.022476 -0.333136
v 0.042074 0.024833 -0.379856
v 0.042074 0.212016 0.495680
v -0.020390 -0.036828 -0.096372
v -0.016038 0.170187 -0.042961
v -0.080550 0.133020 0.147147
v 0.057178 0.110233 -0.135372
v 0.057178 0.110233 -0.135372
v 0.257114 -0.131051 0.143719
v -0.069798 -0.082807 0.431526
v 0.000859 -0.140562 -0.479902
v -0.060837 -0.238402 0.142586
v -0.125349 0.050569 -0.146534
v 0.071515 -0.083890 -0.032071
v -0.110757 0.144029 -0.111651
v -0.039333 0.173432 0.270568
v -0.039077 -0.054749 0.196361
v -0.034981 0.164401 -0.052909
v -0.034981 0.164401 -0.052909
v 0.101723 -0.018520 0.061657
v -0.094373 0.087119 -0.158857
v -0.094373 0.087119 -0.158857
v -0.094373 0.087119 -0.158857
v 0.107355 -0.147222 0.143061
v 0.051291 -0.129573 0.268122
v 0.059739 -0.110573 0.181074
v 0.059739 -0.110573 0.181074
v 0.059995 -0.131079 -0.088714
v 0.001628 -0.131466 -0.358437
v 0.001628 -0.131466 -0.358437
v 0.072540 0.006358 -0.019448
v 0.072540 0.006358 -0.019448
v -0.123556 0.063936 0.306255
v -0.057252 -0.115888 -0.126049
v -0.119716 0.099715 -0.095480
v 0.078940 0.046256 -0.103759
v -0.115108 0.101166 0.221107
v -0.115108 0.101166 0.221107
v -0.049316 0.004530 0.039914
v -0.113316 -0.021835 -0.103769
v 0.021340 -0.139842 0.198187
v 0.283996 -0.144822 0.156211
v -0.108708 0.092971 0.261658
v -0.094884 -0.025452 -0.403384
v 0.170332 -0.175795 0.107096
v -0.025252 -0.161337 0.249207
v 0.106332 -0.039947 0.496861
v -0.021668 0.120516 0.452549
v -0.085924 -0.146113 0.157144
v -0.018340 0.103626 0.382456
v -0.018340 0.103626 0.382456
v -0.018340 0.103626 0.382456
v -0.018340 0.103626 0.382456
v -0.011684 0.147775 0.471468
v 0.059740 -0.145970 0.194731
v -0.000932 0.177462 0.053264
v -0.000676 0.146437 0.015176
v -0.058275 0.094977 0.060099
v -0.111011 -0.040791 0.420262
v -0.110243 0.077599 0.224786
v -0.110243 0.077599 0.224786
v -0.110243 0.077599 0.224786
v -0.038307 0.169520 0.256649
v 0.027485 0.025237 0.422046
v -0.102051 0.118450 0.276814
v -0.034979 -0.015603 -0.105467
v 0.031837 -0.117057 -0.345473
v -0.026531 0.166702 0.147658
v -0.026531 -0.147881 0.050770
v -0.026531 -0.147881 0.050770
v -0.021411 -0.157120 -0.266171
v -0.021411 -0.157120 -0.266171
v 0.044381 -0.057631 -0.194380
v 0.044381 -0.057631 -0.194380
v 0.045405 0.214075 0.392118
v 0.045405 -0.059434 0.354242
v 0.066910 0.097650 -0.012008
v 0.003934 -0.046547 0.161286
v 0.003934 -0.046547 0.161286
v -0.061602 0.105259 -0.198084
v -0.061602 0.105259 -0.198084
v 0.077150 0.173995 0.329918
v 0.077150 0.173995 0.329918
v 0.015454 0.044732 -0.271991
v 0.015966 -0.152347 -0.410461
v 0.019294 -0.074431 -0.221449
v 0.019806 0.195384 0.485147
v 0.086110 -0.185630 0.102730
v 0.024926 0.129585 -0.057118
v 0.024926 0.129585 -0.057118
v 0.025950 0.035940 -0.347350
v -0.086946 -0.117205 0.268128
v 0.112222 0.109298 -0.147826
v 0.113246 -0.075684 0.192907
v 0.049502 -0.033934 0.161754
v -0.080290 0.092214 -0.089410
v -0.145570 0.099458 0.496943
v -0.012962 -0.013630 -0.096494
v -0.012962 -0.013630 -0.096494
v -0.012962 -0.013630 -0.096494
v -0.012962 -0.013630 -0.096494
v -0.075682 -0.113322 0.119151
v -0.075682 -0.113322 0.119151
v -0.009890 0.017907 -0.489892
v -0.007842 -0.157537 0.051501
v -0.007842 -0.157537 0.051501
v 0.059742 0.172570 0.471170
v 0.063838 -0.007678 -0.361682
v 0.063838 -0.007678 -0.361682
v -0.001186 -0.159569 0.220376
v -0.001186 -0.159569 0.220376
v 0.000095 -0.056534 0.315463
v 0.000095 -0.056534 0.315463
v 0.000095 -0.056534 0.315463
v 0.000095 -0.056534 0.315463
v -0.259489 -0.131362 0.141406
v 0.071519 0.164724 0.295706
v 0.088159 -0.074530 -0.052059
v 0.094303 0.135474 0.281265
v 0.030303 0.093536 0.446378
v -0.033953 -0.006470 0.113989
v -0.031393 -0.150484 -0.267886
v 0.034399 0.156441 -0.070486
v -0.030113 0.038574 -0.405980
v -0.092833 0.015514 -0.122304
v -0.023457 -0.173416 -0.299420
v 0.109663 -0.096496 0.232827
v -0.021153 0.144671 0.475631
v -0.018593 -0.133653 -0.232065
v -0.083105 -0.053487 0.032925
v -0.083105 -0.053487 0.032925
v -0.083105 -0.053487 0.032925
v -0.083105 -0.053487 0.032925
v -0.083105 -0.053487 0.032925
v -0.080033 -0.043290 0.491036
v 0.118367 0.057391 0.474469
v 0.057183 -0.232514 0.089733
v 0.057183 -0.232514 0.089733
v 0.057183 -0.232514 0.089733
v 0.057183 -0.232514 0.089733
v -0.007585 0.124692 -0.056366
v 0.058463 -0.028127 -0.346462
v 0.058463 -0.028127 -0.346462
v 0.069472 -0.008295 -0.147489
v 0.069472 -0.008295 -0.147489
v 0.136800 0.141421 0.405206
v 0.071520 0.061380 0.055764
v 0.071520 0.061380 0.055764
v 0.072032 -0.124668 -0.427945
v 0.075104 -0.013443 0.252888
v 0.075104 -0.013443 0.252888
v 0.207968 -0.165333 0.103675
v -0.046240 -0.115500 -0.195563
v -0.046240 -0.115500 -0.195563
v 0.085600 -0.132283 0.147836
v 0.085856 -0.123731 0.127400
v 0.085856 -0.123731 0.127400
v 0.021344 0.174707 0.167561
v 0.021344 0.174707 0.167561
v -0.041888 -0.056493 0.354288
v -0.032928 -0.117711 -0.490013
v 0.098912 0.011785 0.161722
v -0.095392 0.063874 -0.180425
v -0.028320 0.102616 0.441311
v 0.044640 -0.082186 -0.197857
v -0.085664 -0.020245 -0.095744
v -0.085664 -0.020245 -0.095744
v 0.053856 0.091269 0.449973
v -0.070816 0.067935 0.147464
v -0.070816 0.067935 0.147464
v 0.062304 0.032703 -0.208283
v 0.065376 -0.001768 0.070869
v 0.066145 0.028866 0.051196
v 0.131681 0.063109 0.337532
v -0.057759 0.094479 0.147028
v -0.057759 0.094479 0.147028
v 0.010337 -0.013630 0.469693
v -0.051871 -0.002426 0.475255
v 0.080993 -0.092320 0.144607
v -0.044703 0.018552 -0.211059
v 0.022369 0.033324 -0.476365
v 0.089697 -0.041574 0.218364
v 0.024929 -0.142069 0.199734
v 0.027489 -0.087243 -0.246603
v -0.100255 0.002063 -0.056056
v -0.100255 0.002063 -0.056056
v 0.229217 -0.132113 0.124837
v -0.031903 -0.085759 -0.249757
v -0.031903 -0.128204 -0.261276
v 0.103521 -0.011489 0.346909
v -0.158367 0.124485 0.486395
v 0.105057 -0.024132 0.130649
v 0.043105 -0.144832 -0.080647
v 0.044129 0.056809 0.441930
v 0.044129 0.056809 0.441930
v -0.085663 -0.018184 -0.014097
v -0.085663 -0.018184 -0.014097
v 0.111457 0.115158 0.303633
v -0.015519 0.146347 0.070249
v -0.013215 -0.144533 -0.248472
v -0.009119 0.110212 0.441442
v -0.072095 0.055052 0.084709
v 0.060001 -0.084223 -0.037446
v 0.258913 -0.137079 0.102707
v -0.003231 0.001329 0.450409
v -0.003231 0.001329 0.450409
v 0.130657 0.113094 0.355235
v 0.130657 0.113094 0.355235
v 0.002402 -0.191064 0.049948
v 0.002402 -0.191064 0.049948
v 0.002402 -0.191064 0.049948
v 0.005218 -0.043681 0.147743
v 0.005218 -0.043681 0.147743
v 0.074594 -0.036911 0.196201
v 0.074594 -0.036911 0.196201
v -0.049054 -0.075656 -0.170861
v -0.049054 -0.075656 -0.170861
v 0.083554 -0.063135 0.419854
v 0.021090 -0.137888 0.263331
v -0.044446 0.129581 -0.190337
v 0.027490 0.023262 -0.322008
v -0.037534 0.108614 -0.213496
v 0.093794 -0.106146 0.266228
v -0.034462 0.043151 0.382543
v -0.161694 -0.178166 0.108920
v -0.028830 -0.144095 -0.386465
v 0.235362 -0.141442 0.145488
v 0.042338 -0.058572 0.367807
v 0.109154 -0.139962 0.115895
v 0.109154 -0.139962 0.115895
v 0.109154 0.025476 0.162282
v 0.053602 -0.145836 0.208875
v -0.077470 0.144541 0.224463
v -0.077470 0.144541 0.224463
v -0.132766 0.003510 0.496568
v 0.002147 0.005524 -0.297122
v -0.058781 0.056931 0.450308
v 0.146275 0.044898 0.498544
v -0.045213 -0.072116 -0.336724
v 0.022115 -0.176727 -0.294045
v 0.022115 -0.176727 -0.294045
v 0.026467 0.138155 -0.188241
v -0.104605 -0.001369 0.485770
v -0.104605 -0.001369 0.485770
v -0.103069 -0.177999 0.115108
v -0.101789 -0.049617 0.421171
v -0.031901 -0.083752 -0.330175
v -0.031901 -0.083752 -0.330175
v 0.100963 -0.017634 0.144649
v -0.085661 -0.021663 0.066992
v -0.085661 -0.021663 0.066992
v -0.085661 -0.021663 0.066992
v 0.047203 0.001977 0.464702
v -0.072093 0.059483 0.055323
v -0.072093 0.059483 0.055323
v -0.070813 0.020828 -0.108999
v 0.062819 -0.119408 -0.067156
v -0.067485 0.213173 0.419396
v 0.009060 0.110876 0.382757
v 0.009060 0.110876 0.382757
v -0.120732 0.062547 0.305105
v 0.010596 -0.156230 -0.207648
v -0.052892 -0.037139 -0.133522
v -0.052892 -0.037139 -0.133522
v 0.082532 -0.089698 0.015559
v 0.082532 -0.089698 0.015559
v -0.109980 -0.158355 0.103467
v -0.109980 -0.158355 0.103467
v 0.025188 0.120361 0.091886
v -0.034460 -0.060632 0.149670
v 0.040036 -0.072653 0.386142
v -0.078492 0.004477 -0.179124
v 0.059748 -0.078083 -0.060305
v 0.059748 -0.078083 -0.060305
v 0.060004 -0.117080 -0.090746
v -0.001180 0.125152 -0.204651
v -0.001180 0.125152 -0.204651
v -0.001180 0.125152 -0.204651
v -0.058523 -0.224882 0.077953
v -0.058523 -0.224882 0.077953
v -0.058523 -0.224882 0.077953
v 0.079717 0.100361 0.078718
v 0.086117 -0.014131 -0.028628
v -0.043675 0.004786 0.461114
v 0.087909 -0.067421 -0.480079
v -0.107163 -0.004407 -0.045447
v -0.107163 -0.004407 -0.045447
v 0.026725 0.238831 0.487356
v -0.035995 0.167437 0.251380
v -0.035995 0.167437 0.251380
v 0.096869 -0.128937 0.239754
v 0.096869 0.142423 -0.138638
v 0.032357 0.154024 -0.099203
v 0.102501 0.007081 -0.142798
v 0.102501 0.007081 -0.142798
v 0.042597 -0.053255 0.342929
v 0.108133 0.066288 0.235905
v 0.108133 0.066288 0.235905
v -0.021147 -0.055532 0.486684
v -0.021147 -0.055532 0.486684
v -0.021147 -0.055532 0.486684
v -0.151963 0.098178 0.405666
v 0.061797 -0.166847 0.171098
v 0.061797 -0.166847 0.171098
v -0.069019 -0.008581 -0.176241
v -0.069019 -0.008581 -0.176241
v -0.069019 0.019186 0.474992
v -0.196506 -0.132692 0.118308
v 0.068198 -0.139384 0.209912
v -0.053658 -0.055824 -0.134659
v -0.053658 -0.055824 -0.134659
v 0.015718 -0.171407 0.050720
v 0.015718 -0.171407 0.050720
v 0.147046 0.072174 0.383236
v -0.045722 -0.023653 -0.176907
v -0.045722 -0.023653 -0.176907
v -0.045722 -0.023653 -0.176907
v 0.088678 0.079142 -0.007249
v 0.088678 0.079142 -0.007249
v -0.040090 0.086119 0.441592
v -0.101530 0.002072 -0.056044
v -0.101530 0.002072 -0.056044
v -0.035226 0.084417 0.445226
v 0.105318 -0.008725 -0.036745
v 0.105318 -0.008725 -0.036745
v 0.042086 -0.056741 -0.214499
v 0.042086 -0.056741 -0.214499
v 0.042086 -0.056741 -0.214499
v 0.042086 -0.056741 -0.214499
v -0.079770 0.058325 -0.135522
v -0.079770 0.058325 -0.135522
v -0.143514 0.157693 0.431817
v -0.143514 0.157693 0.431817
v -0.010906 -0.232384 -0.023688
v -0.010650 0.120326 0.447286
v 0.253542 -0.155258 0.097531
v 0.057190 0.094644 -0.064178
v 0.125542 0.065401 0.323713
v 0.060518 0.154853 -0.081555
v 0.127846 0.126081 0.493421
v -0.068762 -0.025109 0.273877
v -0.000410 0.190128 0.196459
v 0.000359 -0.099000 0.486332
v 0.000359 -0.099000 0.486332
v 0.066407 0.082111 -0.014621
v 0.074087 0.143824 -0.113988
v 0.016743 0.128149 -0.006924
v 0.016743 0.128149 -0.006924
v 0.085863 -0.121851 0.200744
v 0.085863 -0.121851 0.200744
v -0.044697 0.068991 0.382844
v -0.044697 0.068991 0.382844
v -0.043161 -0.132852 0.266248
v -0.040345 0.121426 -0.244645
v -0.105625 0.145594 0.332209
v -0.105625 0.145594 0.332209
v -0.037273 -0.096171 -0.216146
v 0.095847 0.010784 0.147389
v -0.099993 0.022786 -0.098224
v -0.032409 -0.023884 0.053579
v 0.036967 -0.049968 -0.219149
v 0.036967 -0.049968 -0.219149
v 0.105319 0.156657 0.362378
v -0.025753 0.119947 0.020309
v -0.090521 -0.000060 -0.113036
v -0.153753 0.077872 0.405794
v -0.153753 0.077872 0.405794
v -0.020633 0.026689 -0.294653
v -0.020633 0.026689 -0.294653
v 0.051559 0.179232 -0.125440
v 0.051559 0.179232 -0.125440
v 0.051559 0.130951 0.475894
v -0.012697 0.145088 0.015437
v 0.120167 -0.019161 -0.070430
v 0.120167 -0.019161 -0.070430
v -0.007065 -0.198102 -0.072618
v -0.002969 -0.037380 -0.500000
v 0.002664 -0.167637 -0.252913
v -0.257688 -0.140994 0.098913
v -0.257688 -0.140994 0.098913
v 0.072552 0.145687 0.162171
v 0.074344 -0.053052 -0.489774
v 0.076136 -0.205198 0.126399
v 0.078440 -0.020545 -0.484833
v 0.145768 0.023596 0.400804
v 0.151400 0.139601 0.431043
v 0.151400 0.139601 0.431043
v -0.044440 0.057131 0.382711
v 0.021864 0.121241 -0.057156
v 0.087912 -0.140789 0.137729
v 0.087912 -0.140789 0.137729
v -0.102040 0.019241 0.258321
v -0.102040 0.019241 0.258321
v -0.102040 0.019241 0.258321
v -0.035992 -0.091203 -0.278872
v 0.033896 0.117112 0.147450
v 0.033896 0.117112 0.147450
v -0.089240 0.213061 0.442751
v -0.154264 0.069587 0.494838
v 0.042600 -0.139099 0.199858
v -0.077976 0.079694 0.086569
v -0.011416 -0.200132 -0.077422
v 0.061288 -0.115689 -0.125467
v 0.064104 0.157585 0.161910
v 0.064104 0.157585 0.161910
v 0.130920 -0.183366 0.126141
v 0.005225 -0.153569 -0.199808
v -0.060311 -0.108305 0.178545
v 0.071273 0.109207 0.475023
v -0.059031 -0.158560 0.198873
v 0.012649 0.037308 -0.386385
v 0.012649 0.037308 -0.386385
v -0.052375 0.007691 0.147579
v -0.052375 0.007691 0.147579
v -0.115351 0.064370 0.162451
v -0.109463 0.100298 0.162621
v 0.089961 -0.007119 -0.447275
v 0.089961 0.151500 -0.082123
v -0.038295 -0.039781 -0.217410
v -0.031895 -0.120934 -0.347667
v 0.040297 -0.144851 0.203569
v -0.087959 -0.018405 0.011666
v -0.087959 -0.018405 0.011666
v -0.022167 -0.014857 0.470371
v 0.109161 0.049883 0.224731
v -0.087447 -0.074361 -0.479834
v 0.046441 0.137808 -0.181990
v 0.046441 0.137808 -0.181990
v -0.078743 -0.047623 -0.047409
v -0.078743 -0.047623 -0.047409
v -0.001687 0.143358 -0.061992
v 0.080234 0.156515 -0.135294
v -0.115350 0.054276 0.278320
v 0.021098 0.172552 -0.019636
v 0.021098 0.172552 -0.019636
v -0.109974 -0.171771 0.144645
v -0.102806 0.098523 0.240025
v -0.035990 -0.123177 -0.359465
v -0.035990 -0.123177 -0.359465
v 0.031082 0.122797 -0.268712
v 0.031082 0.122797 -0.268712
v 0.031082 0.122797 -0.268712
v -0.230550 -0.159013 0.149084
v -0.028566 0.002548 0.456042
v -0.152470 0.063267 0.401271
v -0.152470 0.063267 0.401271
v -0.019094 -0.055779 -0.219871
v -0.019094 -0.055779 -0.219871
v -0.019094 -0.055779 -0.219871
v 0.115306 0.064119 0.162879
v 0.115818 0.054598 0.280976
v -0.074134 -0.037320 -0.356499
v 0.253802 -0.170982 0.099447
v -0.072854 0.006641 -0.019534
v -0.058773 -0.116434 -0.108018
v -0.189077 -0.170240 0.147263
v 0.016747 -0.157412 -0.252609
v -0.109973 0.020569 0.288213
v -0.109973 0.020569 0.288213
v 0.167275 0.071863 0.432467
v -0.088213 -0.137220 0.124067
v -0.020885 0.093511 -0.287044
v -0.020885 0.093511 -0.287044
v -0.020885 0.093511 -0.287044
v -0.019605 -0.124676 -0.230562
v -0.016533 -0.039608 0.239710
v 0.051051 -0.032423 -0.137737
v 0.051051 -0.032423 -0.137737
v 0.051051 -0.032423 -0.137737
v -0.010901 0.102092 -0.250089
v -0.010901 -0.170796 -0.271824
v -0.010901 -0.170796 -0.271824
v -0.002709 -0.165496 0.035397
v -0.002709 -0.165496 0.035397
v -0.002709 -0.165496 0.035397
v -0.000917 -0.053687 0.171730
v -0.000917 -0.053687 0.171730
v 0.130667 -0.181054 0.114208
v 0.067692 0.102035 0.060876
v 0.067692 0.102035 0.060876
v 0.070252 -0.149089 0.243022
v -0.059028 -0.125690 0.268626
v -0.121492 0.059775 0.308884
v 0.012140 0.182108 0.177830
v -0.051348 0.006686 -0.029302
v -0.051348 0.006686 -0.029302
v -0.105620 0.200221 0.487610
v 0.093036 -0.010791 0.314836
v -0.036500 -0.079592 0.407370
v -0.030356 0.183785 -0.062049
v -0.030356 0.183785 -0.062049
v 0.036204 0.172005 0.162192
v 0.036204 0.172005 0.162192
v 0.107628 0.091692 0.258503
v -0.019348 -0.136392 -0.258884
v 0.051564 -0.124282 -0.480076
v -0.077460 -0.060379 0.079166
v -0.077460 -0.060379 0.079166
v -0.010900 -0.058065 -0.281010
v 0.129132 0.003909 -0.109803
v -0.059795 -0.143865 0.018734
v -0.059795 -0.143865 0.018734
v 0.005997 -0.221846 -0.083173
v 0.139373 0.047865 -0.127724
v 0.139373 0.047865 -0.127724
v 0.020845 0.052412 -0.326636
v 0.020845 0.052412 -0.326636
v 0.283501 -0.192556 0.120209
v -0.041107 0.122978 0.465250
v -0.105875 -0.106043 0.242128
v -0.039571 -0.042835 0.284185
v -0.039571 -0.042835 0.284185
v -0.035731 0.027390 -0.480060
v -0.033427 0.126711 -0.086706
v -0.098451 -0.033221 -0.425859
v -0.031891 0.016770 -0.320156
v -0.031379 -0.053194 0.320633
v -0.150163 0.024520 0.419653
v 0.113773 0.115534 -0.093210
v -0.082323 0.023470 -0.001453
v -0.082323 0.023470 -0.001453
v -0.082323 0.023470 -0.001453
v -0.082323 0.023470 -0.001453
v -0.007571 0.076912 -0.308598
v 0.060525 0.121341 -0.067137
v 0.060525 0.121341 -0.067137
v 0.061805 -0.113846 0.134600
v -0.057490 0.035445 0.461205
v 0.010094 -0.143711 -0.102410
v -0.118418 0.046973 -0.150057
v -0.052370 -0.127715 -0.474591
v -0.112530 -0.020082 -0.052121
v -0.112530 -0.020082 -0.052121
v -0.046226 -0.005710 0.048216
v -0.107154 0.086822 -0.095977
v -0.041106 0.186750 0.323893
v -0.041106 0.186750 0.323893
v 0.093806 0.117814 -0.117334
v -0.036498 -0.040450 0.161371
v 0.029550 0.035403 0.382529
v 0.040046 0.116014 -0.059457
v 0.108142 0.179013 0.402237
v -0.284306 -0.138200 0.152941
v -0.015506 0.164929 -0.187840
v -0.073874 0.008037 -0.008437
v 0.064878 -0.038655 0.485239
v 0.065647 0.007858 -0.379828
v 0.065647 0.007858 -0.379828
v 0.070767 -0.066821 -0.352697
v 0.075631 0.035461 -0.022208
v -0.053393 -0.147980 0.262332
v 0.079983 -0.092101 0.261725
v -0.049041 -0.146166 -0.021702
v 0.082287 -0.112735 -0.446735
v -0.046993 0.039155 0.453034
v 0.084335 0.069553 0.470950
v -0.041105 -0.009502 0.470980
v -0.105361 0.099859 0.225398
v -0.105361 0.099859 0.225398
v 0.096879 0.109064 0.147293
v -0.028561 0.026361 0.382344
v -0.093073 -0.107664 0.266758
v 0.039023 0.183826 0.196120
v 0.041071 -0.035884 -0.094090
v 0.041071 -0.035884 -0.094090
v -0.022417 0.106853 0.441063
v 0.045167 0.207544 0.390868
v -0.013201 0.183635 -0.129456
v -0.013201 0.183635 -0.129456
v -0.013201 0.183635 -0.129456
v -0.076433 -0.146097 0.237442
v 0.122479 0.148044 0.383369
v 0.123503 -0.012993 0.401653
v 0.124015 0.088515 0.484955
v 0.059759 0.027521 -0.446052
v 0.070768 0.018224 -0.447783
v 0.072048 -0.043010 -0.353664
v 0.077168 0.219479 0.487311
v 0.147056 0.046008 0.394624
v 0.147056 0.046008 0.394624
v -0.049040 -0.089753 0.430664
v -0.239760 -0.144228 0.103223
v -0.239760 -0.144228 0.103223
v 0.088944 -0.028108 0.190230
v 0.088944 -0.028108 0.190230
v -0.099728 -0.078373 0.071539
v -0.099728 -0.078373 0.071539
v 0.102256 0.073444 -0.130731
v 0.042864 -0.095142 -0.209617
v 0.042864 -0.095142 -0.209617
v 0.046448 -0.016877 -0.023882
v 0.111984 -0.144780 0.106909
v -0.082064 0.141508 0.162187
v -0.013968 -0.194302 0.018809
v -0.013968 -0.194302 0.018809
v 0.058736 -0.134507 -0.409259
v -0.000400 0.172347 0.158384
v 0.199025 -0.134825 0.130343
v 0.135281 -0.005581 0.415016
v 0.135281 -0.005580 0.415016
v 0.135281 -0.006031 0.415867
v 0.004465 -0.236985 -0.041182
v -0.119183 -0.048244 0.434787
v -0.048527 0.164370 0.224449
v -0.048527 0.164370 0.224449
v 0.085105 -0.086374 -0.007495
v -0.041359 0.184142 -0.121296
v -0.041359 0.184142 -0.121296
v 0.040561 -0.058367 0.344578
v 0.107377 0.084269 -0.096150
v 0.045425 -0.151211 0.214779
v -0.012943 0.170164 0.157301
v -0.011151 0.001169 0.451082
v -0.139407 0.063030 -0.121921
v -0.006799 0.156908 -0.204990
v -0.006799 0.156908 -0.204990
v -0.202383 -0.178526 0.136189
v -0.202383 -0.178526 0.136189
v 0.060529 -0.121847 0.268324
v -0.135055 -0.159785 0.102211
v -0.135055 -0.159785 0.102211
v 0.062833 0.008749 0.050051
v -0.000399 0.197959 0.485107
v 0.071538 0.056024 0.084600
v -0.057998 -0.122498 0.266709
v 0.007794 0.124947 -0.006151
v 0.007794 0.124947 -0.006151
v 0.081266 -0.045441 0.364266
v 0.017010 0.131598 -0.085450
v -0.035470 0.037377 -0.426008
v -0.100750 0.030030 -0.080813
v -0.035214 0.175616 0.280591
v -0.034446 0.111424 -0.209086
v -0.034446 0.111424 -0.209086
v -0.034446 0.111424 -0.209086
v -0.099726 -0.062319 0.489317
v 0.038002 0.171844 0.264630
v -0.027534 0.119846 0.091129
v -0.092558 -0.069657 -0.383605
v 0.110450 0.056257 0.258599
v -0.086158 -0.126954 0.138017
v -0.086158 -0.126954 0.138017
v 0.051314 0.162384 -0.061257
v -0.076942 -0.130693 0.161009
v -0.076174 0.032006 -0.131747
v -0.076174 0.032006 -0.131747
v -0.136846 0.073504 -0.119815
v 0.061298 -0.122822 0.097946
v -0.061069 -0.111343 0.047647
v -0.061069 -0.111343 0.047647
v 0.007795 -0.214931 0.011633
v -0.048013 -0.063395 -0.197470
v -0.112525 0.057389 0.263995
v 0.022131 -0.177941 -0.284972
v 0.022131 -0.177941 -0.284972
v -0.173965 -0.150117 0.149019
v 0.092787 -0.016212 0.314183
v -0.033933 0.141886 0.072526
v 0.098675 -0.025940 0.358916
v -0.031885 -0.162270 -0.289120
v 0.036467 0.161371 0.147450
v -0.028557 0.026339 0.431969
v -0.028045 0.128653 -0.256322
v -0.028045 0.128653 -0.256322
v -0.027533 -0.121167 -0.254114
v 0.040051 -0.091245 -0.339810
v 0.107635 0.067985 0.147347
v 0.042611 -0.000771 0.147598
v 0.044147 0.233944 0.431516
v -0.084109 -0.096010 -0.466724
v -0.081549 -0.085772 0.258427
v 0.117875 -0.013384 0.377444
v -0.077453 0.141020 0.161717
v 0.061299 -0.148307 0.061561
v 0.061299 -0.148307 0.061561
v 0.061555 0.102771 -0.199154
v 0.000628 -0.158403 0.198801
v 0.000628 -0.158403 0.198801
v 0.003700 0.173866 -0.186982
v 0.072052 0.145340 -0.083788
v 0.011380 -0.166425 -0.255223
v 0.153460 0.078216 0.406083
v -0.172172 -0.165456 0.149018
v -0.040588 -0.047529 0.317409
v -0.034956 0.179254 0.281855
v -0.034956 0.179254 0.281855
v -0.230284 -0.173280 0.106359
v 0.101492 0.100805 -0.095174
v 0.101492 0.100805 -0.095174
v -0.027532 0.123433 -0.245133
v 0.039540 0.139838 0.069916
v -0.025996 0.024293 -0.486069
v -0.085644 -0.014597 0.288119
v -0.085644 -0.014597 0.288119
v 0.115316 -0.068948 0.199729
v -0.144780 -0.173845 0.106081
v -0.139660 0.052545 -0.128693
v 0.060020 -0.218896 0.084736
v 0.000117 -0.164282 0.240609
v 0.000117 -0.164282 0.240609
v -0.059787 0.016713 0.003167
v -0.059787 0.016713 0.003167
v -0.059787 0.016713 0.003167
v -0.059787 0.016713 0.003167
v -0.059787 0.016713 0.003167
v 0.007797 -0.021564 -0.104460
v 0.007797 -0.021564 -0.104460
v 0.007797 -0.021564 -0.104460
v -0.057739 0.096440 -0.014391
v -0.057739 0.096456 -0.015241
v -0.057227 0.109258 -0.206878
v 0.012405 0.146023 0.475668
v 0.012405 0.146023 0.475668
v 0.081013 -0.091552 0.108298
v 0.081013 -0.091552 0.108298
v -0.048523 0.103976 -0.244966
v 0.091765 0.119866 -0.122473
v 0.091765 0.119866 -0.122473
v 0.094069 -0.040780 -0.388135
v 0.031861 -0.015837 -0.304637
v 0.031861 -0.015837 -0.304637
v -0.226699 -0.131305 0.128134
v 0.041333 0.196063 0.353142
v -0.087179 0.102603 -0.177517
v 0.109685 0.016583 0.299398
v 0.109685 0.016583 0.299398
v -0.019851 0.071083 -0.309580
v 0.050549 0.104497 -0.010316
v -0.080011 -0.064135 -0.361173
v -0.014219 0.159539 0.474619
v -0.014219 0.159539 0.474619
v -0.010635 -0.167978 0.037623
v -0.010123 0.172149 -0.031400
v -0.137355 0.035340 -0.124786
v 0.126069 0.040391 -0.087895
v -0.061834 -0.117132 -0.125596
v 0.008822 -0.182155 -0.117463
v -0.053130 0.149489 0.474727
v 0.017782 0.157380 -0.114584
v 0.086646 -0.064406 0.245084
v -0.105098 -0.180858 0.132689
v -0.031882 -0.104540 -0.338722
v 0.044406 -0.128512 0.256509
v -0.015754 -0.166027 0.050515
v -0.015754 -0.166027 0.050515
v -0.080266 0.199005 0.498152
v -0.080266 0.199005 0.498152
v 0.058230 0.126896 0.082773
v -0.131210 -0.176459 0.141848
v 0.000375 0.177466 0.096875
v -0.061065 -0.119704 0.189829
v -0.060809 -0.130843 -0.085658
v 0.004983 -0.180275 -0.200937
v 0.013687 -0.148431 0.265352
v 0.013687 0.228255 0.494989
v 0.079223 -0.060184 0.119249
v -0.116617 0.170062 0.403867
v 0.080759 0.099238 0.471450
v 0.277367 -0.175121 0.158142
v 0.277367 -0.175121 0.158142
v -0.115593 -0.070894 0.202635
v 0.082039 -0.014328 0.276586
v 0.082039 -0.014328 0.276586
v 0.085623 0.101474 -0.179217
v -0.107913 -0.095716 0.212640
v -0.038793 0.058795 0.382587
v -0.038793 0.058795 0.382587
v -0.038793 0.058795 0.382587
v 0.094839 -0.012148 0.310274
v 0.094839 0.043178 -0.179548
v -0.030089 0.016451 0.448000
v 0.107639 0.067359 -0.095948
v 0.116087 0.000255 0.353626
v -0.133257 0.069519 0.348584
v -0.133257 0.069519 0.348584
v 0.130167 0.080041 0.336802
v 0.135032 -0.005580 0.414166
v -0.055688 0.170134 0.221116
v 0.075640 0.105167 0.011353
v 0.078456 -0.101970 0.267962
v -0.117128 -0.012411 0.381849
v 0.146552 0.076974 0.389609
v -0.049288 -0.059997 -0.164903
v -0.049288 -0.059997 -0.164903
v -0.049288 -0.059997 -0.164903
v -0.049288 -0.059997 -0.164903
v 0.086648 -0.022751 -0.071818
v -0.108168 0.159803 0.364671
v -0.030600 0.147952 -0.176933
v -0.095880 0.013695 -0.070113
v -0.028040 0.108600 -0.232937
v -0.086152 0.145852 -0.141772
v 0.051320 0.113410 -0.207537
v 0.051320 0.113410 -0.207537
v 0.051320 0.113410 -0.207537
v -0.013704 -0.213846 -0.052277
v -0.013704 -0.213846 -0.052277
v -0.071304 -0.027256 0.473519
v 0.061304 0.019930 0.143767
v 0.061304 0.019936 0.144618
v 0.061560 0.105864 -0.090784
v 0.066425 -0.024614 -0.102190
v 0.066425 -0.024614 -0.102190
v -0.061575 -0.034583 0.473488
v -0.192391 -0.159638 0.149353
v -0.059527 0.093665 -0.012158
v -0.057223 -0.121993 0.258354
v -0.054663 -0.156908 0.240883
v 0.014457 -0.181917 0.052864
v 0.080505 0.133386 -0.123978
v 0.080505 0.133386 -0.123978
v -0.045447 -0.091497 0.464727
v 0.024953 0.108355 0.444094
v -0.100487 0.027400 0.250644
v -0.100487 0.027400 0.250644
v -0.034183 0.012329 0.458455
v 0.040825 0.122423 0.465323
v -0.022663 -0.011359 0.147762
v -0.022663 -0.011359 0.147762
v 0.045177 -0.142986 -0.426638
v 0.045177 -0.142986 -0.426638
v 0.111737 -0.050681 -0.003399
v 0.111737 -0.050681 -0.003399
v 0.112505 -0.004014 0.489913
v -0.075911 0.142388 0.240107
v 0.000122 -0.144891 -0.378515
v -0.256902 -0.130456 0.142767
v -0.056966 0.035995 0.452337
v 0.019322 -0.096774 -0.246139
v -0.041606 -0.035210 -0.095182
v 0.093562 -0.019147 -0.426142
v -0.030854 0.005389 -0.209673
v -0.023686 0.118661 0.090526
v -0.014470 -0.138351 -0.243675
v -0.144006 -0.182466 0.132817
v -0.008070 0.190063 -0.063653
v 0.059258 0.093822 0.147515
v 0.129658 0.067777 0.338436
v -0.063621 -0.112428 -0.483480
v -0.059013 0.015903 -0.027470
v -0.058757 -0.236470 0.151848
v -0.058757 -0.236470 0.151848
v -0.057733 0.096457 -0.016091
v 0.013691 0.226594 0.415007
v 0.021115 0.079456 -0.268529
v 0.021115 0.079456 -0.268529
v 0.087931 0.056786 -0.082737
v -0.042885 -0.001071 0.147670
v -0.042885 -0.001071 0.147670
v -0.042885 -0.001071 0.147670
v 0.289403 -0.181645 0.123884
v -0.169349 -0.151651 0.100345
v 0.028283 0.038721 -0.402178
v 0.028283 0.038721 -0.402178
v -0.035205 0.043191 0.446525
v 0.031611 -0.093409 -0.266006
v 0.164475 -0.130511 0.121268
v -0.031109 -0.165876 -0.272890
v -0.030853 -0.124084 -0.256943
v -0.087941 -0.081120 -0.029875
v -0.018309 -0.125599 -0.184058
v -0.018309 -0.125599 -0.184058
v 0.115067 0.039234 -0.148600
v -0.146565 0.076865 0.388422
v 0.051067 0.048844 -0.215146
v 0.051067 0.048844 -0.215146
v -0.066693 -0.038165 0.485197
v -0.066693 -0.038165 0.485197
v -0.130948 0.061818 -0.104487
v 0.072828 0.169469 -0.071917
v 0.075900 0.085101 0.014484
v -0.050564 -0.083682 -0.184221
v 0.081788 -0.058182 0.096576
v 0.081788 -0.058182 0.096576
v 0.020604 0.089593 -0.267990
v -0.109188 0.184094 0.419228
v -0.041860 -0.001355 -0.031343
v -0.041860 -0.001355 -0.031343
v -0.107140 0.047623 0.147177
v -0.097924 0.072630 -0.158564
v -0.097924 0.072630 -0.158564
v -0.031876 -0.126034 -0.296267
v -0.031364 -0.101215 -0.313693
v -0.029828 0.019683 -0.364127
v -0.029828 0.019683 -0.364127
v -0.029316 -0.008778 0.094507
v 0.040316 0.057108 0.396862
v 0.040316 0.057108 0.396862
v 0.111228 0.021285 0.293293
v 0.111228 0.021285 0.293293
v -0.019588 -0.076621 -0.251786
v 0.047228 -0.069983 0.384624
v 0.054908 0.000480 -0.124998
v -0.000644 -0.040219 0.250730
v -0.000644 -0.040219 0.250730
v -0.000388 0.142155 0.464743
v -0.000388 0.142155 0.464743
v 0.070269 0.112260 -0.072512
v -0.060547 -0.108765 -0.010151
v -0.060547 -0.108765 -0.010151
v -0.060547 -0.108765 -0.010151
v -0.060547 -0.108765 -0.010151
v -0.122755 -0.015962 0.397186
v -0.053891 0.046052 -0.214173
v 0.020605 0.043842 -0.267858
v -0.044419 0.197054 0.365811
v -0.104323 0.147311 0.341036
v -0.104323 0.147311 0.341036
v 0.028285 -0.136612 -0.479106
v 0.028285 0.132221 -0.310494
v 0.029565 0.128628 -0.236691
v 0.029565 0.128628 -0.236691
v 0.114301 0.138793 -0.122304
v 0.114301 0.138793 -0.122304
v 0.055933 -0.143887 -0.083955
v -0.000131 -0.084662 0.406629
v 0.198270 -0.142418 0.109226
v 0.198270 -0.142418 0.109226
v -0.051074 -0.124841 -0.480531
v -0.112514 -0.057164 0.164605
v 0.020606 -0.157771 -0.266571
v 0.020606 -0.157771 -0.266571
v -0.105346 -0.057441 -0.056053
v 0.092030 0.006807 0.258116
v 0.289918 -0.138139 0.117840
v -0.036482 -0.230913 0.161619
v -0.033154 0.129591 0.464888
v 0.047486 0.217195 0.405809
v -0.078722 0.070372 -0.135642
v -0.078722 0.070372 -0.135642
v 0.118398 -0.047653 0.432728
v 0.066175 0.177575 0.485654
v 0.066175 0.177575 0.485654
v 0.135551 0.008798 0.497270
v 0.135551 0.008798 0.497270
v 0.073599 -0.128722 0.198644
v 0.080767 -0.088184 0.249428
v -0.243329 -0.129156 0.117160
v -0.110977 0.065255 0.161949
v -0.108929 0.083112 0.161885
v -0.042625 -0.002060 -0.350314
v -0.042625 -0.002060 -0.350314
v -0.105089 0.122742 0.470759
v 0.031615 -0.093990 -0.284245
v 0.031871 -0.007537 -0.032504
v 0.031871 -0.007537 -0.032504
v 0.098175 0.060357 -0.177317
v -0.024705 0.193916 0.485246
v 0.114559 0.028116 0.221194
v 0.049535 -0.011646 -0.025688
v -0.013697 0.168060 0.147441
v -0.078465 -0.128460 0.266835
v 0.057983 -0.132018 -0.394507
v -0.001665 -0.153795 -0.426837
v 0.000128 -0.139811 0.258326
v 0.000128 -0.139811 0.258326
v 0.131712 0.065694 0.345474
v 0.067712 0.127616 -0.175773
v -0.062080 -0.092605 0.134115
v 0.012416 -0.212463 -0.093689
v 0.018816 -0.125180 -0.185027
v 0.018816 -0.125180 -0.185027
v 0.085120 0.151740 0.187146
v 0.085120 0.151740 0.187146
v -0.041344 0.128208 -0.007356
v -0.041344 0.128208 -0.007356
v -0.037760 -0.011838 -0.122526
v -0.037760 -0.011838 -0.122526
v -0.096896 0.109668 0.147470
v 0.047232 0.118813 -0.009146
v -0.083584 0.088731 -0.075696
v 0.119936 0.031243 0.485567
v 0.119936 0.031243 0.485567
v 0.061568 0.177280 -0.077371
v 0.000129 -0.065094 0.195118
v 0.000129 -0.065094 0.195118
v 0.070529 0.066995 -0.071691
v 0.085889 -0.132152 0.102903
v 0.025729 0.120317 0.019961
v -0.039039 0.113922 -0.008516
v -0.103295 -0.085064 0.255653
v 0.029313 0.156323 -0.113964
v 0.095105 0.131067 0.162349
v -0.032127 0.098810 -0.237154
v -0.096383 0.105396 0.471354
v 0.036737 -0.085803 -0.219576
v 0.104321 0.008118 0.222036
v -0.025215 0.119186 -0.057332
v -0.025215 0.119186 -0.057332
v -0.022143 -0.144940 -0.080954
v 0.043649 -0.014811 -0.186778
v -0.284031 -0.166828 0.158075
v 0.175745 -0.150051 0.099749
v -0.013695 -0.043197 0.148272
v 0.118657 0.189827 0.488474
v 0.061569 -0.146625 0.169439
v 0.062081 0.149428 0.147322
v -0.065919 0.177602 0.485187
v -0.065919 0.177602 0.485187
v 0.006786 -0.206923 -0.121518
v 0.009602 0.108138 0.448276
v 0.076162 -0.195155 0.096076
v -0.116606 -0.047714 0.429794
v -0.037246 0.178730 0.221554
v -0.030334 0.101239 -0.235340
v -0.030334 0.101239 -0.235340
v -0.086142 0.055210 -0.081083
v -0.079998 0.017004 0.060217
v 0.126594 0.118136 -0.121375
v 0.126594 0.118136 -0.121375
v 0.061314 0.019929 0.142917
v 0.062082 -0.033305 -0.091225
v 0.062850 -0.114880 -0.480564
v -0.196477 -0.136248 0.140415
v -0.196477 -0.136248 0.140415
v -0.256125 -0.173010 0.152109
v -0.057725 -0.171650 0.050554
v -0.057725 -0.171650 0.050554
v 0.073603 -0.059768 0.022885
v 0.073603 -0.059768 0.022885
v -0.050045 -0.089732 0.454632
v -0.114813 -0.045562 -0.056579
v -0.114813 -0.045562 -0.056579
v 0.017795 0.188157 0.472667
v -0.046461 -0.065746 0.386174
v -0.043645 0.200736 0.371264
v -0.037757 -0.230916 0.161624
v -0.037757 -0.230916 0.161624
v 0.028291 0.159519 -0.294181
v -0.099453 0.012772 0.161529
v 0.097411 0.141543 0.311022
v 0.034691 -0.031079 -0.215970
v 0.034691 -0.031079 -0.215970
v 0.101251 0.154267 -0.105715
v 0.036227 0.184285 0.300797
v -0.026749 0.027192 -0.373027
v -0.026749 0.027192 -0.373027
v 0.045187 0.029394 -0.393971
v 0.045187 0.029394 -0.393971
v 0.046979 -0.063512 0.368661
v 0.049027 -0.088129 0.429210
v 0.049283 -0.028497 0.250669
v -0.015485 -0.152495 -0.408392
v -0.015485 -0.152495 -0.408392
v -0.079485 -0.091907 0.097240
v -0.079485 -0.091907 0.097240
v -0.077181 0.141531 -0.084451
v -0.074877 -0.064909 0.496269
v 0.056707 -0.000255 -0.488206
v -0.070525 -0.066860 0.404789
v 0.061571 -0.214326 0.169682
v 0.258179 -0.143993 0.153081
v 0.258179 -0.143993 0.153081
v -0.199549 -0.177652 0.112092
v -0.068477 0.223715 0.431559
v 0.070020 0.039824 0.082869
v -0.123004 0.093362 -0.147058
v -0.123004 0.093362 -0.147058
v -0.056956 0.161227 0.164077
v -0.056956 0.161227 0.164077
v 0.079236 0.084794 -0.071404
v 0.276868 -0.147690 0.160055
v 0.276868 -0.147690 0.160055
v 0.081028 -0.020386 -0.101150
v 0.081028 -0.020386 -0.101150
v 0.017540 -0.140770 -0.260411
v 0.017540 -0.140770 -0.260411
v -0.047996 -0.090901 0.489047
v 0.085892 -0.194413 0.124677
v 0.086148 -0.004954 -0.114079
v -0.043900 0.123037 -0.059757
v 0.022660 0.022486 0.382418
v 0.027524 -0.140301 -0.377745
v 0.097156 -0.085122 0.160787
v 0.165764 0.044243 0.458018
v -0.030076 -0.092354 -0.246672
v -0.026748 0.138993 -0.203919
v -0.023676 -0.025134 0.470303
v -0.019068 -0.105828 -0.211074
v -0.010876 -0.187484 0.053970
v -0.010876 -0.187484 0.053970
v 0.127108 0.178129 0.434957
v 0.062852 0.194738 0.365113
v 0.067205 -0.023379 0.264527
v 0.067205 -0.023379 0.264527
v -0.061051 0.092908 0.016557
v -0.059515 -0.135153 -0.427070
v -0.054395 0.091057 0.449672
v 0.017029 -0.051454 -0.219300
v 0.017029 -0.051454 -0.219300
v 0.152709 0.069277 0.495866
v 0.097669 0.163357 0.350761
v 0.097669 0.163357 0.350761
v -0.098939 -0.039703 -0.408828
v -0.029819 -0.140435 -0.261908
v 0.036997 -0.037757 0.260237
v -0.015995 0.164028 -0.204334
v 0.050821 0.006499 -0.029381
v 0.050821 0.006499 -0.029381
v 0.050821 -0.002419 0.475144
v 0.117637 -0.012063 0.384423
v -0.012411 -0.215007 -0.030477
v -0.012411 -0.215007 -0.030477
v -0.072315 -0.025935 0.471023
v 0.059269 -0.078172 -0.086127
v 0.059269 -0.078172 -0.086127
v -0.070011 0.223159 0.487280
v -0.123514 -0.012754 0.496224
v 0.078214 0.160000 0.473594
v 0.078214 0.160000 0.473594
v -0.050298 -0.113037 -0.175066
v -0.050042 -0.104272 0.257762
v 0.017798 0.102532 0.382730
v 0.017798 0.102532 0.382730
v 0.017798 0.102532 0.382730
v 0.017798 0.102532 0.382730
v 0.017798 0.102532 0.382730
v 0.085638 0.086137 0.080405
v -0.110714 0.122605 -0.091551
v 0.089478 -0.015298 0.301405
v -0.105338 0.083166 0.159872
v -0.039034 0.161074 -0.013364
v -0.039034 0.161074 -0.013364
v -0.165754 0.097839 0.467318
v 0.031110 0.095456 -0.265582
v 0.031110 0.095456 -0.265582
v 0.031110 0.095456 -0.265582
v -0.092538 -0.096261 0.176053
v -0.026490 0.128798 -0.057211
v -0.026490 0.128798 -0.057211
v 0.040838 -0.048749 0.322055
v 0.041094 -0.019676 -0.210556
v -0.019578 0.124805 -0.254371
v -0.083066 -0.059324 0.162412
v 0.119430 0.105935 0.484437
v 0.251526 -0.185517 0.132195
v -0.073082 -0.005157 -0.374001
v 0.058502 0.124884 0.013657
v -0.127865 -0.013276 0.403743
v 0.011911 -0.173014 -0.206751
v 0.013703 -0.210502 -0.007590
v -0.049785 0.155598 -0.115075
v -0.045433 -0.143133 -0.447477
v 0.020871 0.105752 0.448499
v 0.031623 -0.074910 -0.261975
v -0.015737 0.170010 -0.141328
v -0.078201 -0.009109 0.259695
v 0.053895 -0.150387 0.220368
v 0.120455 0.106352 -0.143295
v 0.126599 0.064969 0.199140
v -0.256888 -0.126202 0.131915
v -0.059768 0.097338 -0.211512
v 0.073608 -0.105975 0.265185
v 0.075656 0.099489 0.475206
v -0.120696 0.063936 0.221529
v -0.120696 0.063936 0.221529
v 0.076424 -0.008927 0.244375
v 0.076424 -0.008927 0.244375
v 0.083592 0.115001 0.471180
v -0.040568 0.198218 0.346180
v 0.025224 0.120037 -0.057527
v 0.025736 -0.009405 0.075431
v -0.039032 -0.085304 -0.219505
v 0.094344 0.014283 -0.120058
v -0.100472 -0.077493 -0.428321
v -0.033912 0.085387 0.432254
v 0.165512 0.097739 0.485763
v 0.106888 0.160286 0.373407
v -0.023928 -0.016903 -0.031857
v -0.023672 -0.010516 0.045531
v -0.023672 -0.010516 0.045531
v -0.284536 -0.192072 0.117140
v 0.110216 0.051570 0.260378
v -0.086136 -0.025353 0.173036
v -0.020344 0.026274 -0.326411
v 0.050312 0.133002 -0.001174
v -0.070776 0.043107 0.083253
v 0.006025 0.178320 -0.049927
v 0.076937 -0.165132 0.080583
v -0.047223 0.162154 0.239179
v 0.086153 -0.168592 0.092099
v 0.092553 0.104007 0.471154
v 0.093833 -0.080693 -0.016139
v -0.097399 0.071841 -0.177208
v -0.097399 0.071841 -0.177208
v -0.097399 0.071841 -0.177208
v 0.039817 0.057243 0.446790
v 0.109961 0.121714 0.201651
v 0.109961 0.121714 0.201651
v 0.052105 -0.057665 -0.338619
v 0.001674 0.106815 -0.245617
v 0.069002 -0.083924 0.488424
v 0.137098 0.066321 0.354360
v 0.137098 0.066321 0.354360
v 0.078730 0.029374 0.470737
v 0.078730 0.029374 0.470737
v -0.052342 0.177850 -0.072898
v 0.081802 -0.017501 0.470845
v 0.082826 -0.076969 0.235602
v -0.110966 0.055337 0.269311
v 0.153226 0.018423 0.490063
v 0.153226 0.018423 0.490063
v 0.023690 -0.096296 0.433925
v -0.036982 -0.004586 0.076374
v -0.035702 0.086277 0.447698
v 0.041098 -0.001827 -0.092262
v 0.041098 -0.001827 -0.092262
v -0.089718 -0.072047 0.487980
v 0.108938 0.165270 0.387038
v -0.084086 -0.133107 0.221158
v 0.050570 -0.031438 0.224747
v -0.012150 -0.165399 -0.259482
v -0.009846 0.139642 -0.234730
v -0.001398 -0.014904 0.147773
v -0.001398 -0.014904 0.147773
v 0.001419 -0.148475 -0.344249
v -0.127605 0.063336 0.331726
v 0.137867 0.111766 0.495745
v 0.142731 0.074807 0.378097
v 0.142731 0.074807 0.378097
v -0.116341 -0.038243 -0.050718
v -0.116341 -0.038243 -0.050718
v -0.045941 -0.061297 0.359948
v 0.021387 -0.041581 -0.499447
v 0.030091 -0.147983 -0.265554
v 0.096907 -0.071856 -0.397699
v -0.099701 -0.073154 -0.027410
v 0.099723 -0.046084 -0.097362
v -0.095093 -0.011748 -0.135433
v -0.095093 -0.011748 -0.135433
v -0.088693 0.121403 -0.126388
v -0.086645 -0.074477 0.254826
v 0.046475 -0.071940 0.401687
v -0.076405 -0.120257 0.149778
v -0.009589 0.022227 0.445922
v 0.000140 0.182913 0.175301
v 0.068748 0.014772 -0.400156
v 0.068748 0.014772 -0.400156
v 0.071308 -0.113918 0.269919
v 0.080780 -0.113563 -0.426113
v 0.080780 -0.113563 -0.426113
v 0.019340 -0.131397 -0.257072
v -0.107124 0.018375 0.470732
v -0.103540 0.088108 -0.126810
v -0.033908 -0.046708 0.224248
v 0.102796 0.151491 0.345811
v 0.102796 0.151491 0.345811
v 0.174988 -0.131644 0.121002
v -0.019828 0.055284 -0.260923
v -0.019828 0.055284 -0.260923
v -0.019828 0.055284 -0.260923
v -0.017012 0.172201 0.238600
v -0.208244 -0.155235 0.102962
v -0.072052 0.055465 0.147523
v -0.072052 0.055465 0.147523
v -0.067444 -0.129402 -0.446871
v 0.066701 -0.055793 -0.348228
v 0.147341 0.075214 0.391644
v -0.044659 -0.067453 -0.201688
v 0.087181 -0.016286 -0.009519
v -0.042611 -0.064020 0.363523
v 0.155021 0.045578 0.420192
v 0.155021 0.045578 0.420192
v -0.160627 0.075202 0.424370
v 0.044685 -0.058561 0.371577
v 0.176269 -0.150399 0.149421
v -0.081267 -0.058727 0.045737
v -0.081267 -0.058727 0.045737
v -0.079475 0.029582 0.471123
v 0.125069 0.070920 0.485170
v -0.071027 0.056837 0.460263
v 0.061325 -0.006187 -0.019997
v -0.000883 -0.154011 -0.446270
v -0.066163 0.119162 0.083616
v -0.065394 -0.140914 0.263566
v -0.063346 -0.055252 -0.030128
v -0.060274 -0.226188 0.170323
v -0.060274 -0.226188 0.170323
v -0.060274 -0.226188 0.170323
v 0.071822 0.157273 0.224359
v 0.013710 -0.139320 -0.370540
v -0.050546 0.016941 0.457482
v -0.113010 0.054792 -0.152993
v -0.040818 -0.057081 0.341022
v 0.029326 0.167534 -0.234867
v -0.167282 0.070461 0.431848
v 0.096398 0.013352 0.147372
v -0.034674 0.098515 -0.269733
v -0.230514 -0.148819 0.147543
v 0.101262 -0.011532 0.329120
v 0.104334 0.038658 -0.123515
v 0.104334 0.038658 -0.123515
v 0.105102 -0.173262 0.141127
v 0.040590 -0.009930 -0.122299
v -0.085618 0.029871 0.071358
v -0.082802 -0.042865 -0.051087
v -0.206962 -0.149380 0.104319
v -0.206962 -0.149380 0.104319
v 0.055694 -0.043596 -0.341332
v 0.058254 0.110433 -0.217207
v 0.058254 0.110433 -0.217207
v 0.060046 -0.145522 0.052387
v 0.012943 -0.177573 0.039741
v 0.012943 -0.177573 0.039741
v -0.043889 0.056925 0.418100
v 0.094863 -0.013676 0.327580
v 0.095887 -0.082995 0.022869
v 0.095887 -0.082995 0.022869
v -0.029809 0.166783 -0.235553
v -0.028529 -0.068080 -0.274363
v -0.089201 0.208698 0.427771
v 0.109199 -0.060829 0.020137
v 0.109199 -0.060829 0.020137
v 0.109199 -0.060829 0.020137
v 0.053647 0.027585 -0.411486
v 0.058767 0.056856 0.450681
v 0.000144 -0.237793 -0.024386
v -0.065392 0.201795 0.384405
v 0.067216 0.079113 -0.068539
v 0.001936 -0.171114 -0.257646
v 0.067984 0.147159 0.471036
v -0.126576 0.129038 0.493012
v -0.125040 0.181289 0.435036
v -0.125040 0.181289 0.435036
v -0.055920 -0.137652 -0.137537
v 0.012688 -0.241172 0.114098
v 0.012688 -0.241172 0.114098
v 0.012688 -0.241172 0.114098
v 0.012688 -0.241172 0.114098
v 0.014480 -0.175837 -0.172760
v 0.014480 -0.175837 -0.172760
v 0.081296 0.070526 0.085420
v 0.149392 0.118246 0.420187
v 0.149392 0.118246 0.420187
v 0.023440 0.036258 -0.219829
v 0.023440 0.036258 -0.219829
v -0.040816 -0.033838 0.234789
v -0.035952 0.084365 0.412123
v 0.037008 -0.065852 -0.333004
v 0.104848 -0.063708 0.243034
v 0.105360 -0.046252 0.222164
v -0.089968 -0.101238 -0.427366
v -0.089712 0.127068 0.259226
v -0.086128 -0.133007 0.102327
v 0.047760 0.025765 0.450850
v 0.050064 0.101085 -0.240483
v 0.050064 0.101085 -0.240483
v -0.276592 -0.188652 0.105587
v -0.014448 -0.133273 0.255688
v -0.014448 -0.133273 0.255688
v -0.209520 -0.163630 0.103175
v -0.077424 -0.136680 0.256108
v 0.056208 -0.088077 0.484055
v -0.000624 0.041435 -0.397749
v 0.006033 -0.204491 -0.014197
v -0.058735 0.015689 0.080127
v 0.017297 -0.133867 -0.229547
v 0.150673 0.111762 0.418843
v 0.150673 0.111762 0.418843
v -0.041583 -0.157828 0.232348
v -0.041583 -0.157786 0.232200
v -0.041583 -0.157786 0.232200
v -0.165999 0.043530 0.435157
v -0.165999 0.043530 0.435157
v 0.162449 -0.148803 0.102089
v -0.096879 -0.022128 -0.447714
v 0.045713 -0.117521 -0.359454
v 0.049297 -0.015968 0.054628
v -0.008047 -0.105087 0.257578
v -0.008047 -0.105087 0.257578
v -0.069999 -0.062801 0.497191
v -0.062830 -0.122358 0.044135
v -0.062830 -0.122358 0.044135
v 0.087186 0.003826 0.251118
v -0.107886 0.153744 0.362805
v -0.035438 -0.042930 0.277650
v 0.099730 0.018546 0.224460
v -0.030574 0.035758 0.446412
v 0.112274 0.051403 0.269626
v -0.018798 -0.127990 -0.209681
v 0.048530 -0.075270 0.401937
v 0.050834 -0.064307 -0.175573
v -0.012910 -0.159401 -0.250363
v 0.125330 0.065255 0.314899
v 0.014483 0.170155 -0.186930
v 0.085139 -0.045700 0.195772
v 0.085395 -0.019220 0.123302
v 0.283795 -0.128509 0.141406
v -0.038509 -0.036704 0.224673
v 0.159379 0.120671 0.485965
v -0.102765 -0.180957 0.124704
v -0.102765 -0.180957 0.124704
v -0.101485 0.142208 0.323378
v -0.035437 -0.003775 0.463821
v -0.083309 -0.043574 -0.038237
v 0.053651 0.027622 -0.412336
v 0.053651 0.027622 -0.412336
v -0.006509 -0.204510 -0.014361
v 0.061331 0.004117 0.077297
v -0.069229 0.126405 -0.177821
v -0.068973 0.036004 0.006694
v -0.068973 0.036004 0.006694
v -0.068973 0.036004 0.006694
v -0.068973 0.036004 0.006694
v 0.001172 -0.037323 -0.097082
v 0.066964 0.154226 0.257698
v -0.062316 -0.132304 -0.040493
v 0.069780 -0.007728 -0.175064
v -0.060012 -0.024673 0.147627
v 0.023188 0.119055 -0.057852
v -0.105836 0.042316 -0.090486
v -0.039276 0.113742 0.062508
v -0.103532 -0.012532 0.336272
v -0.101740 -0.075226 0.013039
v -0.101740 -0.075226 0.013039
v 0.095892 0.017864 0.249835
v -0.029292 0.142927 -0.263585
v -0.089452 -0.058867 0.241260
v 0.043924 -0.140854 -0.395675
v 0.110996 -0.011694 0.367321
v -0.085100 -0.082025 -0.374400
v -0.084076 -0.097923 -0.385916
v -0.018540 0.157324 -0.114663
v -0.018540 0.157324 -0.114663
v -0.083564 -0.070299 0.223344
v -0.080236 -0.059240 0.142608
v -0.009580 0.106841 0.417276
v -0.009580 0.106841 0.417276
v 0.056468 -0.115803 -0.126161
v -0.071788 -0.159697 0.079034
v -0.070508 -0.050552 -0.109984
v 0.061332 -0.103208 0.171716
v -0.068972 -0.030110 0.289925
v -0.068972 -0.030110 0.289925
v -0.062571 -0.021339 0.241029
v 0.008597 -0.140297 -0.252103
v 0.008597 -0.140297 -0.252103
v 0.077205 -0.077961 -0.361740
v -0.117099 0.055514 0.471006
v 0.083605 0.042458 -0.100630
v -0.034667 0.108683 -0.257945
v 0.097429 0.043881 -0.156301
v 0.033685 0.096294 0.442208
v -0.228203 -0.133185 0.116855
v -0.028779 0.135023 0.064140
v 0.042133 0.093280 -0.218806
v 0.042133 0.093280 -0.218806
v -0.088427 -0.012618 -0.026029
v -0.022635 0.120978 0.020601
v 0.110229 -0.064552 0.153654
v -0.081771 0.097221 0.065609
v -0.081771 0.097221 0.065609
v -0.077675 -0.103428 0.268046
v -0.074859 0.168886 0.312398
v -0.074859 0.168886 0.312398
v 0.126869 0.060595 0.321465
v 0.126869 0.060595 0.321465
v -0.000107 0.228855 0.418413
v 0.000406 -0.062605 0.175636
v 0.000406 -0.062605 0.175636
v -0.060266 -0.146885 0.058703
v -0.060266 -0.146885 0.058703
v 0.075158 0.202176 0.498482
v -0.051306 0.214748 0.498077
v -0.046954 0.204896 0.372538
v -0.044138 -0.094957 -0.343207
v -0.044138 -0.094957 -0.343207
v 0.087190 0.153735 0.197240
v 0.023446 0.006787 0.449433
v -0.041322 -0.021163 -0.020753
v 0.026262 -0.016792 0.046975
v 0.026262 -0.016792 0.046975
v -0.039274 -0.052245 -0.219478
v -0.039274 -0.052245 -0.219478
v -0.039274 -0.052245 -0.219478
v 0.030870 0.144274 -0.235441
v 0.096918 -0.005160 0.173440
v -0.022122 0.175670 0.093475
v 0.109206 -0.062292 0.133966
v 0.109206 -0.062292 0.133966
v -0.084074 -0.043825 0.050955
v -0.084074 -0.043825 0.050955
v -0.081002 -0.087201 0.248756
v -0.012394 -0.020536 -0.104571
v -0.012394 -0.020536 -0.104571
v 0.120214 0.019948 -0.074637
v 0.060310 -0.179332 0.190727
v 0.060310 -0.179332 0.190727
v 0.064918 0.095093 0.467161
v -0.061289 -0.123056 0.096053
v -0.061289 -0.123056 0.096053
v -0.059241 0.004608 -0.126502
v -0.059241 0.004608 -0.126502
v -0.058473 0.017431 0.079959
v 0.079255 -0.056075 -0.360409
v 0.018071 0.166666 -0.045173
v 0.155031 0.094388 0.419636
v 0.155031 0.094388 0.419636
v 0.029335 -0.149172 -0.408140
v -0.098665 0.112012 0.162047
v 0.102807 -0.180904 0.120507
v -0.090985 0.023395 -0.153384
v -0.088937 0.214157 0.487899
v 0.043671 -0.054333 0.335285
v -0.086633 -0.011237 -0.035508
v -0.018025 -0.063025 -0.288864
v -0.018025 -0.063025 -0.288864
v 0.115095 -0.075744 0.209409
v 0.115095 -0.075744 0.209409
v 0.116375 0.059790 0.280553
v -0.008809 0.188590 -0.093811
v 0.059799 -0.230958 0.158446
v 0.059799 -0.230958 0.158446
v 0.061079 0.106043 0.467908
v -0.061800 -0.120187 0.150753
v -0.060776 0.019015 0.147603
v -0.060776 0.019015 0.147603
v 0.137624 -0.146574 0.104368
v -0.119912 0.009784 0.346843
v -0.053608 0.008778 0.048655
v -0.053608 0.008778 0.048655
v -0.170344 -0.131975 0.134652
v 0.030872 0.118201 0.133779
v -0.034664 0.123793 -0.267106
v 0.031384 0.142641 0.000443
v -0.094824 0.123666 0.224554
v -0.094824 0.123666 0.224554
v 0.106648 0.048789 0.236265
v 0.106648 0.048789 0.236265
v 0.041624 0.201634 0.355568
v -0.150632 0.143246 0.486764
v 0.112792 -0.084552 0.221718
v -0.016744 -0.179019 0.045088
v -0.014696 -0.220810 -0.012714
v -0.014696 -0.220810 -0.012714
v 0.053400 0.057289 0.454398
v -0.205416 -0.180938 0.123500
v -0.001128 0.185138 0.219951
v -0.000616 0.047617 -0.223155
v -0.058727 0.018116 -0.084723
v 0.075929 -0.126215 0.094686
v 0.075929 -0.126215 0.094686
v -0.050791 0.139904 -0.177397
v 0.084377 0.007641 -0.121949
v 0.029081 -0.031977 -0.303375
v 0.029081 -0.031977 -0.303375
v 0.033689 0.167782 0.249535
v -0.095591 -0.083811 0.075691
v -0.095591 0.112885 0.148104
v 0.106649 -0.070224 0.242542
v -0.021095 -0.045589 -0.078494
v 0.045209 0.100971 0.454306
v -0.084583 -0.074727 -0.054084
v -0.018535 0.166062 -0.050641
v -0.077159 -0.178263 0.166967
v -0.077159 -0.178263 0.166967
v -0.074855 -0.011791 0.248850
v -0.071015 0.067086 -0.071568
v 0.061593 -0.134357 0.164236
v 0.193945 -0.151954 0.103823
v -0.001127 0.177740 0.021469
v 0.000154 0.046852 -0.447826
v 0.000154 0.046852 -0.447826
v -0.063334 0.152577 0.251059
v -0.126310 0.091278 0.329508
v 0.015258 -0.130142 -0.207619
v -0.109670 -0.143851 0.139650
v -0.098150 -0.069434 -0.048607
v -0.031846 -0.143271 -0.274569
v -0.031590 -0.059112 -0.330784
v -0.028006 -0.009201 -0.095266
v -0.028006 -0.009201 -0.095266
v 0.106394 0.157040 0.355498
v 0.106394 0.157040 0.355498
v 0.107162 -0.042924 0.213508
v 0.107162 -0.042924 0.213508
v -0.087654 0.015899 -0.174591
v -0.087654 0.015899 -0.174591
v 0.109466 0.049714 0.161774
v 0.109466 0.049714 0.161774
v -0.085606 -0.154313 0.091078
v -0.085606 -0.154313 0.091078
v -0.014694 -0.028338 -0.011996
v -0.011622 0.121955 0.453693
v -0.140134 0.024422 0.382215
v 0.127642 0.008338 0.372146
v 0.000155 -0.168004 -0.147912
v 0.000667 0.178153 0.258047
v -0.057189 -0.141567 -0.118832
v 0.074139 0.030443 0.474553
v -0.056165 0.098787 -0.011317
v -0.121189 -0.021910 -0.073441
v -0.121189 -0.021910 -0.073441
v 0.010395 -0.164556 -0.170802
v 0.010395 -0.164556 -0.170802
v 0.276379 -0.181995 0.097703
v -0.047461 0.069002 0.443670
v 0.018587 0.144716 0.086053
v 0.024987 0.119866 0.039049
v 0.090523 0.057206 0.077723
v -0.039013 -0.106417 -0.210452
v -0.038245 0.135267 -0.063683
v 0.160155 0.039486 0.426921
v 0.096667 -0.085791 -0.427976
v 0.096667 -0.085791 -0.427976
v -0.089957 -0.006687 -0.040312
v -0.215909 -0.156314 0.148324
v 0.046491 0.108516 0.090310
v -0.082533 -0.016933 0.471513
v 0.051099 0.166270 0.268208
v -0.008293 -0.181489 -0.191452
v -0.008293 -0.181489 -0.191452
v -0.070757 0.067956 0.086360
v -0.067173 0.013381 0.002343
v -0.067173 0.013381 0.002343
v -0.067173 0.013381 0.002343
v -0.067173 0.013381 0.002343
v -0.060260 -0.068419 -0.084931
v -0.060260 -0.068419 -0.084931
v -0.255332 -0.178664 0.102478
v -0.049764 0.170052 0.171920
v -0.049764 0.170052 0.171920
v -0.049764 0.170052 0.171920
v 0.219804 -0.177606 0.138294
v 0.027292 0.119415 0.037478
v 0.027292 0.119417 0.036628
v 0.028572 -0.074604 -0.255602
v 0.031132 0.107601 -0.274291
v 0.032156 -0.155044 0.216368
v 0.039580 0.118742 -0.226294
v 0.105884 0.050134 0.160940
v 0.045468 -0.142823 -0.411575
v -0.079972 0.141387 0.257211
v 0.051356 0.007140 0.001282
v 0.051356 0.007140 0.001282
v 0.186268 -0.178390 0.140134
v 0.060060 -0.229136 0.149020
v 0.060060 -0.229136 0.149020
v -0.000868 -0.159155 0.264013
v -0.000868 -0.159155 0.264013
v 0.010653 0.030915 -0.372490
v 0.010653 0.030915 -0.372490
v 0.010653 0.030915 -0.372490
v -0.045411 0.198349 0.351332
v 0.093341 0.088852 -0.176592
v 0.097181 -0.070952 -0.045961
v 0.033949 -0.038697 0.224588
v 0.034461 0.084933 0.434885
v -0.030563 -0.002039 -0.345098
v -0.030563 -0.002039 -0.345098
v 0.035741 0.101365 -0.216504
v 0.035741 0.101365 -0.216504
v -0.094307 -0.067583 0.433998
v 0.037789 0.123414 0.091618
v -0.023907 -0.085698 0.420134
v -0.088931 -0.008770 0.471322
v -0.023395 -0.151858 0.209086
v -0.022883 -0.026781 0.067881
v -0.083811 -0.049522 0.133224
v 0.048029 0.161586 0.241491
v 0.115869 0.125223 0.331898
v 0.000670 0.125266 0.147592
v 0.000670 0.125266 0.147592
v -0.259426 -0.142198 0.152044
v -0.060770 -0.221444 0.088219
v -0.058978 -0.134754 -0.409006
v 0.080030 0.180662 0.351230
v 0.080030 0.180662 0.351230
v -0.048994 0.011293 -0.206046
v 0.021918 0.171818 0.142741
v -0.109154 -0.096680 0.235269
v 0.023198 0.119766 0.064335
v -0.107362 -0.053626 0.231278
v -0.105058 -0.021781 0.031955
v -0.105058 -0.021781 0.031955
v 0.158366 0.016477 0.472765
v 0.158366 0.016477 0.472765
v -0.167522 0.070359 0.485825
v 0.160926 -0.164297 0.101733
v 0.030878 -0.024027 -0.011190
v 0.165278 -0.138468 0.107952
v 0.165278 -0.138468 0.107952
v 0.037534 0.185348 0.314529
v -0.093026 -0.069041 -0.062539
v -0.093026 -0.069041 -0.062539
v 0.042142 0.133860 -0.065520
v 0.042142 0.133860 -0.065520
v 0.111006 0.110911 0.474165
v -0.081250 -0.019051 0.224215
v -0.139362 -0.136157 0.134012
v 0.061598 -0.092742 0.121171
v 0.061598 0.003788 0.470989
v -0.000610 0.134516 -0.056187
v 0.002207 0.148050 0.000454
v 0.071583 0.055565 0.147517
v 0.075935 -0.113100 0.129575
v 0.075935 -0.153615 0.170770
v 0.011679 -0.026322 0.473981
v 0.011935 0.166701 -0.204279
v 0.014495 -0.194992 -0.120760
v -0.045665 -0.056034 -0.189748
v -0.045665 -0.056034 -0.189748
v -0.045665 -0.056034 -0.189748
v 0.024479 0.236704 0.432004
v -0.040289 0.041843 0.441905
v -0.105057 -0.024467 0.169222
v -0.096865 0.171268 0.364914
v -0.096865 0.207010 0.458281
v -0.030817 0.153435 -0.112308
v -0.030817 0.153435 -0.112308
v -0.030817 0.153435 -0.112308
v -0.025441 -0.048316 0.472979
v 0.107167 -0.034755 0.065558
v -0.087905 0.030880 -0.183666
v -0.020577 0.054869 -0.289970
v -0.017761 -0.139966 -0.259945
v -0.017761 -0.139966 -0.259945
v -0.016993 -0.152668 -0.426906
v -0.016225 0.131844 -0.085186
v -0.016225 0.131844 -0.085186
v 0.115871 0.059620 0.287644
v -0.068705 0.032426 0.462752
v -0.197217 -0.167728 0.145121
v 0.079008 0.217992 0.432740
v 0.016544 -0.057374 -0.037335
v 0.152224 0.048480 0.405476
v 0.152224 0.048480 0.405476
v -0.109920 0.048113 0.161767
v -0.042080 -0.048559 0.311510
v -0.042080 -0.048559 0.311510
v -0.037472 0.176191 0.171833
v -0.037472 0.176191 0.171833
v 0.097952 -0.093435 0.262350
v -0.096352 0.017332 0.239316
v -0.096352 0.017332 0.239316
v 0.233120 -0.133651 0.135064
v 0.059552 -0.237412 0.101330
v 0.059552 -0.237412 0.101330
v -0.194911 -0.138749 0.108778
v 0.010145 0.016264 0.441743
v -0.119391 0.102867 0.309465
v -0.044639 0.056839 0.442091
v -0.044639 0.056839 0.442091
v -0.040031 0.072903 -0.218730
v -0.105311 0.126950 -0.144457
v -0.103519 -0.061321 0.487191
v 0.100257 -0.048533 -0.425787
v -0.028511 0.142886 -0.234877
v -0.289631 -0.170890 0.142164
v 0.039329 -0.076941 0.496694
v -0.155487 0.047367 0.419687
v -0.155487 0.047367 0.419687
v -0.087647 0.128720 0.240087
v -0.077151 -0.060205 0.041225
v -0.077151 -0.060205 0.041225
v 0.188321 -0.158406 0.100545
v 0.000674 0.182433 0.224057
v -0.056926 0.097419 0.017151
v 0.014754 0.042525 -0.426119
v -0.114014 0.072753 0.275753
v 0.021410 0.133046 0.464915
v 0.021922 0.164684 -0.186576
v -0.103262 0.120852 0.171616
v 0.039842 0.183927 0.313521
v 0.107938 0.083704 0.161854
v -0.088414 0.061451 -0.083354
v -0.088158 -0.158366 0.147049
v -0.088158 -0.158366 0.147049
v -0.088158 -0.158366 0.147049
v 0.043426 0.207249 0.371449
v 0.050594 -0.116230 -0.169600
v 0.057506 0.094889 -0.212057
v 0.058274 0.147447 -0.149878
v -0.072542 0.108290 -0.084891
v -0.066910 -0.072841 0.419901
v 0.065186 0.120718 -0.002468
v 0.000163 0.189776 0.471209
v 0.068515 -0.071823 0.419650
v -0.062301 0.153072 0.241881
v 0.006819 0.190036 -0.063758
v 0.074403 -0.104049 0.258150
v -0.119133 0.189190 0.432172
v -0.115037 0.059246 0.283391
v 0.017315 0.103584 0.444829
v 0.082851 -0.020037 -0.480086
v 0.082851 -0.020037 -0.480086
v -0.112477 0.168722 0.389125
v -0.043357 0.099264 0.453546
v -0.105565 0.175540 0.495670
v -0.104541 -0.118162 0.231101
v -0.039005 0.067865 0.382655
v -0.039005 0.067865 0.382655
v 0.030883 -0.046491 -0.304110
v 0.030883 -0.046491 -0.304110
v 0.096931 -0.022103 -0.428033
v 0.034979 0.127559 -0.256883
v -0.030557 0.153640 -0.124212
v -0.030557 0.153640 -0.124212
v 0.106659 0.049141 0.147298
v 0.106659 0.049141 0.147298
v -0.008541 -0.144517 0.200616
v -0.008541 -0.144517 0.200616
v -0.136541 0.132466 0.496372
v -0.070493 0.068474 0.467178
v -0.056156 -0.052119 -0.114816
v 0.014500 -0.137028 -0.237077
v 0.084132 -0.054801 -0.485248
v 0.021156 -0.036825 -0.096290
v 0.024228 -0.138927 -0.140452
v 0.089764 -0.010490 0.302032
v 0.091044 0.173148 0.357588
v -0.039004 -0.060709 0.026621
v -0.039004 -0.060709 0.026621
v -0.039004 -0.060709 0.026621
v 0.158372 0.121342 0.431862
v 0.158372 0.121342 0.431862
v 0.029092 0.101098 0.440305
v 0.104612 0.123265 0.471040
v 0.040612 -0.070790 -0.219537
v 0.040612 -0.070790 -0.219537
v -0.024668 0.239685 0.487114
v 0.106660 0.078914 -0.124186
v 0.106660 0.078914 -0.124186
v 0.108196 0.067131 -0.123093
v 0.108196 -0.154698 0.103718
v -0.021596 0.101556 -0.297798
v -0.021596 0.101556 -0.297798
v -0.016476 -0.151609 -0.250666
v -0.080476 -0.039251 -0.068578
v 0.117668 -0.032819 -0.059348
v -0.012124 0.148528 -0.205055
v -0.012124 0.148528 -0.205055
v 0.061604 -0.120590 -0.020433
v 0.061604 -0.120590 -0.020433
v -0.069212 0.179970 -0.107855
v 0.064420 -0.026253 0.161766
v 0.064420 -0.026253 0.161766
v 0.001189 -0.061437 0.090916
v 0.001189 -0.061437 0.090916
v -0.063067 0.156536 0.224367
v -0.063067 0.156536 0.224367
v -0.060763 0.018520 0.080147
v 0.012965 -0.050653 0.473458
v 0.152741 -0.181344 0.136283
v -0.042075 -0.051040 0.331905
v 0.024741 0.108361 0.443927
v 0.024741 0.108361 0.443927
v 0.024741 0.109187 0.444777
v 0.090789 0.123071 -0.092408
v 0.029605 0.126730 0.462998
v 0.031397 -0.105702 -0.254027
v 0.097189 0.074706 -0.177131
v 0.033445 0.096048 -0.259004
v 0.033445 0.096048 -0.259004
v -0.087899 -0.016754 0.140569
v -0.083547 0.039302 -0.100682
v 0.116901 0.055994 0.470988
v 0.052645 -0.011392 -0.119376
v -0.012123 -0.013705 0.075200
v -0.011867 0.124016 0.091602
v -0.142171 -0.019591 0.473974
v -0.075867 0.137988 0.147199
v -0.071515 0.022712 -0.130480
v -0.071515 0.022712 -0.130480
v -0.005723 -0.022345 0.073077
v -0.005723 -0.022345 0.073077
v 0.060069 -0.233926 0.131140
v 0.060837 -0.143162 0.263432
v -0.000091 -0.080187 0.390344
v -0.000091 -0.080187 0.390344
v 0.072358 0.170434 0.482191
v 0.072358 0.170434 0.482191
v -0.120154 -0.137443 0.118487
v -0.118874 -0.143330 0.109136
v 0.013222 -0.019876 -0.117077
v 0.013222 -0.019876 -0.117077
v -0.051034 0.104895 0.147430
v -0.051034 0.104895 0.147430
v -0.047706 0.115390 -0.199616
v -0.047706 0.115390 -0.199616
v -0.046938 -0.057119 -0.179052
v -0.046938 -0.057119 -0.179052
v 0.084646 -0.081611 0.259316
v 0.021926 -0.011164 0.075228
v 0.022182 0.175609 0.019407
v 0.088486 0.126218 -0.097721
v -0.034138 0.032465 0.382459
v 0.032166 -0.007134 0.075820
v 0.034470 0.177707 0.276621
v 0.038054 -0.054650 0.196604
v -0.010586 -0.191737 -0.154638
v -0.010586 -0.191737 -0.154638
v -0.010586 -0.191737 -0.154638
v 0.120998 0.065225 0.218653
v 0.059302 -0.070314 -0.079804
v 0.061350 -0.127860 -0.125692
v -0.067418 0.031106 0.081733
v -0.066394 0.082065 0.147567
v -0.066394 0.082065 0.147567
v -0.062041 -0.190423 0.067235
v -0.062041 -0.190423 0.067235
v 0.069287 0.037192 -0.079677
v 0.141479 0.002796 0.419950
v -0.118873 0.189918 0.487859
v -0.118873 0.189918 0.487859
v 0.012711 0.123794 -0.056569
v -0.052825 -0.140224 -0.136874
v 0.014759 -0.212839 -0.068239
v 0.086695 0.001782 0.239451
v 0.090791 0.163055 0.335995
v 0.026279 -0.045060 -0.302518
v 0.026279 -0.045060 -0.302518
v 0.030119 0.153637 -0.124043
v -0.100185 0.005650 0.470833
v -0.099673 -0.054992 -0.403686
v -0.033113 0.089990 0.382720
v -0.033113 0.089990 0.382720
v -0.033113 0.089990 0.382720
v -0.033113 0.089990 0.382720
v 0.105127 0.028983 0.161749
v -0.021849 -0.175224 -0.274597
v -0.079961 0.099622 0.082421
v -0.079961 0.099622 0.082421
v 0.117159 -0.037461 -0.068771
v 0.119975 0.065137 0.173926
v -0.006745 -0.049922 0.469806
v -0.006745 -0.049922 0.469806
v 0.060327 -0.089570 -0.009282
v -0.069209 0.148401 -0.098789
v -0.063576 -0.078822 0.237935
v -0.060760 -0.170318 0.197183
v -0.058712 -0.171204 0.199701
v -0.058712 -0.171204 0.199701
v -0.058712 -0.171204 0.199701
v -0.056408 0.091152 -0.211441
v -0.056408 0.091152 -0.211441
v -0.056408 0.091152 -0.211441
v -0.121176 0.103223 0.196487
v -0.120152 0.171428 0.419516
v 0.013736 -0.164080 0.050847
v 0.013736 -0.164080 0.050847
v 0.013736 -0.164080 0.050847
v 0.013736 -0.164080 0.050847
v -0.046680 0.204252 0.383055
v -0.041560 -0.001504 -0.092167
v 0.027304 0.119415 0.038329
v 0.030888 0.165800 -0.237089
v 0.031400 0.141212 -0.261620
v -0.098904 -0.046144 -0.098654
v -0.096856 -0.082015 0.016595
v -0.096856 -0.082015 0.016595
v -0.027224 0.165451 0.471008
v -0.027224 0.165451 0.471008
v 0.044200 -0.139737 -0.456235
v 0.114088 0.018183 -0.140311
v -0.012632 -0.183390 -0.170374
v -0.012632 -0.183390 -0.170374
v 0.061608 -0.205011 0.135460
v 0.061608 -0.205011 0.135460
v -0.067672 0.224482 0.460696
v 0.064680 0.121492 0.068637
v -0.064343 0.104493 -0.063967
v -0.127831 0.088079 -0.107754
v -0.127831 0.088079 -0.107754
v 0.005289 -0.204115 -0.055280
v 0.015529 -0.139545 -0.479499
v 0.020905 -0.056033 0.486643
v -0.108631 -0.016784 0.359243
v -0.167767 0.071321 0.456936
v 0.097705 0.155375 0.334108
v -0.030295 0.135898 0.090298
v -0.159319 0.121266 0.434536
v 0.038569 0.008865 -0.208542
v -0.088407 -0.177956 0.113663
v -0.088407 -0.177956 0.113663
v 0.112041 -0.175575 0.142467
v -0.009303 -0.212974 -0.100825
v 0.058025 0.015197 0.146838
v -0.071767 0.059436 0.085200
v -0.069719 0.159838 0.278721
v 0.061609 -0.117151 0.180537
v -0.064598 -0.119897 -0.380111
v 0.004010 0.169872 0.147484
v -0.060502 -0.089205 -0.012570
v 0.142250 0.160238 0.487082
v 0.142250 0.160238 0.487082
v 0.015274 0.172259 0.240652
v 0.147626 0.069050 0.497845
v -0.046678 0.162895 0.252549
v 0.095914 0.105675 -0.127350
v 0.096170 0.135633 0.174488
v 0.096170 0.135633 0.174488
v -0.031574 -0.115575 -0.301385
v -0.028502 0.126303 0.454184
v -0.093526 -0.046314 -0.384055
v -0.023126 -0.096169 0.431282
v -0.023126 -0.096169 0.431282
v -0.087382 0.003303 0.251479
v -0.087382 0.003303 0.251479
v 0.110762 0.177606 0.497437
v 0.110762 0.177606 0.497437
v 0.060586 0.027108 -0.427856
v -0.059221 0.093895 0.462470
v 0.072363 -0.198673 0.149767
v 0.072363 -0.198673 0.149767
v 0.205483 -0.181166 0.125265
v -0.046677 -0.038742 0.162166
v 0.085419 -0.081257 -0.478829
v 0.020139 0.072454 -0.310083
v 0.020139 0.072454 -0.310083
v -0.024149 0.119871 0.144427
v -0.024149 0.119871 0.144427
v -0.088149 -0.171831 0.142775
v -0.080213 0.001831 -0.399568
v -0.080213 0.001831 -0.399568
v 0.119211 -0.048437 0.487206
v 0.060075 0.155979 -0.077278
v 0.126123 0.060292 -0.092000
v -0.069461 -0.083210 0.451865
v -0.067413 0.030839 -0.024458
v -0.063060 -0.121738 -0.001710
v -0.063060 -0.121738 -0.001710
v 0.071084 0.016378 -0.107522
v 0.080044 -0.113724 -0.406696
v 0.015788 0.187438 0.470954
v -0.047700 -0.017166 0.058416
v 0.023468 0.146149 0.471424
v -0.086100 0.053088 -0.097806
v -0.085844 0.202889 0.419802
v -0.083028 0.005964 -0.427923
v -0.277076 -0.171882 0.090900
v -0.011092 -0.178326 -0.277862
v 0.055980 -0.138150 -0.130994
v 0.057516 -0.198520 0.057158
v 0.259756 -0.127370 0.118255
v 0.259756 -0.127370 0.118255
v -0.061523 -0.181330 0.189680
v -0.061267 -0.006560 -0.021098
v 0.137645 0.072179 0.363303
v -0.056915 0.097856 0.089389
v -0.056915 0.097856 0.089389
v 0.012205 -0.184683 -0.167765
v 0.012205 -0.184683 -0.167765
v 0.012973 -0.022768 -0.006100
v -0.046675 -0.061310 0.177947
v 0.022189 0.144965 0.475575
v 0.087725 -0.018464 0.012585
v 0.087725 -0.018464 0.012585
v 0.029869 0.093119 0.382676
v 0.029869 0.093119 0.382676
v 0.031405 0.033136 -0.349399
v 0.031405 0.033136 -0.349399
v 0.034477 0.099165 -0.270268
v -0.029779 0.187314 -0.102468
v -0.029779 0.187314 -0.102468
v 0.036525 0.160817 -0.076599
v 0.053165 -0.042179 -0.126559
v 0.053165 -0.042179 -0.126559
v 0.252845 -0.185427 0.118251
v 0.061613 -0.228318 0.148568
v 0.061613 -0.228318 0.148568
v -0.000339 -0.178930 -0.117473
v 0.004526 -0.061247 -0.291325
v 0.071598 0.017067 0.470910
v -0.111442 -0.067609 0.165963
v 0.022702 0.120216 0.146613
v 0.022702 0.120216 0.146613
v 0.022702 0.120216 0.146613
v -0.107858 0.074280 -0.124418
v 0.031406 -0.007976 0.147628
v 0.031662 -0.039831 -0.308667
v 0.031662 -0.039831 -0.308667
v 0.031662 -0.039831 -0.308667
v 0.031662 -0.039831 -0.308667
v 0.036526 -0.047716 0.299218
v 0.036526 -0.047716 0.299218
v -0.092754 0.122215 0.161964
v -0.157010 0.071894 0.419998
v -0.157010 0.071894 0.419998
v 0.041646 0.136357 0.475479
v -0.089426 0.048712 0.060951
v -0.022610 -0.018217 0.046804
v -0.022610 -0.018217 0.046804
v -0.078162 -0.012327 0.224553
v -0.070994 0.057591 0.084966
v 0.060334 -0.153210 0.079837
v 0.061614 -0.204399 0.111670
v -0.059217 -0.057318 0.367506
v 0.077231 0.100226 -0.085965
v 0.083887 -0.049359 0.161992
v 0.083887 -0.049359 0.161992
v 0.018863 0.026247 0.382400
v -0.046161 0.035621 -0.447756
v -0.046161 0.035621 -0.447756
v -0.106833 -0.039692 0.211227
v 0.028335 0.134751 -0.006391
v 0.028335 0.134751 -0.006391
v -0.098897 -0.070386 -0.407585
v 0.098991 0.144171 0.311374
v 0.103599 0.133826 -0.088663
v 0.039599 0.136482 0.468120
v 0.040111 -0.008702 0.470207
v 0.042927 -0.033007 0.147437
v 0.042927 -0.033007 0.147437
v -0.087889 0.036595 -0.014259
v 0.045743 0.179548 0.471398
v 0.045743 0.179548 0.471398
v 0.114863 0.101849 0.220737
v -0.012369 -0.200349 -0.125281
v -0.012369 -0.200349 -0.125281
v 0.119215 0.103488 0.203629
v 0.119215 0.103488 0.203629
v -0.075857 -0.115254 0.139573
v 0.055471 -0.071351 0.496724
v -0.139345 -0.023512 0.485689
v 0.124591 0.090483 -0.145479
v -0.005713 0.144684 0.088326
v 0.062895 0.094395 0.458010
v -0.061008 0.151633 -0.118435
v -0.045904 0.126280 0.462319
v 0.086192 0.194201 0.391743
v -0.108112 0.042981 -0.088495
v 0.031664 -0.059744 -0.299685
v -0.031568 -0.086484 0.246792
v -0.031568 -0.086484 0.246792
v -0.025424 -0.088919 -0.496996
v -0.090448 0.166309 -0.102074
v -0.089424 -0.028686 0.191975
v -0.022096 0.158584 -0.196438
v -0.278864 -0.145104 0.091190
v 0.247984 -0.154017 0.151805
v -0.076624 -0.202924 0.140239
v -0.071504 0.058206 -0.205647
v 0.060336 -0.092620 0.015208
v 0.060336 -0.092620 0.015208
v 0.060336 -0.092620 0.015208
v 0.060336 -0.092620 0.015208
v -0.062287 -0.162910 0.171648
v 0.070577 0.162018 0.221060
v -0.058447 -0.061916 -0.098355
v -0.058447 -0.061916 -0.098355
v -0.120911 -0.046655 0.486770
v 0.081073 -0.058790 0.048619
v 0.081073 -0.058790 0.048619
v 0.082865 0.077485 -0.094172
v 0.083377 0.044548 0.470898
v 0.083377 0.044548 0.470898
v -0.112975 -0.025121 0.389556
v 0.087985 -0.012668 -0.025969
v -0.102479 0.110775 -0.151250
v -0.094799 -0.013614 0.326120
v 0.169649 -0.140898 0.145887
v -0.023887 0.021958 0.442165
v 0.109745 -0.055716 0.454997
v -0.083023 0.007192 -0.122101
v -0.016463 -0.152752 -0.255440
v -0.080975 0.181645 0.354588
v -0.080975 0.181645 0.354588
v -0.071759 0.017790 -0.447261
v 0.060337 -0.106419 -0.022957
v 0.060337 -0.106419 -0.022957
v -0.128334 0.167050 0.491595
v 0.075698 0.106661 0.077443
v 0.075698 -0.013339 0.147342
v 0.084402 0.056431 0.471065
v -0.107342 -0.166629 0.144927
v -0.107342 -0.166629 0.144927
v 0.028338 0.142946 -0.235091
v 0.094386 -0.002113 0.472875
v -0.233294 -0.174452 0.144520
v 0.032434 0.098893 -0.243608
v 0.102322 0.149727 0.331811
v 0.038578 0.057212 0.382546
v 0.050610 -0.062078 0.182813
v 0.060338 -0.196801 0.058221
v 0.060338 -0.196801 0.058221
v -0.002638 0.057345 -0.261811
v -0.001870 -0.157994 -0.176941
v -0.001870 -0.157994 -0.176941
v -0.001358 -0.225151 0.171938
v -0.001358 -0.225151 0.171938
v 0.140467 0.118806 0.387077
v 0.140467 0.118806 0.387077
v 0.011699 0.147228 0.471319
v 0.011699 0.147228 0.471319
v 0.012467 -0.027078 -0.111333
v 0.012467 -0.027078 -0.111333
v 0.012467 -0.027078 -0.111333
v 0.081587 0.112491 -0.157260
v 0.021171 0.106541 0.382816
v 0.021171 0.106541 0.382816
v 0.021171 0.106541 0.382816
v 0.086707 -0.036311 0.203085
v 0.088243 0.213340 0.431696
v 0.031923 0.015232 0.448610
v -0.097101 0.111015 0.250200
v 0.054451 -0.011151 -0.351706
v 0.054451 -0.011151 -0.351706
v 0.060083 0.024065 -0.426056
v 0.126899 0.024598 0.344586
v 0.126899 0.024598 0.344586
v -0.002637 0.177421 0.003843
v -0.002637 0.177421 0.003843
v 0.001972 0.158630 -0.205416
v 0.001972 0.158630 -0.205416
v -0.061260 -0.119901 0.101583
v -0.061260 -0.119901 0.101583
v -0.061260 -0.119901 0.101583
v -0.061260 -0.119901 0.101583
v 0.007860 -0.132577 -0.486727
v 0.076468 -0.009371 0.257250
v 0.076468 -0.009371 0.257250
v -0.052812 -0.146582 0.026968
v -0.052812 -0.146582 0.026968
v -0.051788 0.174688 0.187132
v 0.079540 0.066282 0.057095
v 0.019380 -0.112982 -0.250773
v -0.045132 -0.129936 0.263618
v -0.041548 0.137777 0.147481
v -0.041548 0.137777 0.147481
v -0.041548 0.137777 0.147481
v -0.105548 -0.058554 0.431901
v -0.039500 0.058504 0.399190
v -0.038732 -0.072113 -0.220919
v -0.102732 -0.054072 -0.428154
v -0.095308 0.127492 0.169481
v 0.101556 -0.017333 0.111991
v -0.028236 0.155837 -0.187178
v 0.105652 0.146980 0.336002
v -0.089676 -0.119934 0.205395
v 0.111284 -0.055463 -0.021992
v -0.083788 -0.061763 0.190121
v -0.012108 0.118867 -0.243682
v 0.122548 -0.018028 0.396384
v -0.003148 -0.206090 -0.047539
v 0.064948 -0.021445 0.147420
v 0.196532 -0.135062 0.138263
v -0.130123 -0.151468 0.147450
v -0.061003 -0.116070 -0.122913
v -0.060747 -0.143510 0.050762
v -0.124235 0.080284 -0.095637
v -0.124235 0.080284 -0.095637
v -0.253771 -0.166190 0.097674
v -0.052299 -0.129383 -0.160288
v 0.083893 -0.065447 0.208260
v 0.088757 -0.067532 0.249090
v -0.107339 0.121793 0.474416
v 0.025269 -0.082173 0.405814
v 0.032181 0.126685 -0.086524
v 0.034485 0.103915 -0.256137
v 0.034485 0.103915 -0.256137
v 0.034741 -0.048956 0.221886
v 0.039861 -0.057542 -0.032075
v -0.090955 -0.047171 -0.104187
v -0.012363 0.147059 -0.234714
v 0.119477 0.026561 0.200942
v -0.074571 -0.142083 0.082881
v -0.074571 -0.142083 0.082881
v -0.074571 -0.142083 0.082881
v 0.057781 0.014944 0.079393
v 0.058037 0.035061 0.461784
v 0.059317 -0.134387 -0.426382
v 0.059317 -0.134387 -0.426382
v -0.002891 -0.072700 0.223394
v -0.002891 -0.072700 0.223394
v -0.061770 -0.127581 -0.125555
v -0.058186 -0.090893 -0.349377
v -0.057674 -0.088672 -0.114289
v -0.057674 -0.088672 -0.114289
v 0.011702 -0.049278 0.469849
v -0.119370 0.064536 0.171248
v -0.051530 0.132782 0.072534
v 0.018870 0.161351 -0.082873
v 0.019126 -0.059027 -0.253071
v 0.284086 -0.142100 0.095338
v -0.104778 0.091267 -0.098564
v -0.033866 0.126935 -0.255465
v 0.097974 -0.012157 0.322886
v -0.030538 -0.118667 -0.352934
v -0.026698 -0.162488 0.240117
v 0.046518 0.036188 -0.427798
v 0.046518 0.036188 -0.427798
v -0.014154 -0.049118 0.162009
v -0.074314 -0.014142 0.147630
v 0.059574 -0.073527 0.414188
v -0.071242 0.158699 0.224008
v 0.060342 -0.118722 -0.053476
v -0.000586 -0.050417 -0.233694
v 0.000439 -0.168477 0.034426
v 0.000439 -0.168477 0.034426
v 0.000439 -0.168477 0.034426
v 0.131511 0.055331 -0.104121
v 0.072375 -0.025460 -0.358934
v 0.078519 0.139932 0.252019
v -0.052297 -0.094269 -0.491888
v 0.079799 0.018448 -0.018218
v 0.016567 0.104814 -0.214437
v -0.113737 0.028302 0.223461
v -0.113737 0.028302 0.223461
v -0.047433 -0.068033 0.379265
v 0.019639 -0.139930 0.198144
v 0.029367 0.140345 -0.185975
v 0.030903 0.112943 -0.305775
v 0.030903 0.112943 -0.305775
v -0.230473 -0.182226 0.130264
v -0.230473 -0.182226 0.130264
v -0.098889 0.058033 -0.157974
v -0.098889 0.058033 -0.157974
v 0.037303 0.066508 -0.219110
v 0.037303 0.066508 -0.219110
v -0.090441 0.063836 0.077244
v 0.107191 0.086188 0.154385
v -0.085833 -0.133398 0.148396
v 0.045495 -0.024525 -0.174791
v 0.045495 -0.024525 -0.174791
v 0.046263 0.203139 0.367035
v 0.118455 -0.029455 0.495635
v -0.143177 0.024904 0.496669
v -0.143177 0.024904 0.496669
v -0.010313 0.017645 0.382089
v -0.010313 0.017645 0.382089
v -0.010057 -0.183079 0.196922
v -0.010057 -0.183079 0.196922
v 0.125367 -0.011214 0.498497
v 0.192695 -0.150497 0.148707
v 0.010424 -0.013995 0.147947
v 0.010424 -0.013995 0.147947
v 0.010424 -0.013995 0.147947
v 0.076216 -0.196282 0.153001
v 0.076216 -0.196282 0.153001
v 0.076216 -0.196282 0.153001
v -0.120392 0.106099 0.485018
v -0.053832 0.068360 0.454312
v 0.081336 -0.059233 0.145152
v 0.016056 -0.177263 0.044341
v 0.016056 -0.177263 0.044341
v 0.021688 -0.014688 0.470605
v 0.027320 0.169633 0.093563
v -0.034120 -0.036600 0.251977
v -0.098632 0.144033 -0.136191
v -0.032072 -0.053872 -0.327577
v -0.032072 -0.053872 -0.327577
v -0.032072 -0.053872 -0.327577
v -0.096072 0.134944 0.171877
v -0.096072 0.134944 0.171877
v -0.095560 0.012634 0.147453
v 0.101304 -0.101386 0.206251
v -0.017992 -0.060432 -0.009525
v 0.050872 -0.023877 -0.493823
v -0.012616 -0.043627 0.224428
v -0.012616 -0.043627 0.224428
v -0.010056 -0.210607 -0.044796
v -0.072520 -0.082083 0.487741
v 0.067257 0.003085 -0.481092
v 0.067257 0.003085 -0.481092
v -0.062279 -0.174264 0.081021
v -0.062279 -0.174264 0.081021
v -0.060999 -0.232860 0.116369
v 0.071609 0.057033 0.010465
v 0.071609 0.057033 0.010465
v 0.137401 0.040145 -0.115243
v -0.058951 0.112348 -0.218125
v -0.057671 -0.128057 -0.126200
v 0.142265 0.158504 0.431853
v 0.011705 0.132588 0.463472
v 0.079289 0.157821 0.470828
v 0.022201 0.177333 0.038708
v 0.024761 0.161482 -0.146301
v -0.105799 0.183576 0.494426
v -0.105799 0.183576 0.494426
v 0.028345 -0.123638 -0.255446
v -0.229447 -0.181278 0.117230
v 0.104121 -0.020156 0.009857
v 0.104121 -0.020156 0.009857
v -0.022599 0.135698 0.460394
v -0.022343 0.121621 0.091215
v -0.021575 0.131475 0.462634
v -0.080967 -0.097265 0.166112
v -0.078919 0.047114 -0.078818
v -0.011079 -0.172437 -0.215314
v -0.073799 -0.116029 0.108347
v 0.060857 -0.114974 -0.369951
v 0.069818 0.055904 -0.207373
v 0.008122 0.169152 -0.188459
v 0.020154 0.063183 -0.266524
v 0.020154 0.063183 -0.266524
v 0.020922 0.013896 -0.302820
v 0.020922 0.013896 -0.302820
v 0.088250 0.101186 -0.173360
v -0.040518 0.057256 0.445066
v -0.040518 0.057256 0.445066
v -0.029254 -0.061888 -0.291979
v -0.029254 -0.061888 -0.291979
v -0.028486 0.181331 0.472652
v -0.028486 0.181331 0.472652
v -0.027462 -0.079478 0.497163
v -0.027462 -0.079478 0.497163
v -0.086086 0.130711 -0.088273
v -0.015174 -0.028783 0.053005
v -0.143174 0.071969 0.377517
v -0.143174 0.071969 0.377517
v 0.119738 -0.157204 0.102893
v 0.064954 -0.115322 0.259596
v -0.196934 -0.132644 0.132777
v -0.065606 0.117810 -0.132894
v 0.069051 0.037393 0.147305
v 0.007099 -0.210106 -0.028047
v -0.105541 0.028815 0.161607
v -0.103749 -0.017111 -0.009279
v -0.036165 0.100567 -0.216383
v 0.031419 -0.164508 -0.274556
v -0.032069 -0.105007 -0.308915
v 0.101563 0.121875 0.224356
v 0.040891 -0.055952 -0.218311
v 0.040891 -0.055952 -0.218311
v 0.040891 -0.055952 -0.218311
v 0.106683 0.082376 0.252327
v -0.023621 -0.145668 -0.042076
v -0.020037 0.089643 -0.268215
v 0.114363 0.007528 -0.063588
v 0.186299 -0.179894 0.115707
v 0.060091 0.091704 -0.207410
v -0.136517 0.131878 0.393755
v -0.068165 0.078015 -0.015221
v -0.002629 -0.085433 0.496002
v -0.002629 -0.085433 0.496002
v -0.000581 0.227025 0.496431
v 0.002492 0.166305 -0.234846
v 0.071356 0.061636 -0.018150
v 0.072892 0.110916 0.471147
v 0.074940 -0.009997 0.147328
v -0.054852 -0.128159 -0.468808
v -0.054596 0.101342 -0.062317
v 0.080572 0.084607 -0.011676
v -0.047172 -0.080138 0.419325
v 0.025276 0.137407 0.065222
v -0.105796 0.038788 -0.118891
v -0.104004 0.140329 0.485182
v -0.035908 -0.135995 0.196224
v -0.032068 -0.102292 -0.275694
v 0.035260 -0.038177 0.271755
v -0.088132 -0.138573 0.132647
v -0.088132 -0.138573 0.132647
v -0.022084 -0.152804 -0.339996
v -0.020292 0.010182 0.452622
v -0.018756 -0.026487 -0.110903
v -0.018756 -0.026487 -0.110903
v -0.081732 0.155998 0.471263
v -0.013892 -0.052159 -0.252929
v 0.054204 -0.028106 0.255453
v -0.067140 0.100263 0.060386
v -0.063299 0.154423 -0.076941
v -0.063299 0.098959 -0.011740
v -0.058435 -0.198118 0.192938
v -0.058435 -0.198118 0.192938
v -0.058435 -0.198118 0.192938
v -0.058435 -0.198118 0.192938
v 0.010173 0.118784 0.446593
v 0.010173 0.118784 0.446593
v -0.185155 -0.180517 0.136910
v -0.185155 -0.180517 0.136910
v -0.046659 0.216719 0.401138
v -0.110147 -0.012010 0.363583
v 0.219325 -0.134575 0.120568
v 0.024765 -0.138484 0.195629
v 0.024765 -0.138484 0.195629
v 0.024765 -0.138484 0.195629
v -0.040771 0.008107 -0.207885
v -0.166979 -0.173599 0.145115
v -0.166979 -0.173599 0.145115
v -0.100675 0.147557 0.332128
v -0.032067 -0.092038 -0.283589
v 0.034749 0.031899 0.442587
v 0.101053 0.140136 0.198934
v 0.101053 0.140136 0.198934
v -0.095043 -0.084364 0.131349
v -0.095043 -0.084364 0.131349
v -0.095043 -0.084364 0.131349
v 0.168381 -0.167174 0.148553
v -0.014659 -0.128627 -0.193643
v -0.014659 -0.128627 -0.193643
v -0.014659 -0.128627 -0.193643
v -0.078147 -0.096564 0.258559
v -0.077891 0.020782 -0.091432
v 0.054717 0.134074 0.471780
v 0.120765 0.109224 -0.104980
v 0.120765 0.109224 -0.104980
v 0.120765 0.109224 -0.104980
v -0.127810 0.148735 0.498582
v -0.060738 -0.154362 0.054439
v -0.058946 0.093211 0.453951
v 0.072638 0.106531 -0.069244
v -0.055618 0.057269 0.454618
v 0.141502 0.138573 0.420007
v 0.013758 -0.149398 -0.392189
v 0.013758 -0.181575 -0.141931
v 0.088766 -0.003774 -0.428194
v -0.102210 -0.018386 0.064670
v -0.102210 -0.018386 0.064670
v -0.098114 0.045767 -0.156432
v -0.098114 0.045767 -0.156432
v -0.031042 0.167464 -0.259647
v -0.093762 0.134216 0.276299
v 0.106686 0.040539 -0.088442
v -0.088898 -0.038293 0.213185
v 0.110782 -0.051551 0.055578
v 0.110782 -0.051551 0.055578
v -0.149570 0.078714 0.389917
v 0.047550 0.003007 0.047432
v 0.051902 -0.114687 -0.486962
v -0.077634 -0.059315 0.023758
v -0.077634 -0.059315 0.023758
v -0.008002 -0.231051 -0.057035
v 0.013247 -0.189459 -0.114073
v 0.083391 -0.048368 0.018928
v 0.083391 -0.048368 0.018928
v 0.083391 -0.048368 0.018928
v 0.020415 0.021291 -0.300291
v -0.044353 -0.055323 0.339343
v -0.042049 0.111981 -0.060108
v -0.105793 -0.011776 0.351329
v -0.039233 -0.152724 0.214717
v 0.094911 -0.029024 -0.122040
v 0.094911 -0.029024 -0.122040
v 0.031679 -0.090799 -0.299474
v 0.097983 0.116439 0.224605
v 0.035519 -0.096878 -0.275651
v 0.170431 -0.136721 0.108340
v 0.170431 -0.136721 0.108340
v -0.090945 -0.071149 0.463642
v 0.040639 0.198293 0.346604
v 0.040639 0.198293 0.346604
v -0.021825 0.044845 -0.446531
v -0.021825 0.044845 -0.446531
v -0.086081 -0.004475 0.161268
v -0.086081 -0.004475 0.161268
v -0.078145 0.176219 -0.088283
v -0.011585 -0.024889 0.473422
v -0.075585 0.183167 0.352103
v -0.075585 0.183167 0.352103
v -0.006721 0.076900 -0.308598
v 0.059839 0.093447 0.016642
v 0.060095 -0.139707 0.084211
v 0.061887 0.020205 0.080096
v -0.058688 -0.213436 0.182588
v -0.053312 0.008546 0.078524
v 0.014016 -0.218859 -0.007577
v 0.146624 0.118296 0.405155
v 0.018624 0.025928 -0.294896
v -0.112192 -0.031051 0.400542
v 0.085440 0.033065 0.000995
v 0.085440 0.033065 0.000995
v -0.038208 0.176935 0.174495
v -0.034880 -0.116301 -0.352604
v -0.034880 -0.116301 -0.352604
v 0.031424 -0.080198 -0.250995
v -0.098624 -0.055902 -0.082717
v -0.091968 0.057349 0.474850
v -0.087616 -0.050781 0.387744
v -0.019520 0.025730 0.446270
v -0.013120 0.123961 -0.006396
v -0.013120 0.123961 -0.006396
v 0.122560 0.134121 0.362523
v 0.122560 0.134121 0.362523
v -0.137280 0.071774 0.361174
v -0.069440 0.096644 0.463130
v 0.062912 -0.131203 -0.042604
v 0.000449 -0.209624 0.023291
v 0.000449 -0.209624 0.023291
v 0.000449 -0.209624 0.023291
v 0.000449 0.180045 0.095835
v 0.080577 0.003961 -0.426125
v 0.085697 -0.025658 0.173312
v 0.085697 -0.025658 0.173312
v 0.088513 0.126239 -0.098997
v 0.034753 0.160662 -0.145728
v 0.034753 0.160662 -0.145728
v 0.036801 -0.134161 -0.158599
v -0.138303 0.042258 -0.116668
v 0.000962 0.015491 0.440826
v 0.000962 0.015491 0.440826
v 0.083394 -0.042110 -0.367391
v -0.044606 0.068956 0.440340
v -0.044606 0.222101 0.418743
v 0.094914 -0.023690 -0.410922
v 0.029634 0.128048 0.456225
v 0.032706 0.126340 -0.134531
v 0.032706 0.126340 -0.134531
v -0.095038 -0.029952 -0.120930
v -0.095038 -0.029952 -0.120930
v -0.027966 0.003892 -0.297853
v -0.027966 0.003892 -0.297853
v -0.027966 0.011223 -0.299825
v -0.027966 0.011223 -0.299825
v 0.105154 -0.029249 0.190231
v 0.105154 -0.029249 0.190231
v 0.105154 -0.029249 0.190231
v -0.091198 -0.086522 0.013879
v -0.091198 -0.086522 0.013879
v 0.044482 -0.074483 0.392839
v -0.277822 -0.182368 0.152364
v 0.053442 0.017098 -0.478822
v 0.053442 0.017098 -0.478822
v -0.010814 0.008041 0.450368
v 0.061634 -0.176860 0.082358
v 0.063938 0.068682 0.462208
v -0.063293 0.163303 0.171918
v -0.063293 0.163303 0.171918
v -0.057917 0.096312 0.147407
v -0.254013 -0.186781 0.113157
v 0.078275 -0.011965 0.224737
v 0.078275 -0.011965 0.224737
v 0.085955 -0.148673 0.092630
v 0.087747 -0.171083 0.143285
v 0.087747 -0.171083 0.143285
v -0.041789 0.028762 -0.385835
v -0.103997 -0.063798 0.242996
v 0.027587 0.101042 -0.238856
v 0.029379 -0.061489 -0.293347
v -0.031037 -0.148687 -0.406764
v 0.039363 0.176411 0.280996
v -0.021053 0.036153 -0.286747
v -0.021053 0.036153 -0.286747
v -0.084285 0.049690 -0.081565
v -0.011325 -0.173754 0.037339
v -0.011325 -0.173754 0.037339
v 0.058819 -0.129623 -0.109253
v -0.004157 -0.214211 -0.104829
v -0.000573 0.224824 0.400957
v -0.054332 -0.026265 0.251033
v -0.035388 0.132205 0.462183
v -0.165436 0.096879 0.431802
v 0.098756 0.059512 -0.158298
v 0.102596 -0.012547 0.335148
v 0.040388 0.167937 0.021461
v -0.153916 0.005422 0.460184
v 0.045252 0.004476 -0.202494
v 0.058564 0.024165 -0.404981
v 0.058564 0.024165 -0.404981
v 0.058564 0.024165 -0.404981
v 0.060100 -0.143880 0.190784
v 0.060612 -0.073699 -0.345574
v -0.197436 -0.146207 0.144841
v -0.257083 -0.132045 0.106129
v -0.060475 -0.177516 0.060134
v 0.011461 -0.212786 -0.045261
v 0.082373 -0.059632 0.163431
v 0.087493 -0.017128 0.147888
v 0.099525 0.145221 0.324541
v 0.037829 0.159656 0.147525
v 0.037829 0.159656 0.147525
v 0.039877 -0.030847 -0.214793
v 0.042181 0.222488 0.419395
v 0.107717 -0.016453 0.357718
v -0.022843 -0.138128 -0.480006
v -0.084795 -0.069810 0.247668
v -0.018235 0.053071 -0.326711
v -0.018235 -0.164512 -0.269520
v -0.018235 -0.164512 -0.269520
v 0.118725 0.050705 0.297145
v 0.187589 -0.168325 0.148516
v -0.073531 0.169535 -0.072221
v -0.061754 -0.117908 -0.093772
v -0.061754 -0.117908 -0.093772
v 0.013766 0.123865 0.064306
v 0.018630 0.188094 -0.097453
v -0.046394 0.039822 0.446091
v 0.087238 -0.018863 0.058371
v -0.043834 -0.013604 -0.188392
v -0.042554 0.123667 0.462634
v 0.031430 -0.130577 -0.341073
v 0.035526 0.163877 -0.054522
v 0.036294 0.163070 -0.029226
v 0.036294 0.163070 -0.029226
v 0.104646 0.039473 -0.093788
v 0.039366 0.113785 -0.204616
v 0.046790 -0.012674 0.147733
v -0.082746 -0.056525 0.127546
v 0.048582 -0.082192 0.493427
v 0.049094 -0.058543 -0.184673
v 0.056774 0.228356 0.431606
v 0.058822 0.017042 0.049733
v 0.067015 0.101090 0.089059
v 0.067015 0.101090 0.089059
v -0.051257 -0.122589 -0.368513
v -0.051001 -0.144989 -0.071149
v -0.048185 0.204071 0.368749
v 0.031687 -0.146615 -0.325463
v 0.099783 0.005767 0.471043
v 0.036807 0.176420 0.173211
v 0.105927 0.136774 0.484707
v -0.022841 0.145712 0.475158
v 0.050375 0.006004 0.096999
v -0.014649 -0.222654 -0.050057
v 0.052167 -0.139611 -0.139203
v -0.011065 -0.213983 0.009523
v -0.011065 -0.213983 0.009523
v -0.011065 -0.213983 0.009523
v -0.004665 -0.204769 0.061222
v -0.004665 -0.204769 0.061222
v -0.004665 -0.204769 0.061222
v -0.265273 -0.150286 0.093875
v 0.129735 0.067861 0.330780
v 0.000200 0.127547 0.092059
v -0.061240 -0.151551 0.079903
v -0.061240 -0.151551 0.079903
v -0.061240 -0.151551 0.079903
v -0.060984 -0.220557 0.165446
v -0.060984 -0.220557 0.165446
v 0.075464 -0.054575 -0.023879
v -0.185912 -0.168328 0.101792
v -0.185912 -0.168328 0.101792
v -0.110392 -0.061315 0.137737
v 0.091080 -0.070525 0.433995
v 0.028360 0.167700 -0.258713
v 0.031176 0.141203 -0.235396
v -0.034104 -0.000582 0.466780
v -0.032056 -0.111428 -0.256720
v 0.107464 0.055635 -0.094500
v -0.021816 -0.175336 -0.296862
v -0.081464 -0.091669 0.050527
v -0.015416 0.046345 -0.428089
v 0.053192 -0.003109 0.470641
v -0.077112 0.086669 0.014357
v 0.057288 -0.198386 0.192811
v 0.057288 -0.198386 0.192811
v 0.123080 0.035022 -0.082743
v -0.060471 -0.199466 0.190548
v -0.060471 -0.199466 0.190548
v -0.060471 -0.101666 -0.073622
v -0.060471 -0.101666 -0.073622
v 0.005577 0.170990 0.156460
v 0.142025 -0.018903 0.454722
v 0.014537 0.228248 0.494948
v -0.109623 -0.149076 0.105088
v -0.109623 -0.149076 0.105088
v 0.091593 -0.005928 0.162126
v -0.031799 -0.087387 -0.324947
v 0.034249 0.116855 -0.271658
v -0.031031 -0.092450 -0.337455
v -0.031031 -0.092450 -0.337455
v -0.092727 -0.104304 0.190469
v -0.088887 0.023409 -0.126936
v 0.048585 -0.048014 0.485855
v -0.065078 -0.023357 0.224669
v -0.059190 -0.129351 -0.111049
v 0.009930 0.106577 0.445036
v 0.080586 0.002256 -0.405390
v 0.016074 -0.128175 -0.190840
v 0.016074 -0.128175 -0.190840
v -0.114230 0.163600 0.383788
v -0.113206 -0.081468 0.204534
v -0.110902 0.109751 0.472397
v -0.037430 -0.037490 0.259601
v 0.028362 -0.016028 -0.111298
v -0.101942 0.101554 0.156526
v -0.026934 0.139839 -0.187367
v -0.089910 0.125480 0.250892
v 0.107210 0.017459 0.473659
v 0.043978 0.162205 0.161772
v 0.043978 0.162205 0.161772
v -0.020790 0.095432 -0.299858
v 0.110538 0.155892 0.362728
v 0.110538 0.155892 0.362728
v 0.113866 0.101249 0.173565
v -0.081462 -0.052951 -0.015943
v -0.081462 -0.052951 -0.015943
v -0.081462 -0.052951 -0.015943
v -0.013878 -0.198080 -0.095147
v -0.000566 -0.066844 0.352811
v -0.000566 -0.066844 0.352811
v -0.059701 -0.128077 0.194785
v -0.059445 0.027295 -0.449178
v -0.059445 0.027295 -0.449178
v 0.075979 0.011410 -0.004237
v 0.075979 0.011410 -0.004237
v 0.016075 -0.028143 -0.025491
v -0.110133 -0.076744 0.186391
v -0.109621 0.152705 0.354898
v -0.109621 0.152705 0.354898
v -0.043317 0.096468 0.453221
v 0.092363 -0.094905 0.173964
v 0.159947 0.038211 0.427037
v 0.159947 0.038211 0.427037
v -0.025653 0.019848 0.450675
v 0.040139 -0.054291 0.342923
v -0.025141 0.127466 -0.007327
v -0.025141 0.127466 -0.007327
v -0.025141 0.127466 -0.007327
v 0.116171 0.048807 0.470854
v -0.072245 -0.109207 0.267718
v 0.060107 -0.198729 0.190601
v 0.060107 -0.134427 -0.445852
v 0.061387 0.105654 -0.063163
v 0.061643 -0.185152 0.163822
v 0.061643 -0.185152 0.163822
v -0.000821 -0.081575 0.496259
v -0.000309 -0.175340 -0.300080
v 0.078028 0.038843 0.054084
v -0.051508 0.130666 0.475485
v 0.090060 -0.052701 -0.479139
v -0.104756 0.030116 0.224536
v 0.095180 -0.085516 -0.425187
v 0.095180 -0.085516 -0.425187
v 0.033484 0.167986 0.240456
v -0.088628 0.211179 0.429846
v 0.043468 0.234302 0.441249
v -0.021044 -0.131629 -0.168484
v 0.110284 0.066336 0.161869
v 0.114380 0.172979 0.404396
v 0.049356 -0.072082 -0.495162
v 0.061644 0.116282 -0.007332
v 0.061644 0.116282 -0.007332
v 0.064972 0.180356 -0.093859
v 0.000205 -0.150889 -0.394461
v 0.072653 0.136202 0.147397
v 0.072653 0.136202 0.147397
v -0.120371 -0.028447 -0.079011
v 0.276685 -0.121686 0.123665
v 0.015309 -0.152848 -0.445854
v 0.018637 0.045488 -0.276291
v -0.037683 0.167787 0.162307
v -0.037427 -0.021751 -0.025271
v 0.028877 -0.065887 -0.282367
v 0.095949 0.128675 0.273148
v -0.099379 0.108080 -0.093972
v -0.098867 -0.084654 0.258603
v 0.038605 0.178180 0.293355
v -0.026163 -0.046893 0.470573
v -0.089139 -0.010300 -0.407128
v 0.113869 0.016845 0.484857
v 0.113869 0.016845 0.484857
v 0.061901 -0.121667 0.019611
v 0.061901 -0.121667 0.019611
v 0.065998 0.082276 0.058187
v 0.065998 0.082276 0.058187
v -0.061746 -0.170694 0.060474
v 0.071630 -0.120479 -0.454911
v -0.059186 -0.145864 0.196011
v -0.056114 0.103810 0.463815
v 0.077518 -0.015706 -0.371552
v 0.014798 0.123419 0.147378
v 0.014798 0.123419 0.147378
v -0.050738 -0.131818 0.195475
v 0.017358 -0.145526 -0.044329
v 0.083662 -0.039494 -0.043607
v 0.090318 -0.071503 0.488469
v -0.105266 -0.009568 -0.035302
v -0.104754 0.067181 -0.130141
v -0.231986 -0.139185 0.108567
v -0.097586 0.111716 0.237286
v -0.029234 0.141310 0.015248
v 0.037326 -0.119952 -0.488359
v -0.092466 0.126680 0.265929
v 0.105934 0.051045 0.247645
v 0.105934 0.051045 0.247645
v 0.040910 0.144732 -0.153973
v 0.040910 0.144732 -0.153973
v -0.089394 0.072111 0.063571
v 0.043982 -0.104216 -0.348112
v 0.046286 -0.066147 0.386380
v 0.047566 -0.086455 -0.182580
v 0.050638 -0.127341 -0.374549
v -0.078642 0.069807 -0.098773
v 0.058574 0.098148 -0.222088
v 0.058574 0.098148 -0.222088
v 0.058574 0.098148 -0.222088
v -0.069426 0.208167 0.404725
v -0.000562 0.111326 0.440974
v -0.000562 0.111326 0.440974
v -0.000562 0.111326 0.440974
v -0.062769 0.170984 0.471234
v -0.062769 0.170984 0.471234
v 0.003535 0.154637 -0.126172
v -0.117041 0.057457 0.291877
v -0.050225 -0.022044 -0.146928
v 0.151503 0.075166 0.396940
v 0.024015 0.118410 -0.237934
v -0.040753 0.165016 -0.009537
v -0.040753 0.165016 -0.009537
v -0.040753 0.165016 -0.009537
v 0.031183 0.098636 -0.294420
v 0.031183 0.098636 -0.294420
v 0.032719 0.170879 0.224432
v -0.028721 -0.015830 -0.112465
v -0.086321 0.131936 0.161761
v -0.277553 -0.122893 0.135973
v -0.012849 -0.050548 0.473360
v -0.140081 0.005052 0.407288
v -0.071729 0.014583 -0.102949
v 0.000464 -0.190557 -0.087732
v -0.122160 0.068563 -0.150408
v -0.186928 -0.182544 0.125479
v -0.055856 0.168818 0.176079
v -0.120112 0.032096 0.485346
v -0.120112 0.032096 0.485346
v -0.120112 0.032096 0.485346
v -0.048944 -0.078626 -0.197096
v -0.046384 0.119344 -0.226299
v 0.020688 0.062987 -0.320727
v 0.020688 0.062987 -0.320727
v 0.022736 -0.085995 0.420059
v -0.036912 -0.061888 0.490696
v 0.031184 0.160010 -0.287662
v 0.031184 0.160010 -0.287662
v -0.165424 -0.151700 0.099188
v -0.152880 0.047742 0.405745
v -0.019504 -0.044929 0.161399
v -0.084016 0.086587 0.471160
v -0.016176 0.173024 0.250617
v -0.013360 -0.162587 -0.196401
v -0.013360 -0.162587 -0.196401
v -0.013360 -0.162587 -0.196401
v 0.060624 -0.132367 -0.061849
v -0.070192 -0.136875 0.206113
v 0.000465 -0.153590 -0.410622
v 0.000465 -0.153590 -0.410622
v 0.000465 0.043659 -0.426069
v 0.068305 0.113290 -0.083977
v 0.068305 0.113290 -0.083977
v 0.070865 -0.124587 -0.411112
v -0.123183 0.029295 0.487357
v -0.123183 0.029295 0.487357
v -0.053551 -0.143290 -0.110319
v 0.013777 0.125568 -0.254427
v 0.085201 0.132814 -0.087734
v -0.044335 0.092363 -0.217859
v -0.044335 0.092363 -0.217859
v -0.044335 0.092363 -0.217859
v -0.109103 0.101015 0.171160
v -0.037423 0.040757 -0.427731
v -0.037423 0.040757 -0.427731
v 0.030161 0.184659 0.471311
v -0.099375 0.134036 0.292609
v 0.040145 0.122145 0.457120
v -0.084783 0.048839 -0.082285
v 0.058321 -0.171874 0.199680
v 0.058321 -0.171874 0.199680
v 0.058321 -0.171874 0.199680
v 0.060113 -0.172760 0.059393
v 0.060113 -0.172760 0.059393
v -0.064302 0.152501 0.161899
v -0.064302 0.152501 0.161899
v -0.058158 -0.139352 -0.119537
v 0.212434 -0.159543 0.148180
v -0.044590 -0.107001 -0.350419
v -0.044590 -0.107001 -0.350419
v 0.021202 -0.004190 0.460135
v -0.044078 0.234095 0.486653
v 0.284114 -0.173997 0.095675
v -0.107054 0.069247 -0.155532
v -0.106286 0.049633 0.245613
v -0.106286 0.049633 0.245613
v -0.039214 0.163699 -0.041917
v -0.039214 0.163699 -0.041917
v -0.095278 -0.010939 0.320008
v 0.038866 -0.105720 0.257889
v -0.023598 0.223669 0.406420
v 0.114130 0.164881 0.386682
v -0.016174 -0.138258 0.253139
v 0.117970 -0.008257 -0.112344
v 0.056530 0.020484 -0.388848
v 0.059858 -0.147939 0.059492
v 0.059858 -0.147939 0.059492
v -0.070446 0.162253 0.220861
v -0.069678 0.059894 -0.207411
v 0.062418 0.153303 0.241518
v -0.068142 0.127944 -0.156019
v -0.068142 0.127944 -0.156019
v -0.002094 0.170186 -0.033414
v -0.002094 0.170186 -0.033414
v -0.065325 0.101295 -0.135703
v -0.065325 0.101295 -0.135703
v -0.130093 0.005794 -0.110481
v 0.001491 0.162488 -0.079148
v -0.060205 -0.085313 -0.033210
v 0.081107 -0.121665 0.268156
v 0.017107 0.168912 -0.141991
v 0.022995 0.022594 0.441611
v 0.089811 0.052005 0.002281
v 0.089811 0.052005 0.002281
v 0.089811 0.052005 0.002281
v 0.103891 -0.118784 0.238195
v 0.039123 0.090883 -0.215596
v -0.087597 0.071222 -0.078814
v -0.131117 0.007550 -0.099937
v -0.131117 0.007550 -0.099937
v 0.000468 0.183739 0.278384
v 0.133076 -0.173335 0.105792
v -0.061996 -0.204735 0.138006
v -0.061740 0.010483 -0.026800
v -0.061740 0.010483 -0.026800
v 0.073684 0.027206 -0.131143
v -0.051756 -0.073823 -0.173753
v 0.017108 0.021617 -0.216821
v 0.017108 0.021617 -0.216821
v 0.019156 -0.087793 -0.246068
v 0.086996 0.201597 0.418929
v -0.104236 -0.012876 -0.026747
v -0.103468 0.138381 0.196722
v -0.103468 0.138381 0.196722
v 0.094420 0.135582 0.223950
v 0.094932 0.138249 0.471001
v 0.034004 0.116889 0.450101
v 0.100308 -0.037760 -0.446950
v 0.100308 -0.037760 -0.446950
v 0.037076 0.178930 0.180736
v 0.041940 -0.087114 0.247543
v 0.041940 -0.087114 0.247543
v -0.020268 0.122047 -0.056896
v -0.020268 0.122047 -0.056896
v -0.079916 0.016674 -0.017715
v -0.079916 0.016674 -0.017715
v -0.000300 0.133353 -0.084296
v 0.002517 0.154836 -0.115597
v 0.002517 0.154836 -0.115597
v 0.008149 0.186699 -0.123505
v -0.055083 0.170773 0.287628
v -0.048171 0.085888 -0.214410
v -0.113451 0.140803 -0.120421
v -0.044331 0.003580 0.468517
v 0.087765 -0.046013 0.222482
v 0.025557 -0.009634 -0.033002
v -0.034347 -0.006127 -0.093953
v -0.034347 -0.006127 -0.093953
v -0.096299 0.138783 0.292528
v -0.030251 -0.008118 -0.002705
v -0.030251 -0.008118 -0.002705
v 0.050133 0.179715 -0.072310
v -0.080939 -0.010480 0.259360
v -0.080939 -0.010480 0.259360
v -0.080939 -0.010480 0.259360
v 0.051157 0.104117 -0.061842
v 0.052437 0.167004 -0.060316
v -0.067371 0.015475 -0.128553
v -0.067371 0.015475 -0.128553
v -0.057642 -0.008867 0.070437
v 0.017110 -0.013001 0.045109
v 0.017110 -0.013001 0.045109
v 0.082646 -0.112513 0.188772
v 0.082646 -0.112513 0.188772
v 0.084950 0.160986 -0.128156
v 0.086486 -0.051316 0.387380
v 0.021206 0.173214 0.001079
v 0.021206 0.173214 0.001079
v -0.042794 0.205114 0.365255
v -0.105514 0.083385 0.147143
v -0.105002 0.199925 0.431510
v 0.029398 0.128766 -0.259935
v 0.029398 0.128766 -0.259935
v 0.029398 0.128766 -0.259935
v 0.097238 -0.063642 -0.067200
v -0.030506 0.144072 -0.234912
v -0.026922 0.036457 -0.349160
v 0.038870 0.128880 -0.084372
v -0.090154 -0.001052 -0.055321
v -0.090154 -0.001052 -0.055321
v 0.044246 -0.133839 0.196312
v 0.044246 -0.133839 0.196312
v -0.085802 -0.062080 0.420288
v -0.081194 0.054635 -0.018572
v -0.080170 0.114714 -0.156704
v -0.080170 0.114714 -0.156704
v -0.141866 0.002656 0.420285
v 0.060118 -0.139694 -0.035605
v 0.000215 0.180363 0.020811
v 0.000471 -0.098153 0.431539
v 0.069079 -0.123713 -0.398292
v 0.074455 0.119415 -0.175950
v -0.056617 -0.002646 -0.101565
v 0.010711 0.163632 -0.285626
v 0.014551 -0.140940 -0.256834
v 0.014551 -0.140940 -0.256834
v 0.085463 -0.168056 0.159331
v 0.085463 -0.168056 0.159331
v 0.021463 -0.021924 -0.029710
v -0.035369 -0.091006 -0.270613
v -0.032553 -0.045366 -0.498929
v -0.085545 0.069709 0.471207
v 0.051159 0.117254 -0.230075
v -0.259368 -0.126908 0.128878
v -0.061736 -0.112741 0.131322
v -0.125480 0.069926 0.485197
v 0.080600 0.046897 0.083057
v 0.025560 0.140296 -0.078066
v 0.029912 0.004568 -0.491992
v 0.033240 0.167073 0.160869
v 0.034008 -0.023213 -0.023355
v -0.031272 0.141478 -0.235237
v -0.026152 0.109180 0.444822
v -0.023848 -0.137751 0.261447
v -0.284200 -0.131902 0.104477
v -0.284200 -0.131902 0.104477
v -0.019496 -0.058337 -0.247160
v -0.019496 -0.058337 -0.247160
v -0.077352 0.000313 -0.149347
v -0.072744 -0.005639 -0.483332
v 0.060120 -0.171259 0.052667
v -0.061991 0.185739 0.488144
v 0.079065 0.163122 -0.075713
v 0.016857 -0.175163 -0.298136
v -0.047911 -0.017695 0.471416
v 0.017881 0.182374 0.221372
v 0.018137 0.174338 0.224216
v 0.021465 -0.110232 -0.492873
v 0.025049 0.166880 0.148046
v -0.104999 0.155524 0.359315
v 0.033241 -0.035287 0.250339
v 0.106457 -0.012732 0.346700
v 0.041689 0.068460 0.443716
v -0.087079 -0.034072 0.197576
v -0.085799 0.163472 0.485269
v -0.277287 -0.162944 0.160752
v -0.014887 -0.013338 0.147282
v -0.013351 0.163650 0.471124
v -0.013351 0.163650 0.471124
v 0.118745 0.078002 0.221188
v 0.118745 0.078002 0.221188
v 0.055513 0.001592 -0.361709
v -0.005927 0.188691 -0.047644
v -0.125734 -0.013710 0.394696
v 0.071130 -0.124488 -0.426300
v 0.071130 -0.124488 -0.426300
v 0.071130 -0.046910 0.490141
v -0.059942 0.027834 -0.427855
v -0.059942 0.027834 -0.427855
v 0.081114 0.006500 -0.446700
v 0.017626 0.171764 -0.044341
v 0.087770 0.016276 -0.172326
v 0.037338 -0.052371 -0.055598
v -0.088870 0.122775 0.147347
v -0.083238 -0.111944 -0.446925
v -0.063525 0.007279 -0.375692
v -0.056613 0.156617 -0.080318
v 0.009435 0.163636 -0.285640
v 0.141787 -0.018582 0.432529
v 0.077275 -0.059333 0.497115
v 0.011995 0.008075 -0.492478
v 0.084699 0.013197 0.474312
v -0.042277 -0.043416 0.471175
v -0.040229 -0.025982 -0.108329
v -0.040229 -0.025982 -0.108329
v 0.025819 0.001692 -0.297300
v -0.104997 0.004629 0.308309
v -0.038437 0.161648 0.142968
v -0.038437 0.161648 0.142968
v 0.101083 0.006337 0.473493
v -0.025637 0.209184 0.492694
v -0.024101 -0.010174 -0.095567
v -0.024101 -0.010174 -0.095567
v -0.086309 -0.190891 0.139117
v -0.075813 0.029799 0.475010
v 0.256219 -0.130580 0.107012
v 0.256219 -0.130580 0.107012
v -0.066853 0.029562 -0.081108
v -0.129828 -0.013863 0.494821
v -0.061988 -0.167989 0.070640
v 0.074204 0.138960 0.161373
v -0.053540 0.115617 0.061693
v -0.044324 0.162133 0.161733
v -0.044324 0.162133 0.161733
v 0.031452 -0.128825 -0.280191
v -0.031012 -0.083504 -0.334276
v -0.031012 -0.083504 -0.334276
v -0.226852 -0.136084 0.139232
v -0.094500 -0.131599 0.241552
v -0.024100 -0.009223 0.080336
v -0.088100 -0.016274 -0.009607
v 0.110044 0.160615 0.381473
v 0.112092 -0.012812 0.362294
v -0.083492 -0.051903 0.091851
v -0.083492 -0.051903 0.091851
v -0.143140 0.113707 0.497351
v 0.057564 -0.158507 0.198828
v -0.134436 0.092081 -0.133225
v -0.134436 0.092081 -0.133225
v -0.068388 0.153412 0.258181
v -0.066852 0.081723 -0.067621
v 0.197085 -0.141797 0.141676
v -0.062243 -0.136294 0.165585
v -0.060707 -0.119882 -0.016823
v -0.060707 -0.119882 -0.016823
v -0.060707 -0.119882 -0.016823
v -0.060707 -0.119882 -0.016823
v 0.080861 0.112516 -0.170848
v 0.080861 0.112613 -0.169998
v -0.179491 -0.137460 0.107846
v 0.020957 -0.176545 -0.274893
v 0.020957 -0.176545 -0.274893
v 0.020957 -0.176545 -0.274893
v 0.031709 -0.157693 -0.304527
v 0.098013 -0.079614 0.093629
v 0.098013 -0.079614 0.093629
v -0.031523 0.096738 -0.291340
v -0.031523 0.096738 -0.291340
v 0.041949 -0.049703 0.316216
v -0.022563 0.022462 0.429651
v -0.085027 -0.052201 0.193826
v -0.016419 0.142754 -0.077237
v -0.081187 -0.125846 0.200305
v -0.012835 0.171471 -0.186875
v 0.056285 -0.016193 -0.179355
v 0.061661 -0.197780 0.151536
v -0.003107 -0.041922 0.232585
v -0.003107 -0.041922 0.232585
v -0.064290 -0.152675 0.237163
v 0.004318 -0.060732 0.335121
v 0.078814 0.114990 -0.130836
v 0.148702 0.095626 0.496497
v 0.020702 0.028624 -0.295500
v 0.026078 0.117372 -0.207041
v 0.026078 0.117372 -0.207041
v -0.038946 0.066165 0.418679
v -0.038946 0.066165 0.418679
v 0.104414 0.178284 0.498189
v 0.104414 0.178284 0.498189
v 0.039902 0.007928 0.457512
v -0.025122 0.101476 -0.254444
v -0.025122 0.101476 -0.254444
v 0.040926 -0.060438 0.013454
v 0.040926 -0.060438 0.013454
v 0.040926 -0.060438 0.013454
v -0.022562 -0.159711 -0.331984
v -0.020002 0.043726 -0.268581
v 0.045790 -0.142901 -0.445576
v 0.114398 -0.014599 0.380741
v -0.014626 -0.212225 -0.075580
v -0.014626 -0.212225 -0.075580
v -0.006946 -0.164302 -0.163186
v 0.060126 0.093066 -0.012612
v -0.061729 -0.149476 0.061893
v -0.060961 -0.093941 0.042304
v -0.060961 -0.093941 0.042304
v -0.060961 -0.093941 0.042304
v -0.060961 -0.093941 0.042304
v -0.058913 -0.146569 0.054027
v 0.008671 0.137741 -0.205031
v 0.008671 0.137741 -0.205031
v 0.008671 0.137741 -0.205031
v 0.078303 -0.004735 -0.470154
v -0.051489 -0.154363 0.052086
v -0.113185 -0.046091 -0.025671
v 0.083679 -0.026680 -0.373454
v -0.040737 0.112619 -0.029696
v -0.039969 0.138386 0.085589
v 0.231903 -0.174054 0.106199
v 0.231903 -0.174054 0.106199
v -0.093473 0.087448 -0.177924
v -0.022817 -0.011139 -0.033318
v -0.085537 -0.019323 0.106012
v -0.085537 -0.019323 0.106012
v 0.045791 0.202566 0.380837
v 0.117215 0.018635 -0.071157
v 0.058079 -0.237180 0.150499
v 0.058079 -0.237180 0.150499
v 0.059871 -0.134583 -0.428015
v 0.063199 -0.124524 0.095340
v 0.063199 -0.124524 0.095340
v -0.061216 -0.000563 -0.188813
v 0.075744 0.016191 -0.093372
v 0.011488 -0.195847 -0.089850
v 0.083424 -0.060919 0.184399
v 0.086496 0.129292 0.249035
v 0.089056 -0.010170 -0.408685
v -0.107296 -0.153620 0.105049
v 0.093152 -0.054064 -0.382790
v 0.030432 -0.072492 -0.332289
v -0.100384 -0.058383 -0.072320
v -0.100384 -0.058383 -0.072320
v -0.033568 0.172229 0.256571
v -0.033568 0.172229 0.256571
v 0.032224 0.117523 -0.058416
v 0.032224 0.117523 -0.058416
v -0.093472 0.121978 0.231353
v -0.026144 -0.009538 0.075604
v -0.024096 0.224124 0.496901
v 0.041696 0.166034 0.024891
v -0.023840 0.226367 0.419344
v 0.112608 -0.136111 0.120656
v 0.112608 -0.136111 0.120656
v 0.050400 0.104998 0.147454
v -0.080672 0.068402 0.474950
v -0.067360 -0.048943 -0.052241
v -0.067360 -0.048943 -0.052241
v -0.001568 -0.051686 -0.254314
v -0.000032 0.192380 0.306869
v -0.060191 -0.241257 0.114385
v -0.056607 -0.038216 0.172169
v 0.076001 -0.039014 0.336361
v 0.083425 -0.051529 0.093981
v 0.083425 -0.051529 0.093981
v 0.083425 -0.051529 0.093981
v 0.020705 0.045480 -0.333085
v 0.020705 0.045480 -0.333085
v -0.042271 0.080314 0.440763
v 0.089057 0.214048 0.488048
v 0.089057 0.130605 0.224316
v 0.093153 -0.046552 -0.103709
v -0.035103 0.161710 -0.048850
v -0.035103 0.161710 -0.048850
v 0.031457 -0.134473 0.254657
v -0.088351 -0.161769 0.103936
v -0.088351 -0.161769 0.103936
v -0.088351 -0.161769 0.103936
v -0.021023 -0.141254 -0.348631
v -0.019999 0.118147 0.452964
v -0.012575 -0.150328 -0.246804
v 0.254689 -0.167366 0.152317
v -0.071711 0.057086 0.010431
v -0.005919 -0.144157 -0.244978
v -0.005919 -0.144157 -0.244978
v -0.134175 0.145767 0.404285
v 0.064481 -0.023591 0.224768
v 0.064481 -0.023591 0.224768
v -0.061982 -0.185004 0.085946
v -0.061982 -0.185004 0.085946
v -0.061982 -0.185004 0.085946
v 0.070626 0.066813 0.147499
v 0.076002 -0.119676 0.149173
v -0.115998 0.113817 -0.144074
v 0.016610 -0.054845 -0.259628
v 0.149730 0.024448 0.419777
v 0.084706 -0.090835 0.045697
v 0.021218 0.009255 0.453278
v 0.025058 -0.137317 0.196790
v 0.091106 -0.098298 -0.446719
v 0.091362 -0.087414 0.050969
v 0.035810 0.183446 -0.065518
v -0.094750 -0.081701 -0.007971
v -0.020510 0.043056 -0.331966
v -0.081950 -0.045167 0.364554
v -0.073246 -0.028474 0.170190
v 0.067555 -0.028678 0.161939
v 0.067555 -0.028678 0.161939
v -0.062493 -0.156579 0.079013
v -0.062493 -0.156579 0.079013
v -0.061213 -0.136358 0.085772
v 0.082403 0.173177 -0.096533
v 0.020451 0.054983 -0.260225
v 0.020451 0.054983 -0.260225
v -0.040733 -0.157954 0.232200
v -0.038685 -0.007355 -0.095405
v -0.034845 0.184380 0.195740
v -0.098077 0.163256 0.351725
v -0.097053 -0.005379 0.172015
v -0.097053 -0.005379 0.172015
v -0.089885 0.050616 0.002327
v -0.089885 0.050616 0.002327
v -0.088349 -0.018343 0.155710
v -0.088349 -0.178782 0.134649
v -0.022557 0.175572 0.020301
v -0.086301 0.084731 0.080150
v -0.009757 0.022292 0.382735
v 0.067300 0.036068 -0.204903
v 0.135908 0.071116 0.350306
v 0.070628 -0.027252 0.473466
v -0.118556 0.060998 0.286754
v -0.048412 0.212335 0.399588
v -0.112412 0.169585 0.403089
v 0.150756 -0.001645 0.487034
v -0.043292 -0.158689 0.236437
v -0.042268 0.111848 0.123996
v -0.042268 0.111848 0.123996
v 0.030948 -0.109858 -0.346215
v 0.030948 -0.109858 -0.346215
v -0.023836 0.155791 -0.204379
v -0.284700 -0.170368 0.094204
v 0.044004 0.196574 0.347219
v 0.109796 -0.138260 0.129682
v 0.111076 -0.089389 0.213590
v 0.111076 -0.089389 0.213590
v 0.047588 -0.145739 -0.041850
v 0.050148 0.170030 0.224240
v -0.074780 0.133719 -0.126668
v -0.068124 -0.049515 -0.349247
v 0.012261 0.185442 -0.057571
v 0.079333 0.055585 -0.135511
v 0.079333 0.055585 -0.135511
v -0.045851 -0.074898 0.497559
v 0.085989 0.125621 0.147167
v -0.043803 0.135281 0.067758
v 0.021989 -0.011214 -0.069702
v 0.021989 -0.011214 -0.069702
v -0.100123 -0.016099 0.336253
v -0.032027 0.002712 -0.344190
v -0.031515 -0.035903 -0.332711
v -0.031515 -0.035903 -0.332711
v -0.083483 0.043155 0.471035
v -0.083483 0.043155 0.471035
v -0.079643 0.002821 -0.171340
v -0.079643 0.002821 -0.171340
v 0.058085 -0.060304 0.098521
v -0.071451 0.058418 0.147316
v -0.071451 0.058418 0.147316
v 0.060389 -0.170930 0.198048
v 0.060389 -0.170930 0.198048
v -0.061722 -0.096227 0.156862
v 0.007910 -0.238039 0.148285
v 0.007910 -0.238039 0.148285
v 0.007910 -0.238039 0.148285
v 0.007910 -0.238039 0.148285
v 0.010470 -0.206979 0.018721
v 0.010470 -0.206979 0.018721
v 0.019174 0.026001 0.415064
v 0.021734 0.092414 -0.301987
v 0.021734 0.092414 -0.301987
v 0.022246 0.123608 0.449223
v -0.042266 0.139233 0.471295
v -0.028698 -0.056901 -0.297574
v -0.090650 0.059556 0.062734
v -0.083738 -0.006708 -0.113540
v -0.083738 -0.006708 -0.113540
v 0.113894 -0.167189 0.147049
v 0.048614 -0.089850 0.432666
v 0.051686 0.125874 0.088551
v 0.054502 -0.145033 -0.032247
v -0.137242 0.071547 0.353413
v -0.137242 0.071547 0.353413
v -0.066586 0.006660 -0.478031
v -0.061721 0.020756 0.462661
v 0.070119 -0.106769 -0.372251
v -0.058137 -0.028209 -0.345974
v -0.058137 -0.028209 -0.345974
v 0.080359 0.004179 -0.149924
v 0.082151 -0.001862 0.249368
v -0.113945 -0.026642 0.497058
v -0.043033 0.050079 0.382610
v -0.031257 -0.016630 0.073858
v -0.014617 -0.198620 -0.112026
v -0.209945 -0.155099 0.102952
v -0.076825 0.104765 0.009341
v -0.011033 -0.012048 0.474203
v -0.076057 -0.128978 0.090986
v -0.076057 -0.128978 0.090986
v 0.058855 0.017575 0.003073
v 0.058855 0.017575 0.003073
v 0.058855 0.017575 0.003073
v -0.000281 -0.169766 -0.260555
v -0.195352 -0.143819 0.106064
v -0.195352 -0.143819 0.106064
v 0.004072 -0.172531 -0.271480
v 0.004072 -0.172531 -0.271480
v -0.060440 -0.231430 0.088266
v -0.060440 -0.231430 0.088266
v -0.060440 -0.231430 0.088266
v -0.059928 0.157922 0.471251
v 0.073192 0.193360 0.374215
v 0.019688 0.168991 -0.044851
v -0.040984 -0.123376 -0.486655
v -0.039704 0.067986 0.446196
v -0.103448 0.003677 -0.140543
v -0.101144 0.051373 -0.156518
v 0.030696 -0.094948 -0.338342
v -0.022296 0.122373 0.449135
v -0.019736 -0.128782 -0.358154
v -0.019736 -0.128782 -0.358154
v -0.019480 -0.071412 -0.264440
v -0.076312 -0.194283 0.155906
v -0.076312 -0.194283 0.155906
v -0.075544 -0.011487 0.257057
v -0.075544 -0.011487 0.257057
v 0.136937 0.068964 0.361910
v 0.071657 0.158656 0.172313
v 0.071657 0.158656 0.172313
v 0.073961 0.002136 -0.383979
v 0.073961 0.002136 -0.383979
v 0.081385 0.144378 -0.144087
v -0.047127 -0.076379 0.405658
v 0.088041 -0.180028 0.118349
v -0.036631 0.184842 0.301911
v -0.036631 0.184842 0.301911
v -0.030487 0.118280 -0.007641
v -0.030487 0.118280 -0.007641
v 0.035561 0.084373 0.383603
v 0.102121 -0.023716 0.175765
v 0.038889 0.067181 0.382638
v 0.038889 0.067181 0.382638
v 0.038889 0.067181 0.382638
v 0.038889 0.067181 0.382638
v 0.040169 0.112492 -0.059778
v 0.108521 0.194179 0.428478
v -0.021271 0.106353 0.382605
v -0.021271 0.106353 0.382605
v -0.019735 0.083075 -0.306269
v -0.006167 -0.073493 -0.499482
v 0.008170 -0.176494 -0.208991
v -0.121878 -0.012578 0.393553
v 0.030698 -0.091712 -0.247617
v 0.031722 -0.133585 -0.317334
v 0.037098 0.042193 0.444470
v -0.021014 -0.029126 -0.302616
v -0.021014 -0.029126 -0.302616
v -0.019734 -0.089229 -0.245891
v 0.058858 -0.116175 -0.105001
v 0.059370 -0.213081 0.182933
v 0.060650 -0.006291 -0.007527
v -0.067350 0.079989 0.057882
v 0.064234 0.144954 0.474489
v -0.000790 -0.014835 -0.097165
v -0.000790 -0.014835 -0.097165
v 0.069355 0.208931 0.406234
v 0.135403 0.026124 -0.120504
v 0.135403 0.026124 -0.120504
v 0.006379 -0.014652 -0.004248
v 0.006379 -0.014652 -0.004248
v -0.123925 -0.015775 -0.093877
v -0.123925 -0.015775 -0.093877
v -0.185877 -0.177430 0.108954
v -0.185877 -0.177430 0.108954
v 0.079595 0.101531 -0.003652
v 0.079595 0.101531 -0.003652
v -0.048405 0.232546 0.443953
v -0.047125 -0.072435 0.401658
v -0.110101 -0.000255 -0.053021
v -0.110101 -0.000255 -0.053021
v -0.110101 -0.000255 -0.053021
v -0.110101 -0.000255 -0.053021
v -0.105493 0.137682 -0.097075
v -0.037909 0.186400 0.318879
v -0.034581 0.137569 -0.078569
v -0.034581 0.137569 -0.078569
v 0.031467 -0.083297 -0.273211
v -0.032021 -0.084830 -0.271097
v 0.165099 0.043447 0.486432
v 0.232683 -0.139450 0.107360
v -0.019221 -0.115764 -0.200804
v -0.019221 -0.115764 -0.200804
v 0.047851 0.211964 0.400980
v 0.117739 0.069803 0.471186
v -0.078869 0.159721 0.473326
v -0.073493 -0.123290 -0.424845
v -0.073493 0.107447 -0.070628
v 0.058091 0.017592 0.079620
v 0.058347 0.134565 -0.177316
v -0.069397 -0.125659 -0.404466
v 0.000492 0.136683 0.063584
v 0.070380 0.057497 0.147018
v -0.256532 -0.188877 0.127831
v -0.059412 -0.071249 0.403754
v 0.075756 0.106665 0.076593
v 0.076524 -0.140271 0.085106
v 0.011500 -0.165149 -0.258957
v 0.014572 -0.225084 -0.026654
v 0.016620 -0.062400 -0.290226
v 0.020716 0.046421 -0.278111
v 0.021996 0.175427 0.094928
v 0.162284 -0.174824 0.144612
v -0.089620 -0.009849 -0.426099
v 0.044012 -0.056956 0.355507
v -0.084500 -0.092382 0.149453
v -0.074260 0.085937 -0.135740
v -0.074260 0.085937 -0.135740
v 0.059372 0.093945 0.089045
v 0.059372 0.093945 0.089045
v -0.121107 0.111469 -0.106616
v 0.141293 0.069068 0.367013
v 0.141293 0.069068 0.367013
v 0.141293 0.069068 0.367013
v 0.013037 0.129469 0.021837
v 0.277485 -0.129195 0.147386
v -0.048659 0.093442 -0.227145
v 0.085741 -0.019934 0.155520
v 0.085741 -0.019934 0.155520
v -0.109587 0.050556 0.161696
v 0.021997 -0.169624 -0.315380
v 0.021997 -0.169624 -0.315380
v 0.087789 -0.180108 0.132034
v 0.088557 -0.101013 -0.411139
v 0.090093 -0.069280 0.429541
v -0.035347 0.012213 0.451343
v -0.033043 -0.058922 0.343662
v 0.106221 0.081281 -0.097697
v -0.090131 -0.006897 -0.447894
v 0.106989 -0.004695 -0.045404
v 0.106989 -0.004695 -0.045404
v 0.106989 -0.004695 -0.045404
v 0.041709 0.111999 -0.009044
v -0.022803 -0.010943 0.111528
v -0.022803 -0.010943 0.111528
v -0.070419 -0.115739 0.269805
v 0.011758 -0.054012 0.480534
v 0.080622 0.057556 0.475226
v -0.043026 0.111482 0.090875
v -0.108306 0.050848 0.254219
v 0.094446 -0.085967 -0.404419
v -0.034834 0.119323 -0.255707
v 0.228846 -0.147483 0.103597
v 0.228846 -0.147483 0.103597
v 0.228846 -0.147483 0.103597
v -0.031762 -0.152028 -0.318634
v 0.038638 -0.048207 -0.332930
v 0.042222 0.048097 0.441535
v -0.023058 0.178098 0.019147
v -0.012562 0.146013 0.475576
v -0.011026 0.019541 0.449050
v -0.010514 -0.013927 0.469732
v -0.010514 -0.013927 0.469732
v 0.187630 -0.167844 0.103292
v 0.066543 0.032824 0.461358
v 0.066543 0.032824 0.461358
v 0.073199 0.175983 -0.119086
v 0.073199 0.175983 -0.119086
v -0.054289 -0.132057 -0.387199
v -0.113169 0.027442 0.170952
v 0.084719 -0.031867 0.050674
v 0.084719 -0.031867 0.050674
v -0.044817 -0.007674 -0.112315
v -0.044305 0.135229 0.014244
v -0.037137 -0.004788 0.046417
v -0.037137 -0.004788 0.046417
v -0.102161 0.095693 0.147161
v -0.090129 0.125526 -0.117805
v -0.154129 0.047310 0.494003
v -0.023057 -0.138726 0.265157
v -0.019217 0.179575 0.223805
v 0.112623 0.170584 0.394245
v -0.014353 -0.013337 0.115886
v -0.014353 -0.013337 0.115886
v -0.077841 -0.017518 0.171329
v -0.071697 0.058900 -0.073848
v -0.071697 0.110019 0.475382
v -0.003089 0.135054 -0.234735
v -0.198161 -0.137406 0.135654
v 0.075760 -0.039657 0.488994
v 0.075760 0.106729 0.075742
v 0.075760 0.106729 0.075742
v 0.011248 -0.169307 0.038336
v 0.011248 -0.169307 0.038336
v 0.085232 -0.063506 0.235448
v -0.107280 -0.012709 0.347477
v 0.092656 0.026784 -0.154030
v 0.031216 0.108290 -0.226594
v -0.031760 -0.007833 0.147730
v -0.031760 -0.007833 0.147730
v -0.031760 -0.007833 0.147730
v -0.030992 0.126545 -0.263899
v -0.030992 0.126545 -0.263899
v -0.028944 0.127270 -0.310459
v -0.027920 -0.016319 -0.119756
v -0.027920 -0.016319 -0.119756
v -0.027920 -0.016319 -0.119756
v -0.024336 -0.009451 -0.002976
v -0.024336 -0.009451 -0.002976
v 0.041456 -0.159846 0.240725
v 0.049392 -0.022937 -0.146618
v 0.049392 -0.022937 -0.146618
v 0.051184 -0.077974 -0.175134
v -0.005904 0.173725 -0.139297
v -0.070928 -0.072449 -0.353197
v -0.003088 0.044599 -0.277992
v 0.068337 -0.027218 -0.489909
v -0.111375 -0.055890 -0.017576
v 0.086257 0.031667 -0.014922
v -0.107791 0.056751 -0.094186
v 0.025329 0.135028 -0.204191
v -0.032015 0.026119 -0.364927
v -0.029967 0.159760 -0.294027
v 0.105457 -0.006699 -0.132458
v 0.105457 -0.006699 -0.132458
v -0.087311 0.196747 0.399618
v -0.083727 0.017204 -0.181894
v 0.048625 0.029267 -0.212692
v 0.114929 -0.041713 -0.043065
v -0.136463 0.065443 0.349821
v -0.136463 0.065443 0.349821
v 0.000242 0.181875 0.172521
v 0.000242 0.181875 0.172521
v 0.002546 -0.143229 -0.244791
v 0.135410 0.089773 -0.123989
v 0.135410 0.089773 -0.123989
v -0.060686 -0.092019 0.010915
v -0.060686 -0.092019 0.010915
v -0.124430 0.154144 0.396621
v 0.012530 -0.176419 -0.146779
v 0.016370 0.045687 -0.447219
v 0.016370 0.045687 -0.447219
v -0.105486 0.085089 0.148215
v -0.038670 -0.042884 0.294191
v -0.038670 -0.042884 0.294191
v -0.034318 -0.065860 -0.498633
v 0.100850 -0.070209 -0.427956
v 0.100850 -0.070209 -0.427956
v 0.103154 -0.180462 0.131039
v -0.093454 0.088805 -0.169147
v -0.289550 -0.143020 0.140836
v 0.104178 -0.020095 0.030027
v 0.104690 -0.037343 0.208092
v 0.042482 0.189518 0.325037
v 0.042482 0.189518 0.325037
v 0.111858 -0.166670 0.104174
v 0.112626 0.099223 0.224155
v 0.047858 0.068808 0.444485
v -0.076558 0.024721 -0.105012
v -0.076302 -0.120853 0.100098
v -0.076302 -0.120853 0.100098
v -0.076302 -0.120853 0.100098
v -0.075790 -0.109007 -0.382994
v -0.003854 -0.178203 -0.285240
v -0.000782 -0.044267 0.259849
v -0.000782 -0.044267 0.259849
v 0.136947 0.010592 0.393773
v 0.071667 0.090246 -0.094733
v 0.071667 0.090246 -0.094733
v 0.138995 0.061781 -0.130388
v -0.055309 0.168733 0.175229
v -0.055309 0.168733 0.175229
v 0.082419 -0.055704 0.038963
v 0.082419 -0.055704 0.038963
v 0.082419 -0.055704 0.038963
v 0.082419 -0.055704 0.038963
v 0.017907 -0.164491 -0.269380
v -0.047629 -0.005990 0.075798
v 0.019187 -0.120072 -0.210413
v 0.091379 0.130093 0.261264
v -0.103181 -0.024628 0.178008
v 0.028147 0.202765 0.489804
v 0.029683 0.039177 -0.426038
v 0.095475 0.114181 -0.094867
v -0.090381 -0.046468 0.226295
v -0.024333 0.154791 -0.187994
v -0.016141 -0.146199 -0.383833
v -0.016141 -0.146199 -0.383833
v 0.119539 0.075315 0.297524
v -0.008205 -0.143665 -0.103961
v 0.061171 -0.013748 0.474319
v -0.000269 0.179923 0.050163
v -0.124684 0.086204 0.485372
v 0.006900 0.147925 0.070772
v -0.057868 0.094557 0.089267
v -0.057868 0.094557 0.089267
v -0.057868 0.094557 0.089267
v 0.074484 -0.040870 0.489014
v 0.011252 -0.013808 0.074823
v 0.081140 -0.012216 0.278778
v 0.081140 -0.012216 0.278778
v -0.047116 0.013697 -0.367308
v -0.040204 0.085979 0.383084
v -0.040204 0.085979 0.383084
v 0.033268 0.116971 0.042329
v 0.101620 -0.076798 0.253483
v 0.040180 0.085830 0.382708
v 0.040180 0.085830 0.382708
v 0.044532 -0.114552 -0.198966
v 0.044532 -0.114552 -0.198966
v 0.045044 -0.080896 0.419647
v -0.085516 0.156200 -0.080047
v 0.112372 -0.050402 -0.047420
v -0.008460 -0.165536 -0.252166
v -0.071948 0.055537 -0.074577
v 0.060148 -0.127285 0.186295
v -0.069644 0.060744 -0.207411
v -0.069644 0.061594 -0.207376
v -0.002060 0.187273 -0.068864
v -0.063243 0.120378 0.013499
v 0.069877 0.018712 0.475143
v 0.071669 0.119204 -0.181037
v 0.009973 0.106747 0.382676
v 0.009973 0.106747 0.382676
v -0.055307 0.175570 -0.129079
v -0.047883 0.141911 -0.154936
v 0.020213 0.034306 -0.342331
v 0.020469 -0.128380 -0.357660
v 0.020469 -0.128380 -0.357660
v 0.020469 -0.128380 -0.357660
v -0.041995 0.047124 0.439173
v 0.026101 0.091887 -0.265561
v 0.028149 -0.146275 -0.392943
v -0.033803 -0.140114 0.266463
v -0.096011 0.138506 0.300148
v -0.028683 0.033883 -0.343377
v -0.028427 0.151370 -0.303717
v -0.028427 0.151370 -0.303717
v 0.038645 -0.045079 -0.075768
v 0.040437 0.136933 0.086399
v 0.042741 -0.000464 0.076737
v 0.042741 -0.044658 0.170500
v 0.043765 -0.069403 -0.201469
v -0.087307 -0.085960 -0.007456
v 0.046837 -0.130011 -0.169938
v -0.070667 -0.034680 -0.127396
v -0.070667 -0.034680 -0.127396
v -0.135179 0.067394 0.354722
v -0.135179 0.067394 0.354722
v -0.001291 0.134784 -0.204903
v -0.001291 0.134784 -0.204903
v -0.001291 0.134784 -0.204903
v -0.257802 -0.125725 0.120199
v 0.007670 -0.053920 -0.056122
v -0.055562 0.023903 -0.393758
v 0.010230 0.017806 0.382795
v -0.054794 -0.008558 -0.025300
v 0.012790 -0.154260 -0.237818
v -0.104970 -0.175933 0.138049
v -0.104970 -0.175933 0.138049
v -0.039434 0.165886 0.020313
v 0.225014 -0.168222 0.146374
v -0.034570 -0.052499 -0.056421
v -0.034570 -0.052499 -0.056421
v -0.033802 0.033754 -0.217472
v -0.098570 0.021242 0.147364
v -0.029962 0.141306 -0.308654
v 0.038134 -0.048437 0.317147
v -0.217610 -0.135643 0.116508
v 0.049398 0.090065 0.454546
v -0.076298 0.032614 -0.106521
v -0.071946 0.005543 0.072033
v -0.062729 -0.025276 0.257137
v -0.126473 0.050932 -0.089945
v -0.126473 0.050932 -0.089945
v 0.073719 0.166876 0.196667
v -0.179721 -0.130243 0.121130
v 0.018679 0.223835 0.496658
v 0.087543 -0.018292 0.026149
v 0.025079 0.119795 -0.006631
v 0.025079 0.119795 -0.006631
v 0.025079 0.119795 -0.006631
v 0.025591 0.107511 0.443744
v 0.093175 0.090985 -0.158774
v 0.030967 -0.037719 -0.331863
v 0.030967 -0.037719 -0.331863
v 0.033271 0.159919 -0.067756
v 0.102391 0.097456 0.252287
v 0.037623 0.190602 0.321665
v 0.037623 0.190602 0.321665
v 0.047863 0.210055 0.384349
v 0.116471 0.092189 0.177811
v 0.051191 0.209724 0.386886
v 0.252919 -0.178921 0.144576
v -0.062472 0.058530 -0.211735
v -0.062216 -0.184284 0.164872
v 0.009464 0.022867 0.382310
v -0.115208 0.091345 0.470868
v -0.112136 0.118554 0.201582
v -0.112136 0.118554 0.201582
v 0.086264 -0.010863 0.278716
v 0.086264 -0.010863 0.278716
v 0.086264 -0.010863 0.278716
v 0.086264 -0.010863 0.278716
v -0.043016 0.077652 0.382967
v -0.043016 0.077652 0.382967
v 0.090872 0.194363 0.402228
v 0.027128 -0.009599 0.045760
v 0.027128 -0.009599 0.045760
v 0.092920 -0.087311 0.149222
v -0.102920 -0.017674 0.094985
v -0.102920 -0.017674 0.094985
v 0.028664 0.153210 -0.186529
v -0.101640 -0.066773 -0.446430
v 0.095224 0.118580 -0.091946
v -0.098312 0.003077 0.224484
v -0.098312 0.003077 0.224484
v -0.030728 0.118390 0.147499
v -0.030728 0.118390 0.147499
v -0.030728 0.118390 0.147499
v 0.039928 0.008651 -0.357724
v 0.044536 -0.123910 -0.186796
v -0.019464 0.043742 -0.426788
v 0.056824 -0.079097 -0.111176
v 0.056824 -0.079097 -0.111176
v 0.059640 -0.068535 0.215185
v 0.069881 0.038956 -0.022670
v 0.005369 -0.153267 0.208270
v 0.005369 -0.153267 0.208270
v -0.060167 -0.034188 0.470799
v 0.071161 0.056782 0.054751
v 0.076793 -0.109752 -0.386994
v 0.084217 -0.009772 0.282616
v 0.084217 -0.009772 0.282616
v -0.042503 0.029132 0.453453
v 0.027385 0.027831 -0.373570
v 0.027385 0.027831 -0.373570
v 0.030201 0.148053 -0.175991
v 0.101113 0.032217 -0.080580
v -0.153095 0.080917 0.403863
v 0.045817 0.187747 0.485290
v -0.149767 0.073668 0.389099
v -0.149767 0.073668 0.389099
v -0.078599 0.115744 -0.177466
v -0.003079 -0.237480 -0.040924
v 0.194297 -0.140506 0.106370
v 0.194297 -0.140506 0.106370
v -0.000775 -0.057846 0.485752
v -0.000775 -0.057846 0.485752
v 0.000506 -0.030439 0.053375
v 0.000506 -0.030439 0.053375
v 0.001786 -0.209990 -0.117227
v -0.059910 0.018572 -0.027007
v -0.256006 -0.185715 0.139366
v -0.256006 -0.185715 0.139366
v 0.076538 0.153354 0.172706
v 0.076538 0.153354 0.172706
v 0.012282 0.188355 0.196366
v -0.048390 -0.065019 -0.171920
v -0.048390 -0.065019 -0.171920
v -0.048390 -0.114425 -0.358761
v -0.046086 0.114378 -0.210231
v 0.086522 0.130385 0.161902
v -0.043270 -0.018674 -0.010114
v -0.038918 -0.132669 -0.372554
v -0.104198 0.049411 0.147328
v -0.034822 0.163003 -0.064402
v 0.229626 -0.148690 0.147793
v -0.031238 0.112618 -0.274294
v -0.031238 0.112618 -0.274294
v -0.030982 -0.015068 -0.100931
v 0.045306 0.032798 -0.426039
v 0.045306 0.032798 -0.426039
v 0.054522 -0.148059 0.052245
v 0.054522 -0.148059 0.052245
v 0.054522 -0.148059 0.052245
v -0.008710 -0.019874 -0.117212
v -0.008710 -0.019874 -0.117212
v -0.007430 0.179075 -0.050694
v -0.001286 -0.014797 0.074824
v -0.001286 -0.014797 0.074824
v -0.051717 0.167529 -0.059732
v -0.110597 0.042804 -0.088659
v 0.097019 0.094757 -0.156398
v -0.031749 -0.064336 -0.290494
v -0.029957 0.118484 -0.235275
v 0.104699 0.180669 0.398845
v 0.039419 -0.026041 -0.337643
v 0.039419 -0.026041 -0.337643
v 0.040443 0.235817 0.486653
v 0.107515 -0.034219 0.396670
v -0.020741 -0.094683 0.253582
v -0.020741 -0.094683 0.253582
v -0.019973 0.055406 -0.323100
v -0.011781 -0.208232 -0.012882
v -0.004357 -0.139010 -0.246188
v -0.004357 -0.139010 -0.246188
v -0.004357 -0.139010 -0.246188
v -0.004357 -0.139010 -0.246188
v 0.061435 0.007883 -0.090631
v 0.061691 -0.121532 0.152279
v -0.060676 -0.202564 0.180501
v -0.060164 0.113663 -0.009176
v -0.060164 0.113663 -0.009176
v 0.005628 -0.139156 -0.246949
v 0.005628 -0.139156 -0.246949
v -0.048388 0.089651 0.453479
v -0.047108 0.108629 0.018741
v 0.090620 -0.100358 -0.428167
v -0.040196 -0.159426 0.243514
v 0.026364 -0.147723 0.044216
v 0.026364 -0.147723 0.044216
v 0.026364 -0.147723 0.044216
v -0.038916 0.121145 0.455519
v 0.037116 0.159143 -0.044444
v -0.290308 -0.144287 0.108969
v -0.290308 -0.144287 0.108969
v -0.025092 0.119341 0.063507
v 0.043772 0.004295 0.467723
v -0.014596 -0.174630 -0.176732
v -0.014596 -0.174630 -0.176732
v 0.117500 0.080305 -0.151796
v -0.065283 0.123996 0.471385
v 0.001533 -0.079369 0.237313
v 0.001533 -0.079369 0.237313
v 0.012541 -0.051683 -0.247273
v 0.012541 -0.144542 -0.253186
v 0.276989 -0.171837 0.091525
v 0.081405 -0.076658 0.488001
v 0.018941 -0.074446 0.227950
v 0.284157 -0.178226 0.151482
v 0.165117 0.097035 0.431966
v 0.102141 0.139856 0.312910
v 0.040445 0.085971 0.443316
v 0.042493 0.048983 0.382629
v 0.257533 -0.125521 0.126487
v 0.075262 0.076401 -0.070300
v 0.082174 -0.113154 -0.428122
v 0.085758 -0.068400 -0.370662
v 0.087038 -0.017426 -0.096428
v 0.087038 -0.017426 -0.096428
v 0.087038 -0.017426 -0.096428
v -0.037890 -0.036770 0.147662
v 0.030974 0.088948 -0.271100
v 0.030974 0.088948 -0.271100
v 0.030974 0.088948 -0.271100
v 0.031486 -0.069159 -0.281256
v -0.031234 0.128920 -0.278907
v -0.031234 0.128920 -0.278907
v -0.030978 0.113573 -0.305883
v 0.100862 -0.039795 0.498072
v -0.029954 -0.088630 -0.246736
v -0.075266 -0.101004 -0.479953
v 0.192766 -0.157798 0.147856
v 0.063486 -0.117562 0.265800
v -0.000770 0.140565 -0.080304
v 0.000255 0.159739 -0.234862
v -0.060673 -0.200832 0.060347
v -0.060673 -0.200832 0.060347
v 0.012543 -0.184820 0.045103
v 0.012543 -0.184820 0.045103
v 0.012543 -0.184820 0.045103
v 0.012543 -0.184820 0.045103
v 0.015359 0.144776 0.015952
v -0.048641 -0.005280 -0.123754
v -0.048641 -0.005280 -0.123754
v 0.019967 -0.011073 0.473907
v -0.044545 -0.059297 -0.010025
v -0.107777 0.019893 -0.145886
v -0.037377 -0.048173 0.302171
v -0.037377 -0.048173 0.302171
v 0.095487 0.110848 0.159107
v -0.031233 0.152932 -0.299483
v -0.031233 0.152932 -0.299483
v 0.038911 0.165905 0.021809
v 0.118527 0.118525 0.330054
v -0.074753 0.166584 0.196580
v 0.058367 -0.224881 0.077955
v 0.058367 -0.224881 0.077955
v 0.058367 -0.224881 0.077955
vn -0.3697 -0.2637 0.8909
vn 0.3963 0.3194 0.8608
vn -0.2873 -0.2300 0.9298
vn 0.3004 0.3879 0.8713
vn -0.2730 -0.3860 0.8812
vn -0.2623 -0.3520 0.8985
vn -0.3826 -0.0058 0.9239
vn 0.5003 0.0830 0.8619
vn -0.4072 -0.0633 0.9111
vn 0.4611 -0.2650 0.8469
vn -0.3399 0.1546 0.9277
vn -0.2153 0.1731 0.9611
vn 0.3260 -0.3455 0.8799
vn -0.2436 0.2361 0.9407
vn 0.3005 0.3879 0.8713
vn 0.1457 0.3201 0.9361
vn 0.2890 -0.0545 0.9558
vn 0.5163 -0.0070 0.8564
vn 0.4201 0.1181 0.8997
vn -0.4862 0.0679 0.8712
vn -0.1547 0.0222 0.9877
vn 0.4644 -0.1969 0.8635
vn -0.1548 0.0221 0.9877
vn 0.1080 0.0675 0.9919
vn 0.4340 -0.3295 0.8385
vn 0.2449 -0.3808 0.8917
vn -0.1923 0.2830 0.9396
vn 0.5185 0.8027 0.2947
vn -0.2173 -0.3514 0.9107
vn 0.1675 0.3740 0.9122
vn 0.1327 0.2629 0.9557
vn -0.2176 -0.3625 0.9062
vn 0.4549 -0.0606 0.8885
vn 0.0684 -0.0110 0.9976
vn -0.0567 -0.0070 0.9984
vn 0.1710 0.0323 0.9847
vn -0.4902 -0.1398 0.8603
vn -0.3565 0.3152 0.8795
vn -0.2629 0.3657 0.8928
vn -0.0206 0.0132 0.9997
vn 0.1248 0.3616 0.9239
vn -0.1179 -0.3427 0.9320
vn -0.0340 0.1036 0.9940
vn 0.1127 -0.4429 0.8894
vn -0.0301 -0.1298 0.9911
vn -0.0227 0.1571 0.9873
vn 0.0177 0.3472 0.9376
vn -0.0229 -0.5132 0.8579
vn 0.0036 0.4079 0.9130
vn 0.0016 -0.3459 0.9383
vn -0.0530 0.2956 0.9538
vn 0.0188 -0.0025 0.9998
vn -0.0207 0.0517 0.9984
vn 0.0957 -0.3793 0.9203
vn -0.0867 -0.1941 0.9771
vn 0.0223 -0.0363 0.9991
vn -0.3486 0.7791 0.5210
vn -0.0340 0.0330 0.9989
vn -0.0711 -0.0687 0.9951
vn 0.1846 0.1750 0.9671
vn 0.1215 0.1125 0.9862
vn -0.3113 -0.3368 0.8886
vn -0.3909 -0.2384 0.8890
vn 0.2548 0.1745 0.9511
vn 0.2826 0.1370 0.9494
vn -0.1116 -0.0282 0.9933
vn -0.4544 -0.2228 0.8625
vn 0.2782 -0.0058 0.9605
vn -0.5002 0.0756 0.8626
vn 0.2774 0.0468 0.9596
vn -0.4878 -0.0069 0.8729
vn -0.5956 -0.0833 0.7990
vn 0.0886 0.4980 0.8626
vn 0.0780 0.4230 0.9028
vn 0.0507 0.4305 0.9012
vn 0.0536 0.4297 0.9014
vn 0.0667 -0.5248 0.8486
vn -0.3040 0.8912 0.3366
vn 0.1016 0.3870 0.9165
vn -0.2572 -0.8617 0.4374
vn 0.2524 0.3570 0.8994
vn -0.5127 0.7983 0.3160
vn -0.0339 0.0329 0.9989
vn -0.3089 0.3107 0.8989
vn 0.2023 -0.3110 0.9286
vn 0.1936 -0.1462 0.9701
vn 0.0076 -0.0049 1.0000
vn -0.2963 0.0965 0.9502
vn 0.3988 -0.2022 0.8945
vn -0.4799 -0.0914 0.8726
vn -0.1116 -0.0282 0.9934
vn 0.5148 -0.1504 0.8440
vn 0.4644 -0.1969 0.8634
vn -0.4796 -0.2323 0.8462
vn 0.1151 0.0151 0.9932
vn -0.3939 0.2750 0.8771
vn 0.6148 -0.7503 0.2431
vn -0.5125 0.5058 0.6939
vn -0.3342 -0.5030 0.7971
vn 0.4247 0.8609 0.2801
vn -0.0865 -0.3920 0.9159
vn 0.0035 -0.5859 0.8104
vn -0.1517 -0.9096 0.3867
vn -0.0230 -0.5133 0.8579
vn 0.2220 -0.5378 0.8133
vn -0.4245 -0.3136 0.8494
vn -0.3380 0.2949 0.8937
vn 0.4069 0.1450 0.9019
vn 0.5596 0.0611 0.8265
vn -0.5122 -0.3640 0.7779
vn 0.6233 0.7726 0.1207
vn -0.4770 -0.4472 0.7566
vn -0.0103 0.9803 0.1973
vn -0.2965 -0.3667 0.8818
vn 0.9778 0.0178 0.2087
vn 0.7721 0.3176 0.5504
vn 0.7276 0.6535 0.2087
vn -0.3105 0.3279 0.8922
vn 0.4975 -0.8625 0.0929
vn 0.5737 -0.7954 0.1952
vn 0.3641 -0.8874 0.2829
vn 0.2754 0.9428 0.1879
vn 0.1486 0.8729 0.4648
vn 0.1679 -0.9799 0.1081
vn 0.0212 0.5267 0.8498
vn 0.6196 0.2777 0.7341
vn 0.5466 -0.1536 0.8232
vn 0.8736 -0.1454 0.4644
vn 0.6677 0.4146 0.6183
vn -0.2047 0.5230 0.8274
vn -0.1298 0.6119 0.7802
vn 0.0213 0.5266 0.8498
vn 0.4643 0.4694 0.7511
vn 0.5033 -0.3285 0.7992
vn -0.7093 0.6614 0.2439
vn 0.6897 0.1857 0.6999
vn -0.9021 0.3833 0.1981
vn -0.8887 0.2841 0.3600
vn -0.5431 -0.1591 0.8245
vn 0.8767 -0.3931 0.2773
vn 0.7325 -0.6573 0.1768
vn 0.3902 0.9106 0.1363
vn 0.2735 -0.9488 0.1582
vn -0.3681 -0.8598 0.3539
vn 0.1958 -0.4088 0.8914
vn 0.3457 -0.5401 0.7673
vn -0.5142 -0.8252 0.2337
vn 0.5073 0.3634 0.7814
vn -0.7021 -0.4328 0.5655
vn -0.8152 0.5530 0.1723
vn 0.6642 -0.0174 0.7473
vn -0.8303 -0.3720 0.4150
vn -0.9655 -0.1330 0.2239
vn -0.2820 0.3229 0.9034
vn -0.2500 -0.6297 0.7355
vn -0.0383 -0.9588 0.2813
vn -0.1516 -0.9097 0.3867
vn -0.1607 0.9266 0.3401
vn -0.6162 0.7764 0.1325
vn 0.6401 -0.2996 0.7075
vn 0.9095 -0.2852 0.3024
vn 0.8233 -0.5015 0.2658
vn -0.3399 0.1547 0.9276
vn -0.5759 0.1643 0.8009
vn -0.4485 0.6764 0.5842
vn 0.1553 0.7748 0.6128
vn 0.2193 0.6549 0.7232
vn 0.3457 -0.5402 0.7673
vn 0.4404 -0.4679 0.7663
vn -0.7093 0.6614 0.2440
vn -0.7403 -0.6646 0.1012
vn -0.7727 0.6068 0.1865
vn -0.9325 0.0262 0.3603
vn 0.9554 0.1622 0.2466
vn 0.9360 0.3007 0.1829
vn 0.9095 -0.2853 0.3023
vn -0.6593 -0.1933 0.7266
vn -0.6106 0.2963 0.7344
vn -0.5595 0.4249 0.7116
vn 0.1611 -0.6958 0.6999
vn 0.3306 0.5752 0.7482
vn -0.6292 -0.7751 0.0586
vn 0.6944 -0.1168 0.7100
vn -0.6811 0.0048 0.7322
vn -0.5758 0.1643 0.8009
vn -0.6716 -0.3186 0.6689
vn 0.3149 -0.9490 -0.0143
vn -0.8822 0.1445 0.4483
vn -0.7503 0.1252 0.6491
vn -0.1646 -0.7436 0.6480
vn 0.6900 0.1849 0.6998
vn -0.9544 -0.2978 0.0192
vn -0.9655 -0.1330 0.2238
vn -0.0719 0.8938 0.4426
vn -0.6672 -0.7444 -0.0275
vn -0.7897 0.6135 -0.0045
vn -0.7109 0.5558 0.4310
vn -0.5918 0.6324 0.4998
vn -0.5236 -0.7051 0.4782
vn 0.1172 0.9922 -0.0415
vn -0.4770 -0.0793 0.8753
vn -0.4301 0.1304 0.8933
vn -0.3772 -0.6598 0.6499
vn -0.1241 0.9912 -0.0472
vn 0.2783 -0.5103 0.8137
vn 0.3966 -0.4479 0.8013
vn -0.8311 -0.5561 -0.0084
vn -0.5706 -0.2725 0.7747
vn -0.6345 0.3183 0.7043
vn -0.5315 -0.7030 0.4725
vn -0.0798 -0.5343 0.8415
vn -0.2564 -0.9664 -0.0189
vn 0.4676 -0.1480 0.8714
vn 0.5827 -0.2596 0.7701
vn -0.7896 0.6136 -0.0078
vn -0.9863 0.1649 -0.0029
vn 0.9124 0.4093 -0.0060
vn 0.8314 0.5555 -0.0136
vn -0.2167 -0.1294 0.9676
vn -0.3015 0.7340 0.6085
vn 0.1581 0.5360 0.8293
vn 0.1553 0.7749 0.6128
vn -0.4403 -0.8978 -0.0070
vn -0.7896 0.6136 -0.0084
vn 0.9915 -0.1299 0.0032
vn 0.8072 -0.5898 -0.0233
vn -0.4943 0.0561 0.8675
vn -0.2910 0.1138 0.9499
vn -0.4208 0.9072 -0.0034
vn 0.3306 0.5753 0.7482
vn 0.3613 0.3378 0.8691
vn 0.4643 0.4694 0.7510
vn 0.6197 0.2778 0.7341
vn 0.5073 0.3635 0.7813
vn 0.5029 0.4103 0.7607
vn 0.3406 -0.0681 0.9377
vn -0.9122 -0.4096 -0.0043
vn 0.9497 -0.3132 -0.0049
vn -0.2909 -0.2088 0.9337
vn -0.5236 -0.7051 0.4781
vn -0.5315 -0.7030 0.4724
vn -0.1366 0.4938 0.8588
vn 0.0048 0.6863 0.7273
vn -0.2989 0.9543 -0.0011
vn -0.3026 -0.1690 0.9380
vn -0.1175 -0.6327 0.7654
vn -0.1469 -0.9890 -0.0154
vn -0.0383 -0.9589 0.2812
vn 0.1290 0.1976 0.9718
vn 0.2777 0.2527 0.9268
vn 0.1074 0.2142 0.9709
vn 0.3871 0.3202 0.8647
vn 0.3868 0.2262 0.8940
vn 0.4242 0.1218 0.8973
vn 0.6901 0.1849 0.6997
vn -0.7881 0.6155 -0.0048
vn -0.7896 0.6136 -0.0085
vn -0.7727 0.6068 0.1864
vn -0.9461 -0.3231 -0.0220
vn -0.9477 0.3185 -0.0200
vn 0.9768 0.1718 -0.1280
vn -0.4013 0.0184 0.9157
vn -0.1554 -0.1008 0.9827
vn -0.0253 -0.9995 -0.0178
vn 0.2354 0.5494 0.8017
vn -0.1129 0.4339 0.8939
vn 0.3035 -0.2291 0.9249
vn -0.6670 0.7205 -0.1898
vn 0.7297 0.0464 0.6822
vn 0.4243 0.1218 0.8973
vn -0.7881 0.6155 -0.0047
vn -0.4016 0.2698 0.8752
vn -0.1027 -0.1612 0.9816
vn -0.0704 -0.1861 0.9800
vn 0.1164 -0.4509 0.8850
vn 0.0788 0.6893 0.7202
vn 0.1333 -0.1965 0.9714
vn 0.0646 -0.5560 0.8287
vn 0.3797 0.1921 0.9049
vn -0.9999 -0.0122 -0.0033
vn 0.8968 -0.4071 -0.1733
vn -0.2855 -0.4216 0.8607
vn -0.2136 0.0715 0.9743
vn -0.3132 0.3430 0.8856
vn 0.1472 -0.3775 0.9143
vn -0.1369 0.2191 0.9661
vn -0.4849 -0.0908 0.8698
vn 0.4135 -0.2612 0.8723
vn -0.4821 -0.0558 0.8743
vn 0.0174 -0.6679 0.7440
vn -0.1329 0.1733 0.9759
vn 0.3909 -0.0332 0.9198
vn 0.3847 0.1149 0.9159
vn -0.2131 -0.1248 0.9690
vn -0.0983 -0.6070 0.7886
vn 0.1784 0.2538 0.9506
vn -0.3258 -0.9454 -0.0085
vn 0.3205 -0.4378 0.8400
vn -0.2408 -0.3720 0.8964
vn -0.1711 0.4529 0.8750
vn -0.1633 0.2376 0.9575
vn 0.0892 -0.1866 0.9784
vn 0.1717 0.3868 0.9060
vn -0.1974 0.4304 0.8808
vn -0.0447 -0.2072 0.9773
vn -0.1798 -0.3620 0.9147
vn -0.4479 -0.2871 0.8467
vn -0.3250 0.5535 0.7668
vn -0.1028 -0.1611 0.9816
vn 0.2963 0.1567 0.9422
vn 0.0826 0.2629 0.9613
vn -0.1974 -0.2093 0.9577
vn 0.3261 -0.2462 0.9127
vn -0.5025 0.1309 0.8546
vn 0.2199 0.0085 0.9755
vn 0.2781 0.5640 0.7775
vn -0.5199 0.3149 0.7941
vn 0.2743 -0.4149 0.8675
vn 0.1919 0.0519 0.9800
vn -0.3027 -0.0511 0.9517
vn -0.3026 -0.0511 0.9518
vn 0.1901 0.1017 0.9765
vn -0.0317 -0.2316 0.9723
vn 0.4567 -0.1122 0.8825
vn -0.0706 0.2967 0.9523
vn 0.1220 -0.3849 0.9149
vn 0.1091 -0.5887 0.8009
vn 0.3205 0.2059 0.9246
vn -0.1212 -0.2184 0.9683
vn 0.4534 -0.4524 0.7680
vn 0.1295 0.2541 0.9585
vn 0.0080 -0.2577 0.9662
vn -0.0284 -0.4755 0.8792
vn -0.5403 0.4527 0.7094
vn -0.5258 -0.0434 0.8495
vn 0.4314 -0.0045 0.9021
vn 0.4504 0.5179 0.7273
vn -0.3459 0.1384 0.9280
vn -0.0318 -0.2315 0.9723
vn 0.0487 0.1490 0.9876
vn 0.3291 0.6368 0.6973
vn 0.1004 -0.4611 0.8817
vn -0.0795 0.1674 0.9827
vn 0.0942 0.3073 0.9469
vn -0.0431 0.2401 0.9698
vn -0.0672 -0.0511 0.9964
vn 0.0823 -0.1475 0.9856
vn 0.2786 0.4600 0.8431
vn -0.1291 -0.0848 0.9880
vn 0.0124 -0.7948 0.6067
vn 0.2841 -0.9583 -0.0302
vn 0.1285 -0.0216 0.9915
vn 0.2498 0.4256 0.8697
vn -0.1112 0.0141 0.9937
vn -0.2372 -0.2659 0.9344
vn 0.3791 -0.3998 0.8345
vn 0.0825 0.0073 0.9966
vn -0.1862 -0.0525 0.9811
vn 0.4173 -0.4400 0.7951
vn -0.0320 -0.7976 0.6023
vn 0.2839 0.2682 0.9206
vn 0.0334 0.7365 0.6756
vn -0.1184 -0.4364 0.8919
vn 0.2226 -0.3216 0.9203
vn 0.0535 -0.1521 0.9869
vn 0.0526 -0.1734 0.9834
vn 0.7872 0.6166 -0.0129
vn -0.0317 -0.3582 0.9331
vn 0.0216 0.2865 0.9578
vn 0.0480 -0.1424 0.9887
vn -0.1349 0.0734 0.9881
vn -0.2879 0.5241 0.8015
vn -0.3126 -0.3589 0.8795
vn -0.1167 0.3134 0.9424
vn -0.0495 0.2199 0.9743
vn -0.2498 0.1005 0.9631
vn -0.2761 -0.1550 0.9485
vn -0.2773 -0.6872 0.6715
vn -0.0972 0.0898 0.9912
vn 0.0991 -0.0627 0.9931
vn -0.0856 0.0340 0.9957
vn 0.1286 -0.0216 0.9915
vn 0.1872 0.0072 0.9823
vn 0.1642 -0.3851 0.9082
vn -0.4936 -0.5667 0.6596
vn -0.2297 0.4435 0.8663
vn -0.0424 -0.2396 0.9699
vn 0.1467 -0.1017 0.9839
vn 0.2337 -0.2444 0.9411
vn 0.1273 0.0186 0.9917
vn 0.2114 0.1750 0.9616
vn 0.0015 0.4451 0.8955
vn -0.0766 -0.0795 0.9939
vn 0.2144 -0.0710 0.9742
vn 0.5305 0.4793 0.6991
vn 0.1926 0.0400 0.9805
vn 0.1614 0.3655 0.9167
vn -0.0183 -0.0865 0.9961
vn 0.1399 -0.1344 0.9810
vn 0.1055 0.1515 0.9828
vn 0.1690 0.0473 0.9845
vn 0.1333 0.1984 0.9710
vn 0.0752 0.1187 0.9901
vn -0.2536 -0.0545 0.9658
vn -0.5330 -0.4219 0.7334
vn 0.0542 0.0646 0.9964
vn -0.2809 -0.2783 0.9185
vn -0.6177 -0.0450 0.7851
vn -0.6265 0.2675 0.7321
vn -0.1503 -0.0378 0.9879
vn -0.0244 -0.7656 0.6428
vn 0.1200 0.8091 0.5753
vn -0.5100 -0.3149 0.8005
vn -0.1980 0.2761 0.9405
vn 0.0253 0.0531 0.9983
vn -0.1596 0.0396 0.9864
vn -0.2371 -0.2658 0.9344
vn 0.2140 0.2765 0.9369
vn -0.2727 0.0380 0.9614
vn -0.0626 0.5535 0.8305
vn 0.0086 0.0420 0.9991
vn 0.0150 0.0029 0.9999
vn 0.1300 0.0792 0.9883
vn 0.0148 0.0030 0.9999
vn 0.2313 -0.2089 0.9502
vn 0.3795 -0.5598 0.7366
vn 0.1489 0.1247 0.9810
vn 0.4468 -0.0830 0.8908
vn -0.5609 -0.8279 -0.0082
vn 0.9759 -0.0035 -0.2181
vn -0.2887 0.0533 0.9559
vn -0.0494 0.2199 0.9743
vn -0.1765 0.1513 0.9726
vn 0.4134 0.8731 -0.2585
vn -0.0972 0.0899 0.9912
vn -0.1646 0.7055 0.6893
vn -0.1862 -0.0526 0.9811
vn 0.6474 0.3483 0.6779
vn 0.2789 0.0521 0.9589
vn 0.2789 0.0520 0.9589
vn 0.4526 0.8917 -0.0083
vn -0.4801 -0.3983 0.7816
vn -0.4640 0.4831 0.7425
vn -0.6636 -0.1336 0.7361
vn 0.4419 -0.6067 0.6608
vn 0.2139 0.2766 0.9369
vn -0.0093 -0.7472 0.6646
vn 0.7432 -0.4394 0.5046
vn 0.4558 0.4308 0.7789
vn 0.4479 0.5341 0.7170
vn 0.4023 -0.5684 0.7177
vn 0.5774 0.2001 0.7916
vn 0.5710 -0.8206 -0.0232
vn 0.2216 0.6741 0.7046
vn 0.2550 0.6266 0.7364
vn -0.1129 -0.6847 0.7200
vn 0.7584 0.6113 0.2262
vn 0.5128 0.3240 0.7950
vn 0.0548 0.7588 0.6490
vn 0.5950 -0.1489 0.7898
vn -0.2177 0.7640 0.6073
vn -0.3065 0.5581 0.7711
vn -0.6597 -0.1514 0.7361
vn 0.9898 0.0604 0.1294
vn -0.3906 -0.6110 0.6885
vn 0.5476 0.3500 0.7600
vn 0.6521 -0.2413 0.7187
vn 0.3843 0.5742 0.7229
vn -0.9011 -0.4332 -0.0182
vn 0.9497 -0.3132 -0.0050
vn 0.2860 0.9581 -0.0172
vn 0.1525 -0.6921 0.7055
vn 0.6631 -0.4009 0.6321
vn 0.6176 -0.0498 0.7849
vn -0.5318 -0.1706 0.8295
vn -0.5141 0.2516 0.8200
vn -0.7157 0.1063 0.6902
vn -0.6041 0.4918 0.6271
vn -0.5797 -0.8142 0.0318
vn 0.5279 -0.5250 0.6676
vn -0.6314 0.7750 -0.0270
vn -0.0323 0.7278 0.6850
vn -0.0707 0.7790 0.6231
vn 0.2652 -0.6202 0.7382
vn 0.6675 -0.2943 0.6840
vn 0.6686 0.7329 -0.1262
vn -0.5754 0.1546 0.8031
vn -0.3614 -0.6543 0.6643
vn -0.5649 0.2586 0.7836
vn 0.6199 0.1703 0.7660
vn 0.4181 -0.4185 0.8062
vn -0.5530 -0.3628 0.7500
vn -0.5589 -0.1478 0.8159
vn -0.6468 -0.2101 0.7332
vn 0.4126 -0.5326 0.7390
vn -0.2322 -0.8224 0.5194
vn 0.1525 -0.9615 0.2286
vn -0.1338 0.6992 0.7023
vn -0.4572 0.5095 0.7290
vn -0.4832 -0.5905 0.6464
vn -0.0208 0.7355 0.6772
vn 0.6513 0.1364 0.7465
vn -0.4640 0.4832 0.7424
vn -0.4757 0.8577 0.1952
vn -0.1791 -0.7222 0.6680
vn -0.4220 0.5740 0.7017
vn 0.4617 -0.6046 0.6491
vn 0.4940 0.4093 0.7671
vn -0.5271 -0.8451 -0.0890
vn -0.5148 0.8565 -0.0367
vn -0.5318 0.5603 0.6351
vn -0.0846 -0.6922 0.7167
vn -0.0087 0.4208 0.9071
vn -0.5710 -0.8209 0.0101
vn -0.3928 0.9195 -0.0161
vn 0.5543 0.1500 0.8187
vn -0.8151 0.5531 0.1722
vn -0.7669 0.5943 -0.2422
vn 0.7219 -0.6753 -0.1513
vn 0.6418 -0.7668 -0.0051
vn -0.1712 -0.7342 0.6570
vn -0.5159 -0.3591 0.7778
vn -0.5471 -0.2857 0.7868
vn 0.1733 -0.9834 -0.0536
vn -0.0882 -0.4014 0.9116
vn -0.0150 0.9800 -0.1984
vn -0.0203 0.7358 0.6769
vn 0.5303 0.6027 0.5963
vn -0.1084 -0.8110 0.5749
vn 0.6522 -0.2467 0.7168
vn 0.5377 0.1492 0.8298
vn 0.5752 -0.0605 0.8157
vn -0.8657 0.4872 -0.1150
vn 0.8160 0.5032 -0.2844
vn 0.1881 -0.4410 0.8776
vn -0.1781 0.6704 0.7203
vn 0.0471 -0.8249 0.5633
vn 0.2681 -0.7413 0.6154
vn 0.2230 0.7420 0.6322
vn 0.4596 0.5534 0.6946
vn -0.9844 -0.1746 -0.0223
vn 0.6608 -0.1186 0.7411
vn 0.5886 -0.2012 0.7830
vn -0.5822 0.1503 0.7990
vn -0.6036 -0.1509 0.7829
vn -0.9844 -0.1747 -0.0223
vn 0.5958 0.7917 -0.1347
vn -0.4831 -0.5905 0.6465
vn -0.0020 -0.5722 0.8201
vn 0.2251 0.2987 0.9274
vn 0.2295 -0.4314 0.8725
vn 0.2454 0.5871 0.7715
vn 0.5277 -0.0701 0.8465
vn 0.2290 0.6414 0.7322
vn -0.2474 0.6507 0.7179
vn -0.2821 -0.5287 0.8005
vn -0.1713 0.4479 0.8775
vn -0.1818 -0.4602 0.8690
vn 0.0496 -0.6372 0.7691
vn -0.3311 0.6018 0.7268
vn -0.0453 0.6994 0.7133
vn -0.6461 -0.3608 0.6726
vn 0.0163 0.6244 0.7810
vn 0.4897 -0.2241 0.8426
vn -0.4223 -0.2980 0.8561
vn -0.5075 -0.1323 0.8515
vn -0.1052 0.5051 0.8566
vn -0.5996 0.7823 -0.1688
vn -0.6350 -0.4273 0.6435
vn 0.1536 -0.6912 0.7062
vn -0.0004 0.6838 0.7297
vn 0.5713 0.2415 0.7844
vn -0.6327 -0.7734 -0.0389
vn -0.8602 -0.0725 0.5048
vn 0.5786 -0.5981 0.5546
vn -0.1912 -0.7605 0.6206
vn -0.7874 -0.6154 -0.0373
vn -0.8739 0.4416 0.2032
vn 0.9530 -0.1081 0.2831
vn -0.3789 -0.8912 -0.2494
vn 0.9130 0.3873 -0.1281
vn 0.4306 -0.8868 -0.1679
vn 0.3743 0.9153 -0.1485
vn -0.4799 -0.3627 0.7989
vn 0.2417 0.3623 0.9002
vn -0.1580 -0.9608 -0.2279
vn 0.5293 0.1925 0.8263
vn -0.6136 -0.6849 0.3929
vn -0.4105 -0.7564 0.5093
vn -0.7845 -0.3414 0.5177
vn -0.5539 0.7433 0.3752
vn -0.3669 -0.3829 0.8478
vn 0.6422 -0.2797 0.7137
vn 0.8754 0.1714 0.4519
vn 0.5457 -0.1771 0.8191
vn -0.5187 -0.8538 -0.0450
vn -0.8293 -0.5236 -0.1952
vn -0.8905 0.3890 -0.2360
vn -0.4590 0.1037 0.8824
vn -0.4386 0.1976 0.8767
vn -0.8941 0.0164 0.4476
vn -0.3283 -0.7252 0.6052
vn -0.4918 0.8556 0.1615
vn 0.1255 0.9778 0.1675
vn 0.0750 0.5364 0.8407
vn 0.2753 -0.9537 0.1213
vn 0.9353 -0.1131 0.3354
vn 0.7553 0.6032 0.2563
vn 0.7577 -0.5350 -0.3737
vn 0.6374 -0.7659 -0.0840
vn -0.4387 0.1975 0.8767
vn -0.5331 0.6104 0.5858
vn 0.0750 0.5363 0.8407
vn 0.6148 0.7808 0.1113
vn 0.9361 0.3476 0.0535
vn -0.0341 0.9931 0.1122
vn -0.0424 -0.7269 0.6855
vn 0.2580 0.9516 0.1671
vn 0.9766 0.1771 0.1216
vn 0.1319 0.7607 0.6355
vn -0.4156 0.8550 -0.3103
vn -0.7861 -0.5727 0.2326
vn -0.9013 0.1954 0.3866
vn -0.3505 -0.4394 0.8271
vn 0.5574 -0.8074 0.1932
vn -0.6545 0.6847 0.3206
vn 0.0443 -0.9966 0.0694
vn 0.3063 -0.9505 0.0521
vn 0.3395 -0.8749 0.3455
vn -0.9640 0.1435 -0.2239
vn -0.0198 -0.9984 0.0539
vn 0.1149 0.9460 -0.3032
vn -0.0020 -0.5721 0.8202
vn 0.7526 -0.2242 0.6192
vn -0.9823 0.0247 -0.1855
vn -0.8480 0.5284 0.0403
vn 0.0315 -0.9851 -0.1690
vn -0.5360 -0.8442 0.0057
vn -0.6094 -0.7708 0.1855
vn 0.0033 -0.4834 0.8754
vn -0.3669 -0.3830 0.8478
vn 0.5970 -0.7888 0.1464
vn 0.3225 0.7556 0.5701
vn 0.5740 0.5853 0.5727
vn -0.2600 -0.9019 -0.3450
vn 0.9712 -0.1814 -0.1543
vn 0.1565 0.9849 0.0738
vn 0.0650 -0.9971 0.0384
vn 0.7526 -0.2243 0.6192
vn -0.6141 -0.7858 -0.0731
vn 0.9312 0.3010 -0.2054
vn -0.9989 0.0365 0.0311
vn -0.7009 -0.7132 0.0122
vn -0.9853 0.1702 0.0120
vn -0.4934 -0.6240 0.6059
vn -0.2859 -0.6039 0.7440
vn -0.7697 0.6384 0.0058
vn -0.0024 0.9977 0.0679
vn -0.0363 -0.9989 0.0298
vn 0.8051 -0.5531 0.2140
vn 0.8743 -0.4851 0.0154
vn -0.9309 0.3639 0.0304
vn -0.9845 -0.1727 0.0309
vn 0.9234 0.3814 0.0430
vn 0.9664 -0.2565 0.0170
vn 0.9130 0.3874 -0.1282
vn -0.9840 0.1779 0.0071
vn -0.6578 -0.7532 0.0017
vn -0.6333 -0.7734 0.0282
vn -0.6095 -0.7707 0.1855
vn 0.0162 -0.9983 0.0555
vn 0.1724 -0.9840 -0.0446
vn -0.2239 0.9334 -0.2803
vn -0.5480 0.7965 -0.2553
vn -0.8578 -0.4069 -0.3142
vn 0.2149 0.8538 -0.4741
vn -0.7860 -0.5728 0.2326
vn 0.9987 0.0508 0.0082
vn 0.3357 0.9420 0.0019
vn 0.9653 0.2610 0.0016
vn 0.5988 -0.8009 -0.0011
vn -0.0177 0.9998 0.0058
vn -0.4909 -0.8712 0.0087
vn 0.9519 0.3058 -0.0205
vn 0.3557 0.9346 0.0095
vn 0.7707 0.6366 -0.0286
vn 0.5415 0.8406 -0.0131
vn 0.9285 -0.3096 -0.2052
vn 0.9880 -0.1546 0.0016
vn 0.9740 -0.2266 -0.0057
vn 0.3064 -0.9505 0.0521
vn -0.1121 0.9371 -0.3306
vn 0.6904 0.7234 -0.0063
vn -0.6392 0.7689 0.0165
vn 0.9353 -0.1130 0.3353
vn 0.7820 -0.6233 -0.0041
vn -0.0290 -0.9996 0.0059
vn 0.1162 -0.7798 -0.6151
vn 0.5171 0.8428 0.1489
vn 0.8428 -0.4609 0.2779
vn 0.9987 0.0508 0.0081
vn -0.7611 -0.2358 -0.6043
vn 0.4865 -0.6341 -0.6010
vn -0.7592 0.2373 -0.6061
vn -0.7929 -0.0969 -0.6017
vn -0.7929 -0.0968 -0.6016
vn 0.2213 -0.7586 -0.6128
vn -0.4479 -0.6338 -0.6307
vn -0.5643 -0.5304 -0.6326
vn 0.4832 0.6078 -0.6301
vn -0.0400 -0.8413 0.5391
vn 0.8628 -0.2622 -0.4323
vn -0.9945 -0.0951 0.0432
vn -0.6793 0.7333 0.0269
vn 0.1177 0.9930 0.0057
vn -0.4809 0.6103 -0.6295
vn 0.2379 0.8249 -0.5127
vn -0.1280 0.9514 0.2803
vn 0.7546 -0.6486 0.0992
vn 0.8962 -0.0843 -0.4356
vn 0.8853 -0.0055 -0.4649
vn 0.7261 -0.1885 -0.6612
vn 0.7261 -0.1885 -0.6613
vn 0.7200 -0.1484 -0.6779
vn 0.3824 -0.7952 -0.4706
vn 0.1638 -0.8699 -0.4652
vn -0.2606 0.8339 -0.4864
vn -0.5005 0.7673 -0.4008
vn -0.4534 0.6216 -0.6388
vn -0.7582 0.0514 -0.6500
vn 0.8913 0.1341 -0.4331
vn 0.6440 0.5899 -0.4871
vn -0.2196 -0.9756 0.0039
vn -0.0033 -0.8831 -0.4691
vn -0.1623 -0.9858 0.0430
vn -0.3810 -0.7949 -0.4722
vn -0.5923 0.6750 -0.4400
vn -0.7173 0.5578 -0.4175
vn -0.7219 0.4644 -0.5129
vn -0.8916 -0.1146 -0.4381
vn -0.8872 0.1247 -0.4443
vn -0.8724 -0.0108 -0.4886
vn 0.6226 -0.6184 -0.4795
vn 0.5054 -0.7220 -0.4726
vn -0.6959 -0.4924 -0.5228
vn -0.7979 -0.3915 -0.4583
vn 0.8425 0.2848 -0.4573
vn 0.7600 0.5206 -0.3890
vn 0.5222 0.7361 -0.4307
vn -0.4587 -0.8814 0.1131
vn 0.0650 -0.9972 0.0384
vn 0.1296 0.8512 -0.5087
vn -0.1398 0.9032 -0.4059
vn -0.1547 -0.8529 -0.4986
vn 0.9600 0.2795 0.0140
vn -0.8955 0.2627 -0.3592
vn -0.8233 0.3730 -0.4278
vn 0.7789 0.3568 -0.5157
vn -0.5839 0.8101 0.0535
vn 0.7422 -0.6540 0.1466
vn -0.6929 -0.6292 -0.3521
vn -0.8980 -0.2771 -0.3419
vn 0.8962 -0.0844 -0.4356
vn 0.9312 0.3011 -0.2055
vn 0.7361 -0.5186 -0.4349
vn -0.8630 0.3624 0.3520
vn -0.8724 -0.0108 -0.4887
vn 0.8425 0.2848 -0.4572
vn -0.2195 -0.9756 0.0039
vn -0.0124 0.9086 -0.4176
vn -0.2651 -0.8671 -0.4217
vn -0.3862 0.8040 -0.4522
vn -0.5493 -0.6569 -0.5165
vn 0.8433 -0.3794 -0.3807
vn -0.5104 -0.7429 -0.4331
vn 0.3682 0.8292 -0.4205
vn 0.2632 -0.8542 -0.4483
vn -0.8233 0.3731 -0.4277
vn 0.9568 0.2249 -0.1842
vn 0.5788 0.7144 0.3932
vn 0.8430 -0.4759 -0.2509
vn -0.8233 0.4940 -0.2795
vn 0.9719 0.0137 -0.2349
vn 0.9573 0.2322 -0.1724
vn 0.9268 0.2941 -0.2337
vn 0.3486 -0.9087 -0.2296
vn -0.9425 0.2713 0.1952
vn 0.3523 -0.9046 -0.2400
vn 0.1414 -0.9505 -0.2766
vn 0.2575 -0.9613 0.0978
vn -0.2399 -0.9447 -0.2234
vn -0.5744 -0.7843 -0.2344
vn -0.9755 0.0180 -0.2192
vn -0.8916 -0.1146 -0.4380
vn 0.8460 0.4503 -0.2857
vn 0.6478 0.7248 -0.2346
vn 0.5685 -0.7898 -0.2303
vn 0.9573 0.2322 -0.1723
vn 0.9110 -0.2974 -0.2857
vn 0.8435 -0.4715 -0.2574
vn -0.7211 -0.6400 0.2653
vn 0.1068 0.9666 -0.2331
vn -0.3833 -0.8782 -0.2860
vn -0.8624 -0.4215 -0.2804
vn 0.8326 -0.5118 -0.2117
vn 0.8436 -0.4755 -0.2497
vn 0.7831 0.5762 -0.2339
vn -0.1412 -0.9544 -0.2630
vn -0.3117 -0.9225 -0.2276
vn -0.7595 -0.5992 -0.2533
vn -0.8145 -0.5328 -0.2297
vn 0.8914 0.1341 -0.4330
vn 0.8412 -0.4764 -0.2558
vn 0.4313 0.8531 -0.2937
vn 0.3198 0.9061 -0.2771
vn 0.1696 0.9409 -0.2933
vn 0.1204 -0.9927 -0.0039
vn -0.4588 -0.8813 0.1131
vn -0.1890 0.9697 0.1551
vn -0.2520 0.9219 -0.2942
vn -0.4200 0.8648 -0.2752
vn -0.9060 0.3493 -0.2390
vn 0.9500 -0.1528 -0.2724
vn 0.8462 -0.4431 -0.2960
vn 0.4276 -0.8554 -0.2922
vn -0.0208 0.9591 -0.2822
vn -0.6875 -0.6747 -0.2686
vn -0.7501 0.5935 -0.2916
vn -0.9647 -0.1368 -0.2252
vn 0.8019 0.5037 -0.3214
vn 0.5817 0.7795 -0.2325
vn -0.1159 0.6817 0.7224
vn -0.1668 0.9418 -0.2920
vn -0.4301 -0.8473 -0.3116
vn -0.5780 0.7595 -0.2986
vn -0.9446 0.1709 -0.2803
vn 0.7080 -0.6550 -0.2640
vn 0.0018 -0.9663 -0.2573
vn 0.0138 0.9967 0.0804
vn 0.9870 0.1564 0.0377
vn -0.3319 0.9042 -0.2688
vn 0.9500 -0.1527 -0.2724
vn 0.9584 -0.0211 -0.2847
vn 0.3289 0.8839 0.3324
vn -0.7746 0.5820 -0.2476
vn -0.9274 -0.2430 -0.2845
vn -0.9726 0.0267 -0.2310
vn 0.8043 -0.5406 -0.2468
vn -0.9755 0.0180 -0.2191
vn 0.9371 0.1680 -0.3060
vn 0.5583 0.7515 -0.3514
vn 0.1498 -0.9502 -0.2734
vn -0.6716 0.6895 -0.2714
vn -0.9060 0.3494 -0.2390
vn 0.7932 -0.5444 -0.2728
vn -0.2109 0.1854 0.9598
vn 0.1880 0.9822 -0.0024
vn -0.8811 -0.4680 0.0685
vn -0.9620 0.0148 0.2728
vn 0.0052 -0.9474 -0.3201
vn -0.7349 -0.6259 -0.2609
vn 0.6440 0.6895 -0.3315
vn -0.7212 -0.6399 0.2653
vn -0.1578 -0.9863 0.0489
vn 0.1946 0.4606 0.8660
vn -0.1420 -0.9321 -0.3333
vn -0.3231 -0.8916 -0.3173
vn -0.9404 -0.1237 -0.3169
vn -0.1579 -0.9862 0.0489
vn -0.6095 -0.7708 0.1855
vn 0.0161 -0.9983 0.0555
vn 0.1144 -0.1547 0.9813
vn -0.0401 -0.8413 0.5391
vn 0.9639 0.2570 0.0688
vn 0.8950 -0.1818 -0.4073
vn -0.0119 0.9923 0.1233
vn -0.1568 0.9282 -0.3374
vn -0.5913 0.6606 -0.4626
vn 0.9552 -0.0794 -0.2852
vn 0.9369 -0.1415 -0.3196
vn 0.4112 0.7696 -0.4885
vn 0.5063 -0.7982 -0.3265
vn 0.1131 -0.8686 -0.4824
vn -0.9100 0.3113 -0.2737
vn 0.2021 -0.8780 -0.4340
vn -0.7107 -0.6139 -0.3436
vn -0.8396 -0.4286 -0.3339
vn -0.8915 0.2300 -0.3903
vn 0.8832 0.3242 -0.3389
vn 0.8583 -0.2816 -0.4290
vn 0.6853 -0.6561 -0.3160
vn 0.5583 0.7610 -0.3304
vn 0.9606 -0.2556 0.1087
vn -0.8232 0.4630 -0.3286
vn -0.9004 0.2802 -0.3328
vn 0.6812 -0.6875 -0.2516
vn 0.9005 0.3478 -0.2609
vn -0.9921 0.1120 0.0564
vn 0.5202 -0.8116 -0.2658
vn 0.8001 0.5758 -0.1684
vn -0.6153 -0.7217 -0.3171
vn 0.3399 0.8760 -0.3422
vn -0.8909 -0.4309 0.1439
vn 0.1654 0.9276 -0.3349
vn -0.6899 0.6396 -0.3392
vn -0.8091 0.4901 -0.3241
vn 0.6580 0.6663 -0.3507
vn 0.5771 0.7637 -0.2892
vn -0.9310 -0.2653 0.2509
vn 0.1387 -0.9320 -0.3348
vn -0.3567 -0.8788 -0.3171
vn -0.2957 0.8972 -0.3279
vn -0.9454 0.0530 -0.3215
vn 0.7511 0.5413 -0.3780
vn 0.2561 -0.9026 -0.3460
vn 0.9648 0.1750 -0.1960
vn -0.6346 0.7200 -0.2810
vn 0.9607 -0.2135 -0.1773
vn -0.9404 -0.1237 -0.3168
vn -0.3783 -0.2528 0.8905
vn 0.0909 -0.0226 0.9956
vn -0.7048 0.6299 -0.3262
vn -0.4416 -0.8615 -0.2505
vn -0.9585 -0.0437 -0.2817
vn 0.8930 -0.2595 -0.3677
vn 0.9221 0.0877 -0.3768
vn 0.6991 -0.6553 -0.2859
vn 0.1433 0.9232 -0.3566
vn -0.7645 -0.6126 -0.2006
vn -0.9070 0.4113 0.0908
vn 0.8402 -0.5343 0.0924
vn -0.9679 -0.2200 -0.1212
vn -0.1559 0.9116 -0.3805
vn 0.8158 -0.5523 -0.1714
vn 0.9672 -0.2404 -0.0819
vn 0.0868 0.9299 -0.3574
vn 0.1395 -0.9314 -0.3363
vn 0.1200 -0.9392 -0.3217
vn 0.8828 -0.4536 -0.1221
vn -0.4275 0.8353 -0.3457
vn -0.4182 -0.8541 -0.3093
vn 0.4153 0.8386 -0.3525
vn 0.9458 0.0077 -0.3248
vn 0.8575 -0.3915 -0.3339
vn 0.1341 -0.9883 -0.0734
vn -0.8356 0.5326 -0.1343
vn -0.9710 -0.1696 -0.1687
vn -0.9989 0.0365 0.0310
vn -0.9252 -0.2439 0.2908
vn -0.4705 0.8238 -0.3162
vn 0.7647 0.3684 0.5287
vn -0.8036 -0.5712 -0.1671
vn 0.8290 0.4689 -0.3046
vn -0.3909 0.3925 0.8325
vn -0.5277 -0.7941 -0.3016
vn -0.6888 -0.6638 -0.2914
vn -0.4286 -0.8814 -0.1987
vn -0.8961 -0.3094 -0.3182
vn -0.9387 -0.1599 -0.3053
vn 0.0084 0.9374 -0.3483
vn 0.6212 0.7432 -0.2484
vn 0.7505 0.5773 -0.3217
vn 0.2574 -0.9613 0.0978
vn 0.9358 0.1334 -0.3263
vn 0.5508 0.4360 0.7117
vn -0.4267 0.8369 -0.3427
vn -0.5384 0.7732 -0.3351
vn -0.7190 0.5853 -0.3748
vn 0.7889 -0.5257 -0.3182
vn 0.7400 0.0156 0.6725
vn -0.9670 0.1835 -0.1766
vn 0.8691 0.4880 -0.0804
vn -0.6506 0.6812 -0.3356
vn -0.9359 0.1178 -0.3319
vn 0.3837 -0.8663 -0.3199
vn -0.9318 0.0519 -0.3593
vn 0.8307 -0.5234 -0.1899
vn 0.7065 0.6450 -0.2912
vn 0.9870 0.1565 0.0377
vn -0.9662 0.1713 -0.1928
vn -0.9209 -0.2867 -0.2640
vn 0.8366 -0.4490 -0.3137
vn 0.6485 0.6826 -0.3370
vn 0.9671 0.1962 -0.1621
vn -0.8248 -0.4682 -0.3171
vn 0.6754 -0.6791 -0.2875
vn -0.0010 -0.0054 1.0000
vn 0.7647 0.3683 0.5287
vn 0.9607 -0.2555 0.1087
vn 0.7270 0.5996 -0.3346
vn -0.8908 -0.4310 0.1439
vn -0.3783 -0.2529 0.8905
vn -0.9309 -0.2654 0.2509
vn 0.0004 -0.0063 1.0000
vn -0.1623 -0.9858 0.0429
vn 0.8429 -0.4608 0.2779
vn -0.8304 0.4588 -0.3162
vn -0.0106 -0.9500 -0.3120
vn -0.8477 0.4333 -0.3061
vn 0.9387 -0.3436 -0.0272
vn -0.8286 -0.5101 -0.2308
vn -0.9277 0.1450 -0.3440
vn 0.7706 0.5159 -0.3741
vn -0.0202 0.9406 -0.3391
vn -0.7345 -0.6115 -0.2941
vn -0.9477 -0.3001 0.1084
vn 0.9455 -0.0013 -0.3257
vn 0.7990 -0.5109 -0.3171
vn 0.4115 0.8492 -0.3309
vn -0.7660 -0.6240 -0.1545
vn 0.2660 0.9019 -0.3403
vn 0.3099 -0.8931 -0.3262
vn -0.4099 0.8455 -0.3421
vn -0.9073 0.2715 -0.3211
vn 0.5463 -0.7815 -0.3014
vn -0.5623 0.7565 -0.3338
vn 0.8348 0.4527 -0.3134
vn -0.3546 0.8666 -0.3511
vn -0.0973 0.9366 -0.3367
vn -0.4276 -0.8448 -0.3217
vn 0.8087 -0.5825 -0.0818
vn 0.3537 -0.9231 -0.1510
vn -0.7018 -0.7026 -0.1182
vn -0.8710 0.3957 -0.2912
vn -0.2833 -0.9508 -0.1250
vn 0.9337 -0.3254 -0.1497
vn 0.4641 0.8608 -0.2091
vn 0.8120 -0.5593 -0.1669
vn 0.8307 -0.5234 -0.1900
vn 0.7707 0.5158 -0.3741
vn -0.2744 -0.9152 -0.2953
vn -0.6589 0.6706 -0.3408
vn 0.9358 0.1334 -0.3264
vn 0.9137 0.2576 -0.3144
vn -0.6953 -0.6636 -0.2759
vn 0.9445 -0.1135 -0.3083
vn 0.9455 -0.0014 -0.3257
vn 0.9137 0.2577 -0.3144
vn 0.8342 -0.4701 -0.2882
vn 0.5553 0.7630 -0.3309
vn 0.6430 -0.7229 -0.2530
vn 0.8284 0.4731 -0.3000
vn 0.9553 0.2052 -0.2129
vn -0.7011 0.7015 -0.1277
vn -0.1454 -0.9376 -0.3160
vn -0.9886 -0.0964 -0.1159
vn -0.7783 0.5140 -0.3606
vn 0.8134 0.4560 -0.3611
vn 0.6610 0.6770 -0.3237
vn 0.1525 0.9273 -0.3419
vn -0.9209 -0.2867 -0.2639
vn 0.3723 -0.8870 -0.2730
vn -0.8359 -0.4671 -0.2882
vn -0.7705 -0.6225 -0.1371
vn -0.9359 0.1177 -0.3319
vn -0.9074 0.2718 -0.3206
vn -0.9436 0.0989 -0.3159
vn 0.9211 -0.2502 -0.2984
vn 0.9179 0.2080 -0.3380
vn 0.1711 0.9311 -0.3221
vn 0.9467 -0.1741 -0.2711
vn -0.0107 -0.9500 -0.3120
vn -0.9312 0.1322 -0.3398
vn -0.9203 -0.2480 -0.3025
vn -0.9550 -0.2630 -0.1374
vn 0.9432 0.1427 -0.3001
vn 0.7475 -0.6075 -0.2687
vn -0.2120 0.9149 -0.3436
vn 0.0644 0.9482 -0.3111
vn 0.9210 0.3418 -0.1871
vn -0.2190 0.9132 -0.3436
vn -0.4221 0.8452 -0.3279
vn -0.9436 0.0989 -0.3158
vn 0.9445 -0.1136 -0.3083
vn 0.5755 -0.7746 -0.2625
vn 0.9029 -0.3953 -0.1688
vn 0.8956 -0.3880 -0.2176
vn 0.2614 -0.9591 -0.1088
vn 0.1950 -0.9379 -0.2868
vn -0.0811 0.9330 -0.3507
vn -0.7745 0.5487 -0.3149
vn -0.1194 -0.9919 -0.0429
vn -0.6432 -0.7170 -0.2688
vn 0.9887 -0.0159 -0.1489
vn 0.7204 0.6823 -0.1243
vn 0.8204 0.4614 -0.3377
vn 0.7991 -0.5398 -0.2646
vn -0.8736 -0.4416 -0.2043
vn -0.4178 0.8839 -0.2100
vn -0.4294 0.8460 -0.3162
vn -0.6058 -0.7514 -0.2615
vn -0.6615 0.6697 -0.3376
vn -0.7649 -0.5827 -0.2746
vn -0.7627 -0.5839 -0.2781
vn -0.9622 0.1730 -0.2102
vn -0.9430 -0.1817 -0.2789
vn 0.7527 0.5755 -0.3198
vn 0.8348 0.4527 -0.3133
vn -0.6213 -0.7720 -0.1342
vn 0.8446 0.4470 -0.2947
vn -0.8692 0.4476 -0.2102
vn -0.9544 -0.0351 -0.2963
vn -0.4200 -0.8672 -0.2675
vn -0.3830 -0.9103 -0.1570
vn -0.1803 0.9359 -0.3025
vn 0.9211 -0.2502 -0.2983
vn 0.9561 -0.0725 -0.2839
vn -0.2301 -0.9384 -0.2577
vn -0.8332 0.4696 -0.2920
vn -0.8722 -0.4135 -0.2612
vn 0.8731 0.4221 -0.2439
vn -0.1155 -0.9608 -0.2519
vn -0.9514 0.1282 -0.2801
vn 0.1712 0.9311 -0.3221
vn -0.7826 -0.5901 -0.1983
vn 0.8641 -0.4697 -0.1812
vn 0.6697 0.6771 -0.3050
vn 0.5554 0.7629 -0.3309
vn 0.6611 0.6769 -0.3237
vn -0.7478 0.5855 -0.3130
vn 0.5179 0.7980 -0.3083
vn 0.1488 0.9350 -0.3218
vn -0.2075 0.9267 -0.3135
vn -0.6783 0.6678 -0.3065
vn -0.7771 -0.5696 -0.2678
vn 0.6700 0.6760 -0.3068
vn 0.8682 0.4161 -0.2704
vn 0.8284 0.4731 -0.2999
vn 0.8620 0.4590 -0.2154
vn 0.1446 -0.9545 -0.2610
vn -0.8552 0.4295 -0.2901
vn -0.9532 -0.0603 -0.2961
vn 0.9276 0.2454 -0.2816
vn 0.8975 -0.3574 -0.2582
vn 0.9528 0.0363 -0.3013
vn 0.3464 0.8841 -0.3136
vn 0.3629 -0.8978 -0.2496
vn -0.0039 0.9509 -0.3094
vn -0.8129 0.4791 -0.3313
vn 0.4132 0.8560 -0.3106
vn 0.5859 -0.7989 -0.1358
vn -0.9686 0.1513 -0.1975
vn -0.8243 -0.5471 -0.1457
vn 0.9606 -0.0351 -0.2756
vn 0.8574 0.4269 -0.2873
vn 0.8466 0.4313 -0.3118
vn 0.7279 -0.6389 -0.2489
vn -0.2321 0.9277 -0.2923
vn -0.5679 0.7678 -0.2966
vn -0.9502 -0.0338 -0.3099
vn 0.1433 -0.9875 -0.0660
vn 0.2110 0.9319 -0.2950
vn -0.9178 0.2855 -0.2760
vn 0.8914 0.3379 -0.3021
vn 0.8731 0.4220 -0.2439
vn 0.8620 0.4589 -0.2154
vn -0.0265 -0.9734 -0.2275
vn 0.8203 -0.5557 -0.1355
vn 0.9563 0.1221 -0.2657
vn 0.8507 0.4371 -0.2920
vn 0.8244 -0.5107 -0.2441
vn 0.9836 -0.1375 -0.1167
vn 0.2246 -0.9445 -0.2399
vn 0.2807 0.9274 -0.2471
vn -0.9608 0.0317 -0.2755
vn 0.9527 -0.1380 -0.2706
vn 0.8592 0.4213 -0.2904
vn -0.2423 -0.9682 0.0620
vn 0.2782 -0.9257 -0.2564
vn -0.7389 0.6138 -0.2780
vn -0.6784 0.6678 -0.3065
vn -0.5624 0.7565 -0.3338
vn 0.8583 0.4229 -0.2906
vn 0.6771 -0.6959 -0.2395
vn -0.7968 0.5628 -0.2201
vn -0.7926 -0.5537 -0.2553
vn -0.2393 -0.9649 -0.1081
vn 0.8426 0.4243 -0.3317
vn -0.3641 0.8837 -0.2943
vn -0.2075 0.9267 -0.3134
vn 0.3400 -0.9329 -0.1184
vn 0.5066 -0.8253 -0.2493
vn -0.1726 -0.9688 -0.1781
vn 0.7234 -0.6645 -0.1873
vn -0.3315 0.8933 -0.3034
vn -0.7210 -0.6492 -0.2423
vn -0.1677 0.9536 -0.2499
vn 0.1478 -0.9696 -0.1952
vn -0.4222 -0.8769 -0.2296
vn -0.9751 0.1314 -0.1789
vn 0.7696 0.5685 -0.2907
vn -0.1624 -0.9595 -0.2302
vn 0.3465 0.8841 -0.3136
vn 0.8770 0.4433 -0.1853
vn -0.7984 0.5294 -0.2868
vn -0.1386 -0.9663 -0.2170
vn -0.0266 -0.9734 -0.2275
vn -0.9097 -0.3858 -0.1538
vn -0.7173 0.6381 -0.2798
vn 0.9527 -0.1380 -0.2707
vn 0.7043 0.6505 -0.2842
vn 0.8252 -0.5123 -0.2378
vn 0.7539 -0.6124 -0.2379
vn -0.9457 -0.1996 -0.2566
vn 0.3928 0.8720 -0.2920
vn -0.5193 -0.8242 -0.2259
vn -0.9558 -0.1456 -0.2555
vn 0.4822 -0.8438 -0.2354
vn -0.8845 0.3667 -0.2884
vn -0.9667 0.0410 -0.2527
vn 0.9683 -0.0161 -0.2494
vn -0.0415 0.9580 -0.2839
vn 0.9029 -0.3905 -0.1797
vn 0.8321 -0.4880 -0.2635
vn -0.2191 -0.9504 -0.2209
vn 0.9465 -0.2101 -0.2450
vn 0.9441 0.1699 -0.2824
vn 0.9660 0.1706 -0.1941
vn -0.8337 -0.5349 -0.1375
vn -0.8210 -0.5235 -0.2280
vn -0.9457 -0.1997 -0.2566
vn 0.8098 0.5077 -0.2940
vn -0.2764 0.9196 -0.2792
vn -0.6195 -0.7619 -0.1890
vn -0.9557 -0.1097 -0.2731
vn -0.4120 0.8606 -0.2994
vn -0.9602 0.1070 -0.2579
vn 0.8689 0.4113 -0.2752
vn 0.4315 0.8511 -0.2991
vn 0.1401 0.9559 -0.2579
vn -0.4486 0.8464 -0.2870
vn -0.2765 0.9196 -0.2792
vn 0.9601 0.1069 -0.2584
vn 0.7565 -0.6150 -0.2224
vn 0.8247 0.4958 -0.2721
vn 0.9623 0.0445 -0.2683
vn 0.2705 0.9204 -0.2824
vn -0.8171 -0.5208 -0.2473
vn 0.9629 -0.1437 -0.2284
vn 0.8395 0.4696 -0.2732
vn 0.5531 0.7817 -0.2883
vn 0.3305 -0.9167 -0.2245
vn -0.0729 -0.9963 -0.0451
vn -0.9772 0.1151 -0.1783
vn 0.9902 -0.0603 -0.1256
vn 0.1878 -0.9578 -0.2174
vn 0.4666 -0.8738 -0.1367
vn 0.2240 -0.9704 -0.0899
vn -0.8836 -0.4070 -0.2314
vn 0.7305 -0.6535 -0.1983
vn -0.8740 0.4470 -0.1905
vn -0.8725 0.4042 -0.2744
vn -0.8837 -0.4069 -0.2314
vn -0.7632 -0.5996 -0.2411
vn -0.8234 0.5011 -0.2663
vn -0.8126 -0.5341 -0.2334
vn 0.9273 0.2606 -0.2686
vn 0.8040 0.5564 -0.2097
vn 0.0419 0.9587 -0.2814
vn -0.2276 0.9299 -0.2888
vn 0.8710 0.3953 -0.2919
vn -0.7252 0.6253 -0.2884
vn 0.1879 -0.9578 -0.2174
vn 0.0266 -0.9729 -0.2296
vn -0.3369 0.9112 -0.2371
vn -0.2174 0.9347 -0.2811
vn -0.8897 0.3602 -0.2806
vn 0.7762 -0.5772 -0.2535
vn 0.6355 -0.7392 -0.2231
vn 0.7640 -0.6376 -0.0986
vn 0.8926 -0.3851 -0.2343
vn 0.9461 -0.1921 -0.2607
vn -0.6869 0.6735 -0.2732
vn -0.4761 0.8270 -0.2990
vn -0.9628 -0.1425 -0.2295
vn 0.8738 0.4088 -0.2633
vn 0.0710 -0.9961 -0.0530
vn -0.3342 -0.9157 -0.2231
vn -0.5918 -0.7848 -0.1840
vn -0.9891 -0.0598 -0.1344
vn -0.7961 -0.5959 -0.1054
vn 0.9678 -0.0054 -0.2518
vn 0.2693 -0.9353 -0.2298
vn -0.2175 0.9347 -0.2811
vn -0.6188 0.7314 -0.2864
vn -0.2118 -0.9517 -0.2224
vn -0.9468 0.1549 -0.2823
vn -0.9463 -0.2196 -0.2372
vn 0.9479 0.1572 -0.2772
vn 0.2381 0.9298 -0.2808
vn -0.9097 -0.3857 -0.1537
vn 0.8192 0.5092 -0.2638
vn 0.6876 0.6699 -0.2801
vn -0.2840 -0.9527 -0.1079
vn 0.3205 0.9122 -0.2554
vn 0.3118 0.9115 -0.2683
vn -0.3959 -0.9005 -0.1801
vn -0.9690 -0.0254 -0.2458
vn -0.7372 0.6126 -0.2852
vn 0.9878 0.0492 -0.1477
vn -0.6654 0.7107 -0.2283
vn 0.5532 0.7737 -0.3089
vn 0.4417 0.8501 -0.2866
vn 0.8296 0.4823 -0.2813
vn 0.3835 -0.9009 -0.2031
vn -0.9780 0.1016 -0.1823
vn -0.7861 0.5588 -0.2641
vn -0.9794 -0.0044 -0.2019
vn 0.7874 -0.5763 -0.2188
vn -0.7632 -0.5996 -0.2410
vn -0.6350 -0.7423 -0.2138
vn 0.1310 0.9623 -0.2383
vn -0.3302 0.9024 -0.2769
vn -0.4515 0.8428 -0.2929
vn 0.8902 -0.3767 -0.2562
vn 0.4090 -0.8861 -0.2181
vn 0.4822 -0.8439 -0.2354
vn -0.8981 -0.3551 -0.2596
vn 0.9659 0.1097 -0.2344
vn -0.9642 -0.0820 -0.2521
vn 0.2124 0.9302 -0.2993
vn 0.9669 -0.1337 -0.2175
vn 0.6860 0.6832 -0.2502
vn 0.2176 0.9327 -0.2876
vn -0.7629 -0.6020 -0.2357
vn 0.9411 -0.2537 -0.2238
vn -0.8362 0.5267 -0.1527
vn 0.7882 0.5499 -0.2764
vn -0.3710 -0.8964 -0.2427
vn -0.4228 0.8540 -0.3032
vn -0.4761 -0.8358 -0.2736
vn 0.6476 0.7367 -0.1948
vn 0.7874 -0.5763 -0.2187
vn 0.6932 0.6800 -0.2390
vn 0.2423 -0.9402 -0.2396
vn 0.3023 -0.9233 -0.2367
vn -0.2783 -0.9257 -0.2563
vn -0.4269 0.8680 -0.2537
vn -0.9274 0.2495 -0.2788
vn -0.9465 -0.1921 -0.2593
vn 0.9506 -0.0613 -0.3044
vn 0.5331 -0.7995 -0.2768
vn -0.6936 -0.6799 -0.2380
vn 0.8852 0.4007 -0.2365
vn 0.9382 -0.2320 -0.2567
vn 0.6540 -0.7157 -0.2448
vn 0.7798 -0.5537 -0.2919
vn -0.7011 0.6484 -0.2965
vn 0.8902 -0.3767 -0.2563
vn -0.5484 0.7781 -0.3062
vn -0.9690 -0.0253 -0.2457
vn -0.8448 0.4522 -0.2861
vn 0.9611 -0.0668 -0.2679
vn 0.6540 -0.7158 -0.2448
vn 0.6086 -0.7849 -0.1169
vn -0.3151 0.8885 -0.3337
vn -0.1797 -0.9837 0.0091
vn 0.0883 -0.2423 0.9662
vn 0.6303 -0.4153 0.6560
vn -0.0011 0.0097 1.0000
vn -0.0726 0.3347 0.9395
vn -0.3841 0.4502 0.8061
vn 0.0135 -0.1616 0.9868
vn -0.1547 -0.9654 -0.2099
vn 0.0428 -0.1256 0.9912
vn 0.7630 0.5499 0.3399
vn -0.0338 -0.0122 0.9994
vn -0.0501 0.2501 0.9669
vn -0.6416 -0.4632 0.6114
vn -0.2682 -0.4021 0.8754
vn 0.7762 -0.5773 -0.2535
vn 0.6355 -0.7392 -0.2232
vn 0.5966 0.7379 0.3155
vn -0.6539 -0.1769 0.7356
vn -0.8554 0.4339 -0.2828
vn 0.9764 -0.1176 -0.1811
vn 0.7440 -0.1773 0.6442
vn 0.5640 -0.6272 0.5371
vn -0.6882 0.6945 0.2098
vn -0.4000 0.8524 0.3368
vn 0.0548 0.9485 -0.3120
vn 0.3018 0.5696 0.7645
vn -0.0521 -0.2425 0.9688
vn -0.2976 -0.5651 0.7695
vn -0.9828 0.1384 -0.1220
vn 0.2386 0.3284 0.9139
vn -0.8119 0.5621 0.1578
vn 0.2697 -0.5428 0.7953
vn 0.0301 -0.1597 0.9867
vn -0.1299 0.6086 0.7828
vn -0.0042 -0.0612 0.9981
vn 0.0059 0.8467 0.5320
vn -0.0458 -0.1545 0.9869
vn -0.0042 -0.0613 0.9981
vn 0.0469 -0.2089 0.9768
vn -0.0022 -0.2771 0.9608
vn 0.1645 0.7256 0.6681
vn -0.2677 -0.7267 0.6326
vn 0.9017 0.2987 -0.3127
vn 0.7688 -0.5948 -0.2351
vn 0.1749 -0.5865 0.7908
vn -0.1896 0.9711 0.1452
vn 0.2304 0.9578 0.1716
vn 0.4467 0.8688 0.2137
vn 0.0529 0.4149 0.9083
vn -0.5883 0.0777 0.8049
vn -0.9207 0.3442 0.1842
vn -0.4056 0.4822 0.7765
vn -0.1938 -0.7261 0.6597
vn 0.0961 0.1473 0.9844
vn -0.9168 0.3419 -0.2065
vn 0.7643 0.5629 -0.3147
vn 0.9104 -0.1462 0.3870
vn -0.0420 0.4882 0.8717
vn 0.3083 -0.8729 0.3782
vn 0.3075 -0.9402 -0.1466
vn 0.1709 -0.9365 0.3062
vn -0.0481 -0.9484 0.3134
vn 0.9144 0.3641 0.1768
vn -0.0988 0.0237 0.9948
vn 0.0005 0.9895 0.1447
vn -0.1639 0.9545 -0.2490
vn -0.2423 0.4535 0.8577
vn 0.9212 0.0272 0.3882
vn -0.0959 0.2893 0.9524
vn 0.2832 0.2444 0.9274
vn 0.3440 0.4278 0.8358
vn 0.9355 0.3441 -0.0802
vn 0.6244 -0.6565 0.4232
vn -0.3142 0.5557 0.7697
vn 0.4277 0.8497 -0.3085
vn -0.3264 0.9171 -0.2291
vn 0.0036 0.5884 0.8086
vn 0.8075 -0.5653 -0.1683
vn -0.0026 0.0678 0.9977
vn 0.2219 -0.9733 0.0590
vn -0.0102 0.2782 0.9605
vn -0.0000 0.2769 0.9609
vn 0.0094 -0.2935 0.9559
vn -0.0042 -0.1671 0.9859
vn -0.0042 -0.1672 0.9859
vn -0.3151 0.8884 -0.3338
vn -0.2548 -0.9179 0.3043
vn 0.2164 0.2300 0.9488
vn 0.0098 0.3004 0.9538
vn -0.5885 -0.6683 0.4550
vn -0.8993 0.0161 0.4370
vn -0.9714 0.1241 -0.2023
vn 0.2210 0.5053 0.8342
vn 0.7756 0.6042 -0.1826
vn 0.5200 -0.7249 0.4518
vn -0.2681 0.2396 0.9331
vn -0.2722 0.6288 0.7284
vn -0.0719 0.3309 0.9409
vn 0.2513 0.5213 0.8156
vn -0.6793 -0.7321 -0.0516
vn 0.1225 0.4884 0.8640
vn -0.7923 0.5871 -0.1657
vn 0.9980 0.0037 -0.0634
vn 0.9342 0.3253 -0.1462
vn -0.3155 0.6806 0.6612
vn 0.6086 -0.7848 -0.1169
vn 0.6560 -0.7232 -0.2160
vn -0.0093 0.4691 0.8831
vn -0.4651 0.8695 -0.1664
vn -0.9111 -0.1928 0.3643
vn 0.9772 -0.1792 -0.1135
vn 0.9316 -0.2679 -0.2457
vn 0.5741 0.7923 -0.2064
vn 0.4723 0.8679 -0.1537
vn 0.1638 0.9439 -0.2868
vn -0.0051 -0.3761 0.9266
vn -0.0222 -0.9967 -0.0782
vn -0.1455 -0.9651 0.2179
vn -0.4604 -0.8761 -0.1431
vn 0.8488 0.4715 -0.2392
vn 0.8802 -0.4609 -0.1136
vn -0.8303 0.4395 0.3428
vn 0.3030 0.9415 -0.1476
vn 0.1481 -0.9890 0.0010
vn 0.0055 0.5278 0.8493
vn 0.1005 0.7621 0.6396
vn -0.6854 0.7087 -0.1675
vn -0.8355 -0.3892 0.3879
vn -0.9445 -0.2973 -0.1396
vn -0.9856 0.0419 -0.1639
vn 0.9316 -0.2680 -0.2457
vn -0.0719 0.3308 0.9410
vn 0.0001 0.9986 -0.0537
vn -0.3002 -0.9418 0.1516
vn -0.5561 0.8002 -0.2244
vn 0.2173 0.7062 0.6738
vn -0.8256 -0.5023 -0.2569
vn 0.0724 0.6316 0.7719
vn 0.7774 -0.6117 -0.1463
vn 0.7688 -0.5947 -0.2350
vn 0.4265 -0.9034 -0.0437
vn 0.0248 -0.9882 0.1510
vn -0.3014 -0.9530 0.0299
vn -0.8142 -0.5729 -0.0938
vn -0.8981 -0.3550 -0.2596
vn -0.8257 -0.5023 -0.2569
vn -0.8987 0.4375 -0.0306
vn -0.2513 0.6300 0.7348
vn -0.9847 -0.1679 0.0465
vn 0.9545 -0.0580 0.2927
vn -0.9820 0.1752 0.0705
vn 0.5593 -0.8282 0.0353
vn 0.1210 -0.9927 0.0018
vn -0.9531 0.0814 0.2915
vn 0.4839 -0.7952 0.3654
vn -0.0221 -0.9967 -0.0782
vn -0.3263 0.9171 -0.2291
vn 0.9489 0.2807 0.1439
vn -0.6855 -0.6361 0.3541
vn 0.6860 -0.7260 0.0483
vn 0.3447 -0.9380 -0.0356
vn 0.9456 -0.3052 0.1126
vn 0.3504 0.6123 0.7087
vn -0.0058 0.7212 0.6928
vn -0.4833 -0.7997 0.3563
vn 0.9500 -0.2243 0.2172
vn 0.0078 0.7383 0.6744
vn -0.0058 0.7211 0.6928
vn -0.9647 -0.0615 0.2560
vn 0.9816 0.1500 0.1180
vn 0.9380 0.3283 0.1116
vn 0.8286 -0.3878 0.4037
vn -0.3145 0.9453 0.0869
vn -0.8847 -0.4563 0.0959
vn 0.0644 0.7147 0.6964
vn -0.8003 0.5881 0.1168
vn -0.9807 0.1667 0.1022
vn 0.8904 0.4481 0.0794
vn 0.7383 -0.6099 0.2880
vn 0.8163 0.5679 0.1055
vn 0.5623 0.8216 0.0940
vn 0.4386 0.8949 0.0827
vn 0.3210 -0.9381 0.1302
vn 0.1645 0.9832 0.0795
vn -0.1335 -0.9869 0.0902
vn -0.4285 -0.8942 0.1299
vn -0.4576 0.8830 0.1046
vn -0.5655 0.8213 0.0754
vn 0.7089 0.6956 0.1163
vn 0.0121 -0.9886 -0.1499
vn -0.1558 0.9838 0.0883
vn -0.6924 0.7135 0.1073
vn -0.9405 0.3206 0.1126
vn 0.0121 -0.9898 0.1423
vn -0.5389 -0.8327 0.1274
vn 0.9599 0.0650 0.2727
vn -0.1072 -0.9871 -0.1193
vn -0.8039 -0.5837 0.1147
vn 0.8027 -0.5846 0.1179
vn 0.3066 0.9432 0.1277
vn 0.0198 0.8496 0.5271
vn 0.5142 0.7371 0.4384
vn -0.8847 -0.4563 0.0958
vn 0.0258 0.7651 0.6434
vn 0.3960 -0.8077 0.4367
vn -0.0014 0.8457 0.5337
vn -0.9489 -0.2880 0.1293
vn -0.9847 -0.1679 0.0466
vn -0.9922 -0.0061 0.1245
vn 0.8779 -0.4588 0.1374
vn -0.2513 0.7973 0.5488
vn -0.6683 -0.6743 0.3141
vn -0.0153 0.8478 0.5301
vn 0.9781 -0.1435 0.1505
vn 0.9912 -0.0008 0.1321
vn 0.5348 -0.7970 -0.2806
vn 0.4522 0.8217 0.3470
vn -0.3948 -0.8721 -0.2890
vn -0.5544 -0.7925 -0.2542
vn 0.9497 0.2693 0.1601
vn -0.1757 -0.9564 -0.2334
vn -0.9022 0.4043 0.1501
vn -0.6520 -0.6953 -0.3025
vn 0.1597 0.8335 0.5289
vn 0.9577 0.1851 0.2205
vn 0.2400 0.7417 0.6263
vn -0.1143 -0.9287 -0.3527
vn -0.9200 -0.3501 -0.1763
vn 0.8037 0.4387 0.4020
vn 0.6355 -0.7080 -0.3079
vn 0.3864 0.7900 0.4760
vn 0.2290 -0.7463 0.6249
vn 0.0976 -0.9543 -0.2824
vn 0.0924 -0.9068 0.4114
vn -0.0216 -0.9544 -0.2979
vn -0.0882 0.7966 0.5980
vn -0.7859 -0.5426 -0.2966
vn -0.8759 0.3505 0.3315
vn -0.8467 -0.1217 0.5180
vn 0.8175 0.2508 0.5185
vn 0.7483 -0.6410 0.1706
vn -0.1300 -0.8183 0.5599
vn -0.2387 -0.9252 -0.2951
vn -0.5048 0.7367 0.4500
vn -0.8635 0.4785 0.1594
vn -0.9865 -0.0079 0.1637
vn 0.7976 -0.5026 -0.3335
vn 0.5584 0.7400 0.3750
vn -0.0214 0.9204 0.3904
vn 0.0001 0.9331 0.3595
vn -0.2398 -0.9334 -0.2669
vn -0.6083 0.5724 0.5498
vn -0.7252 -0.2677 0.6343
vn -0.8619 0.4190 0.2855
vn 0.7178 0.5491 0.4281
vn -0.2142 0.8958 0.3895
vn 0.5471 0.5292 0.6485
vn -0.2449 -0.7738 0.5842
vn -0.1774 -0.9423 -0.2839
vn -0.1899 -0.9417 -0.2777
vn -0.4335 -0.5910 0.6803
vn 0.8338 0.0076 0.5520
vn 0.4109 -0.8537 -0.3200
vn 0.5625 -0.7466 0.3553
vn 0.1665 -0.9060 -0.3891
vn 0.0135 0.9232 0.3840
vn -0.3887 0.8249 0.4104
vn -0.4079 -0.7991 0.4416
vn -0.8524 0.2817 0.4404
vn 0.9850 -0.0176 0.1717
vn 0.7179 -0.3341 0.6107
vn -0.1912 -0.9403 -0.2817
vn -0.7868 0.0640 0.6138
vn 0.5335 -0.5240 0.6639
vn -0.5631 -0.7537 -0.3389
vn -0.5116 -0.4070 0.7567
vn -0.6608 0.4187 0.6229
vn -0.8143 -0.4349 0.3845
vn -0.8039 -0.5836 0.1147
vn 0.7707 -0.2173 0.5991
vn 0.7209 -0.4833 0.4968
vn -0.0224 0.8988 0.4378
vn -0.1717 0.9130 0.3702
vn -0.2464 0.7607 0.6005
vn -0.3384 -0.8662 -0.3678
vn 0.8214 -0.1199 0.5576
vn 0.2543 -0.9131 -0.3188
vn -0.4388 -0.8090 -0.3912
vn -0.8383 -0.5023 0.2122
vn -0.8143 -0.4348 0.3845
vn 0.2229 0.7950 0.5642
vn 0.8676 0.1486 0.4746
vn 0.4835 -0.7942 -0.3681
vn 0.8739 -0.4204 -0.2440
vn -0.0359 0.8635 0.5030
vn 0.2669 0.8256 0.4972
vn -0.6980 -0.6085 -0.3775
vn -0.7868 0.0639 0.6138
vn 0.3035 -0.0052 0.9528
vn 0.9597 0.2653 0.0930
vn 0.3283 0.0803 0.9411
vn 0.4145 0.2142 0.8845
vn 0.2031 -0.1383 0.9693
vn 0.1781 -0.2098 0.9614
vn 0.3629 -0.7700 0.5248
vn -0.1509 -0.2856 0.9464
vn -0.0719 -0.3261 0.9426
vn -0.2689 -0.2734 0.9235
vn -0.2616 -0.1565 0.9524
vn -0.2837 -0.0090 0.9589
vn 0.3165 -0.1009 0.9432
vn 0.8437 -0.4346 0.3150
vn 0.1922 0.1594 0.9683
vn 0.7116 -0.6137 0.3420
vn 0.6668 0.6883 0.2856
vn 0.1940 0.2654 0.9444
vn 0.5818 -0.7542 0.3044
vn 0.1561 0.2967 0.9421
vn 0.0809 0.3133 0.9462
vn 0.0180 -0.2759 0.9610
vn 0.0159 0.3997 0.9165
vn -0.0077 -0.9525 0.3044
vn -0.0715 0.3885 0.9187
vn -0.2481 0.9226 0.2953
vn -0.1426 0.3207 0.9364
vn -0.3886 0.8249 0.4104
vn -0.2933 0.3354 0.8952
vn -0.3713 0.2468 0.8951
vn -0.6608 0.4188 0.6229
vn -0.2615 -0.1564 0.9524
vn -0.8448 -0.2376 0.4794
vn -0.3581 0.1003 0.9283
vn -0.8524 0.2818 0.4405
vn 0.8920 -0.3015 0.3368
vn 0.9251 -0.1501 0.3487
vn 0.8706 0.3324 0.3628
vn 0.8177 0.4928 0.2976
vn 0.5519 0.7754 0.3068
vn 0.4237 0.8625 0.2767
vn 0.1732 -0.9229 0.3437
vn 0.1417 0.9411 0.3071
vn -0.0076 -0.9525 0.3044
vn -0.2816 -0.9012 0.3295
vn -0.4940 -0.8148 0.3033
vn -0.5511 -0.7005 -0.4534
vn -0.8073 -0.4821 0.3403
vn -0.8449 -0.2376 0.4793
vn -0.9445 0.0490 0.3248
vn 0.8192 -0.0116 0.5734
vn 0.9103 0.1324 0.3921
vn 0.9946 0.0447 0.0937
vn -0.9537 0.2656 0.1410
vn 0.2369 0.9436 0.2310
vn -0.0742 0.9660 0.2475
vn -0.6123 0.7327 0.2970
vn -0.4161 0.8847 0.2101
vn -0.7184 0.6206 0.3141
vn -0.6539 -0.6618 0.3666
vn -0.5396 0.7248 0.4284
vn -0.8984 0.2972 0.3233
vn 0.9575 0.0747 0.2784
vn -0.1803 -0.8903 -0.4182
vn -0.9445 0.0491 0.3248
vn 0.1332 0.8779 0.4600
vn -0.0291 0.9503 0.3101
vn -0.0087 0.9648 0.2628
vn 0.9796 0.1816 0.0859
vn -0.8533 0.4450 0.2717
vn -0.9963 0.0699 0.0497
vn 0.7922 -0.4810 -0.3756
vn 0.8739 -0.4205 -0.2441
vn 0.2766 -0.7908 -0.5460
vn 0.2631 -0.9648 -0.0006
vn -0.2918 -0.9565 -0.0044
vn -0.9715 0.2319 0.0486
vn 0.1374 0.8836 0.4477
vn -0.4445 0.8662 0.2282
vn 0.5819 -0.7542 0.3044
vn 0.6759 -0.6965 0.2408
vn 0.0274 -0.8029 -0.5955
vn 0.0275 0.9667 0.2545
vn 0.9263 0.2804 0.2515
vn 0.5529 0.8330 -0.0221
vn -0.7457 -0.5172 -0.4200
vn -0.6778 -0.6932 0.2453
vn -0.5894 -0.8067 -0.0433
vn -0.9950 0.0901 0.0421
vn 0.6501 -0.6453 -0.4012
vn 0.6543 0.7339 0.1825
vn -0.8281 0.5571 -0.0633
vn -0.9981 -0.0580 -0.0218
vn 0.9135 -0.3029 0.2715
vn 0.8269 -0.4937 0.2692
vn 0.3575 0.9335 -0.0297
vn 0.0013 -1.0000 -0.0008
vn 0.5542 -0.8314 0.0404
vn 0.0274 -0.8029 -0.5954
vn -0.8835 -0.4157 -0.2159
vn 0.8553 0.4526 0.2524
vn -0.0878 -0.7800 -0.6196
vn 0.9999 0.0131 -0.0053
vn 0.7874 0.6154 0.0348
vn 0.7002 0.7139 -0.0100
vn -0.7910 -0.4866 -0.3707
vn -0.8673 0.4326 0.2462
vn -0.2174 -0.7857 -0.5791
vn -0.8074 -0.4821 0.3403
vn -0.9398 -0.3392 0.0423
vn 0.1457 -0.7119 -0.6870
vn -0.8109 -0.5788 -0.0860
vn 0.6798 -0.6008 -0.4207
vn 0.0079 0.9870 0.1607
vn -0.7941 -0.5202 -0.3144
vn 0.9946 0.0447 0.0936
vn 0.9919 0.1269 -0.0048
vn 0.1554 0.9876 -0.0219
vn 0.9963 0.0798 0.0307
vn 0.1174 0.9342 0.3369
vn -0.5823 0.7554 0.3004
vn -0.9612 0.2667 -0.0710
vn -0.8985 0.2972 0.3232
vn -0.1063 0.9196 0.3782
vn -0.1005 0.9868 -0.1269
vn -0.6969 0.7159 -0.0419
vn -0.4902 0.8708 -0.0389
vn 0.8287 -0.5108 -0.2287
vn -0.2316 -0.6383 -0.7341
vn 0.2740 -0.6561 -0.7032
vn -0.0284 0.9829 0.1818
vn -0.0297 -0.6492 -0.7600
vn -0.2860 0.9571 0.0457
vn -0.0987 -0.6540 -0.7500
vn 0.9534 0.2503 -0.1684
vn 0.7790 -0.5617 -0.2785
vn 0.0500 -0.6123 -0.7890
vn -0.0296 -0.6492 -0.7601
vn 0.8661 0.4462 -0.2253
vn 0.8661 0.4462 -0.2254
vn 0.7558 -0.6212 -0.2070
vn 0.1264 -0.5770 -0.8069
vn 0.9286 -0.3013 -0.2167
vn 0.8553 0.4942 0.1555
vn 0.9605 0.0001 0.2784
vn 0.0618 0.1343 0.9890
vn 0.0234 -0.1188 0.9926
vn 0.6462 -0.6344 -0.4241
vn -0.0001 0.1336 0.9910
vn 0.1343 -0.4787 0.8676
vn -0.0334 -0.1028 0.9941
vn -0.0214 -0.9769 -0.2126
vn -0.1294 0.1444 0.9810
vn -0.0333 -0.1027 0.9941
vn -0.1978 -0.9726 -0.1221
vn 0.1081 0.9834 0.1460
vn 0.5543 -0.8314 0.0404
vn 0.2993 -0.7071 -0.6406
vn 0.0816 -0.8017 -0.5922
vn 0.0415 -0.5270 -0.8489
vn 0.0488 -0.5270 -0.8485
vn 0.0307 -0.5270 -0.8493
vn -0.0213 -0.9769 -0.2126
vn 0.0234 -0.1189 0.9926
vn -0.0004 -0.2472 0.9690
vn -0.9660 -0.0045 0.2584
vn -0.9398 -0.3392 0.0424
vn 0.9736 0.0289 0.2266
vn 0.0206 0.1395 0.9900
vn -0.0030 0.1044 0.9945
vn -0.1382 0.1457 0.9796
vn -0.0979 -0.2058 0.9737
vn -0.5939 0.7968 0.1114
vn 0.0054 -0.0302 0.9995
vn -0.0127 -0.4154 0.9095
vn -0.3658 -0.6614 -0.6548
vn -0.7843 -0.5819 -0.2150
vn 0.8693 -0.4545 -0.1942
vn 0.9604 0.0001 0.2785
vn 0.9428 -0.1326 0.3059
vn 0.0053 -0.0302 0.9995
vn -0.9608 -0.1198 0.2499
vn -0.9634 0.0313 0.2664
vn 0.9553 0.1601 -0.2484
vn 0.2399 0.8985 -0.3675
vn 0.0122 -0.4055 0.9140
vn 0.2994 -0.7071 -0.6406
vn -0.0127 -0.4155 0.9095
vn -0.2820 -0.6983 -0.6579
vn -0.9037 -0.2851 -0.3194
vn 0.9563 -0.0213 -0.2915
vn 0.7865 0.5509 -0.2791
vn 0.7875 0.6154 0.0347
vn 0.9898 -0.0082 0.1419
vn 0.4288 -0.8615 -0.2718
vn -0.9955 -0.0176 0.0928
vn -0.9978 0.0643 0.0165
vn 0.9219 0.0328 0.3860
vn -0.2408 0.9201 -0.3088
vn -0.4295 -0.8490 -0.3077
vn -0.7693 -0.4513 -0.4523
vn 0.9818 0.1898 -0.0016
vn 0.8554 0.4942 0.1555
vn -0.0295 0.9954 0.0916
vn 0.1533 0.9084 -0.3891
vn -0.6811 -0.6854 -0.2573
vn 0.9904 0.1265 0.0559
vn 0.8924 0.3631 -0.2679
vn 0.7865 0.5510 -0.2791
vn 0.9945 -0.0053 0.1043
vn 0.0065 0.9972 0.0742
vn -0.9980 0.0003 0.0625
vn -0.6952 0.6288 -0.3483
vn 0.6646 0.6867 -0.2945
vn 0.9988 0.0089 0.0486
vn 0.9821 0.0576 0.1795
vn -0.9259 -0.3495 -0.1434
vn 0.4153 0.8458 -0.3350
vn -0.0004 -0.5956 0.8033
vn -0.0317 0.9415 -0.3355
vn -0.0325 -0.6400 0.7677
vn -0.9609 -0.1198 0.2498
vn -0.9965 0.0406 0.0732
vn 0.3040 -0.7002 -0.6460
vn 0.9945 -0.0054 0.1043
vn 0.9965 -0.0370 0.0753
vn 0.1613 -0.6333 0.7569
vn -0.3990 0.8832 -0.2464
vn -0.3484 -0.7487 -0.5639
vn -0.1177 0.9555 0.2706
vn 0.6013 -0.7426 -0.2949
vn 0.9458 -0.0419 0.3222
vn -0.2681 -0.9139 -0.3050
vn -0.9849 0.1596 0.0669
vn 0.9457 -0.0419 0.3222
vn 0.0298 0.9970 0.0717
vn 0.0066 0.9972 0.0742
vn -0.9778 -0.1196 0.1719
vn -0.6969 0.7159 -0.0420
vn -0.6143 0.7031 -0.3582
vn -0.6952 0.6287 -0.3483
vn -0.6436 -0.6948 -0.3209
vn 0.5679 0.7272 -0.3855
vn 0.5680 0.7272 -0.3855
vn -0.8879 -0.0194 0.4597
vn 0.9896 0.1407 0.0299
vn -0.9867 0.1624 -0.0076
vn 0.9970 0.0350 0.0696
vn 0.0006 -0.9626 -0.2708
vn -0.6142 0.7031 -0.3582
vn -0.9422 0.0466 -0.3317
vn -0.9978 -0.0330 0.0575
vn 0.5664 -0.7715 -0.2900
vn 0.2267 -0.8734 -0.4310
vn 0.3041 -0.7001 -0.6461
vn -0.7586 -0.5371 -0.3688
vn -0.9674 0.2522 0.0226
vn -0.8150 0.4168 -0.4026
vn 0.9094 -0.2733 -0.3135
vn 0.7973 -0.5253 -0.2974
vn 0.1855 -0.9370 -0.2960
vn 0.4272 -0.8438 -0.3247
vn -0.0009 -0.7368 0.6761
vn -0.1062 0.9196 0.3782
vn 0.1221 0.9601 0.2516
vn 0.6014 -0.7425 -0.2949
vn 0.7621 0.5323 -0.3686
vn 0.5411 0.7594 -0.3613
vn -0.4303 0.8495 -0.3053
vn -0.1970 -0.8761 -0.4401
vn -0.0678 0.9703 0.2324
vn 0.8145 0.1248 0.5666
vn 0.9706 -0.1736 0.1666
vn -0.9099 0.1929 0.3671
vn -0.8110 -0.5787 -0.0861
vn -0.8945 0.2576 -0.3655
vn -0.4234 0.8245 -0.3755
vn -0.4282 -0.7284 0.5349
vn 0.6815 0.4672 -0.5633
vn -0.4248 0.8356 -0.3484
vn -0.9812 -0.1690 -0.0931
vn -0.5891 -0.7292 -0.3482
vn 0.9660 0.2579 0.0170
vn 0.7952 -0.5804 -0.1754
vn -0.0623 0.9973 0.0379
vn 0.9989 -0.0342 0.0330
vn 0.1409 0.8776 -0.4581
vn -0.4161 0.8350 -0.3600
vn -0.3953 0.8536 -0.3392
vn 0.9335 -0.3384 -0.1191
vn 0.8818 -0.4255 -0.2036
vn 0.1809 0.9138 -0.3636
vn -0.0101 0.9997 0.0223
vn 0.0509 -0.8080 0.5870
vn -0.3636 0.7701 -0.5242
vn -0.0039 -0.7711 0.6367
vn -0.9858 -0.1068 0.1297
vn 0.3655 0.9013 -0.2327
vn 0.1622 0.8539 -0.4945
vn -0.0432 0.8470 -0.5299
vn -0.4233 0.8245 -0.3756
vn -0.4161 0.8350 -0.3601
vn -0.4414 -0.3912 -0.8076
vn 0.3146 0.9473 0.0601
vn 0.9660 0.2580 0.0170
vn -0.1779 0.7963 -0.5782
vn 0.1028 0.9920 0.0734
vn 0.9464 0.2543 0.1992
vn 0.1755 0.8002 -0.5735
vn 0.0909 0.9693 0.2287
vn -0.7264 -0.6684 -0.1596
vn 0.7000 0.4049 -0.5882
vn 0.7621 0.5323 -0.3687
vn 0.9728 -0.2025 0.1127
vn 0.2711 0.7549 -0.5972
vn 0.2712 0.7549 -0.5972
vn 0.2982 0.9222 -0.2462
vn 0.1408 0.8776 -0.4582
vn -0.4283 -0.7284 0.5348
vn -0.6211 -0.5717 -0.5361
vn -0.7610 0.2631 -0.5930
vn -0.6172 0.4259 -0.6616
vn 0.8186 -0.0517 -0.5720
vn 0.6287 -0.5294 -0.5697
vn 0.7701 -0.3011 -0.5624
vn 0.4099 -0.2454 0.8785
vn 0.3252 0.1662 0.9309
vn -0.3166 0.9402 -0.1258
vn -0.5512 -0.0176 0.8342
vn -0.4234 -0.3206 0.8474
vn -0.2791 0.2865 0.9165
vn -0.5551 -0.7358 -0.3879
vn -0.5235 0.5470 -0.6532
vn -0.6750 0.3140 -0.6677
vn -0.7710 0.2228 -0.5965
vn 0.3063 0.4973 -0.8117
vn 0.7804 0.3508 -0.5175
vn 0.9681 -0.2041 0.1457
vn -0.1779 0.7962 -0.5782
vn -0.2461 0.6534 -0.7159
vn -0.2997 0.6695 -0.6797
vn -0.9858 -0.1068 0.1298
vn -0.9978 -0.0331 0.0576
vn -0.9991 -0.0367 0.0207
vn 0.7423 0.1855 -0.6438
vn -0.9882 0.1499 0.0326
vn 0.4855 0.7599 -0.4321
vn 0.6302 -0.4242 0.6503
vn 0.2056 -0.8305 -0.5177
vn -0.0105 0.9997 -0.0225
vn -0.7574 -0.6315 -0.1659
vn -0.7822 -0.4582 -0.4221
vn -0.6036 -0.4553 -0.6546
vn 0.5985 0.3855 0.7022
vn 0.4597 -0.6995 -0.5472
vn 0.3420 0.6028 -0.7209
vn -0.8705 -0.2522 0.4226
vn -0.5162 -0.6614 -0.5441
vn -0.7792 -0.0401 -0.6254
vn 0.5387 0.7395 -0.4036
vn 0.4740 0.4866 0.7339
vn -0.0043 -0.8789 0.4769
vn 0.1816 -0.8243 -0.5362
vn 0.2803 -0.8455 -0.4545
vn 0.2649 -0.9144 -0.3060
vn -0.3954 -0.7682 -0.5035
vn -0.2126 -0.8657 -0.4531
vn -0.4042 0.5823 -0.7054
vn -0.8405 0.4112 -0.3530
vn -0.8531 0.3619 -0.3759
vn -0.7456 -0.2824 -0.6036
vn -0.9882 0.1498 0.0327
vn -0.0433 0.8469 -0.5299
vn -0.0105 0.9997 -0.0226
vn 0.8601 0.1170 0.4966
vn 0.5676 -0.4535 0.6871
vn 0.7794 -0.6131 -0.1288
vn 0.0018 -0.8742 0.4855
vn 0.0047 -0.8735 0.4868
vn -0.4861 -0.6372 0.5981
vn -0.6295 -0.6999 -0.3375
vn -0.4131 0.5639 0.7151
vn 0.9909 0.1329 0.0217
vn -0.2530 -0.9512 -0.1768
vn -0.8297 0.4454 -0.3364
vn -0.1706 -0.8575 -0.4853
vn 0.0004 -0.8769 0.4807
vn -0.7323 0.5617 0.3850
vn 0.9974 0.0705 0.0152
vn -0.3050 0.9472 0.0994
vn 0.9987 -0.0499 0.0112
vn 0.0734 -0.7464 -0.6614
vn 0.0226 0.9997 0.0124
vn -0.8963 0.1544 0.4157
vn -0.6036 -0.4553 -0.6545
vn 0.0735 -0.7465 -0.6613
vn -0.7749 -0.5869 -0.2347
vn -0.8763 -0.0472 0.4794
vn 0.8937 0.0323 -0.4475
vn 0.8706 -0.1294 -0.4747
vn 0.8141 0.1507 -0.5609
vn 0.7199 0.3344 -0.6083
vn 0.8662 -0.2404 -0.4381
vn 0.7632 -0.4472 -0.4664
vn 0.6908 -0.5996 -0.4041
vn 0.6987 0.5303 -0.4802
vn 0.6433 -0.5388 -0.5439
vn 0.4739 -0.7931 -0.3826
vn 0.3375 0.7284 -0.5962
vn 0.4483 -0.7035 -0.5514
vn 0.3782 0.7283 -0.5714
vn -0.0576 -0.9027 -0.4264
vn -0.1706 -0.8248 -0.5391
vn -0.4928 0.8081 -0.3227
vn -0.2900 -0.8837 -0.3674
vn -0.2640 0.8007 -0.5377
vn -0.3472 0.9283 -0.1330
vn -0.4508 -0.7997 -0.3965
vn -0.2640 0.8008 -0.5376
vn -0.4434 0.7672 -0.4635
vn -0.6392 0.6816 -0.3562
vn -0.6813 0.5525 -0.4802
vn -0.7252 -0.5791 -0.3726
vn -0.9160 -0.2716 -0.2954
vn -0.7938 0.1503 -0.5893
vn -0.8129 -0.1468 -0.5637
vn -0.9360 -0.0520 -0.3480
vn -0.9290 0.0604 -0.3652
vn 0.5418 -0.8263 -0.1543
vn -0.9753 0.2204 0.0156
vn -0.0222 0.9998 -0.0013
vn 0.1541 -0.7673 -0.6224
vn 0.0421 -0.8682 -0.4944
vn 0.0005 -0.9385 0.3453
vn 0.0420 -0.8682 -0.4944
vn -0.0276 -0.9147 0.4032
vn 0.0047 -0.8734 0.4870
vn -0.4283 -0.7283 0.5349
vn -0.7392 -0.5591 0.3755
vn -0.9057 -0.2466 0.3447
vn 0.9063 -0.1550 0.3933
vn -0.9982 0.0592 0.0072
vn 0.7884 0.4990 -0.3597
vn 0.5887 0.6917 -0.4184
vn 0.9210 -0.3240 0.2164
vn 0.2028 -0.3779 -0.9034
vn 0.2189 0.3597 -0.9070
vn 0.3944 0.9171 0.0586
vn -0.1771 -0.9375 -0.2994
vn 0.7822 -0.0603 0.6201
vn -0.1234 0.1309 0.9837
vn -0.1256 -0.4702 0.8736
vn 0.9366 -0.2644 -0.2298
vn 0.9353 0.3007 -0.1867
vn 0.8747 0.4837 0.0313
vn 0.3267 -0.3093 -0.8931
vn 0.8572 0.4286 -0.2856
vn -0.1322 0.9902 0.0448
vn 0.5665 0.7495 -0.3425
vn 0.3525 -0.5389 -0.7651
vn 0.4079 0.8072 -0.4268
vn 0.3011 -0.9310 -0.2063
vn 0.0315 -0.9953 -0.0920
vn -0.5296 -0.2459 -0.8118
vn -0.4008 -0.6389 -0.6567
vn -0.0781 -0.0752 -0.9941
vn -0.9071 0.3727 -0.1957
vn -0.8319 -0.5511 -0.0642
vn -0.9637 0.1542 -0.2178
vn -0.9631 0.1544 -0.2203
vn -0.9111 -0.1125 -0.3965
vn 0.0858 0.4590 0.8843
vn -0.7995 -0.0708 0.5965
vn 0.1485 -0.1022 0.9836
vn 0.7371 0.2729 0.6183
vn 0.2824 0.0459 -0.9582
vn 0.8226 0.4288 -0.3735
vn 0.7975 0.4786 -0.3675
vn 0.3581 -0.7076 0.6092
vn 0.2028 -0.3778 -0.9034
vn -0.3472 -0.8119 -0.4693
vn -0.9642 0.0022 -0.2651
vn 0.1971 -0.0192 -0.9802
vn 0.0348 -0.9123 0.4080
vn 0.5159 0.7225 -0.4603
vn 0.0005 -0.9385 0.3452
vn 0.1105 -0.4394 -0.8914
vn 0.0671 -0.6199 -0.7818
vn 0.0016 -0.0137 -0.9999
vn -0.9495 -0.3096 -0.0510
vn -0.7597 0.3975 0.5147
vn 0.1568 0.1234 -0.9799
vn 0.9555 -0.2771 0.1015
vn -0.9491 -0.3082 0.0657
vn -0.3648 0.5055 -0.7819
vn -0.7240 0.5054 -0.4695
vn -0.1235 0.1308 0.9837
vn -0.2179 0.4955 0.8408
vn -0.1890 -0.0171 0.9818
vn 0.9020 -0.3451 0.2593
vn 0.9062 0.3014 0.2966
vn 0.2171 -0.1452 -0.9653
vn 0.4473 0.7919 0.4157
vn 0.0670 -0.6199 -0.7818
vn -0.7965 0.6009 0.0673
vn -0.6915 -0.6457 -0.3239
vn -0.1220 0.0953 -0.9880
vn -0.4928 0.8394 -0.2292
vn -0.8278 0.4050 0.3883
vn 0.9458 0.3243 0.0152
vn -0.7665 -0.1784 -0.6170
vn 0.2272 -0.0546 0.9723
vn 0.1067 -0.6204 0.7770
vn -0.0980 0.7797 0.6185
vn 0.6519 0.1449 0.7443
vn 0.6949 -0.6096 -0.3814
vn 0.0213 0.0881 -0.9959
vn -0.4956 0.4791 -0.7245
vn -0.3519 0.6710 -0.6526
vn -0.3648 0.5056 -0.7819
vn -0.4433 0.7672 -0.4635
vn -0.5122 0.7089 0.4849
vn -0.8693 0.4056 -0.2824
vn -0.0028 0.0011 -1.0000
vn 0.1901 0.0053 0.9818
vn 0.2286 -0.4400 0.8684
vn 0.1765 0.3865 0.9053
vn 0.7496 -0.4519 0.4837
vn -0.2183 0.4956 0.8407
vn -0.2537 -0.2259 0.9405
vn 0.1965 -0.0725 -0.9778
vn 0.2129 -0.9656 -0.1490
vn -0.0781 -0.0753 -0.9941
vn -0.7352 -0.5867 -0.3395
vn -0.0032 0.0018 -1.0000
vn -0.8279 0.4644 -0.3146
vn -0.9791 0.1360 0.1516
vn 0.9685 0.1265 0.2147
vn -0.2253 -0.7164 0.6603
vn -0.3396 -0.9384 -0.0644
vn -0.3753 -0.7920 -0.4816
vn -0.1065 0.9741 -0.1997
vn 0.3795 -0.9153 -0.1353
vn -0.9827 0.0155 0.1847
vn -0.8988 -0.3686 -0.2373
vn -0.9127 -0.2796 -0.2980
vn -0.5874 0.1185 -0.8005
vn 0.1889 0.4743 0.8599
vn 0.3408 0.0112 -0.9401
vn -0.1313 -0.9892 0.0646
vn -0.1451 -0.9389 -0.3122
vn -0.4151 0.8842 -0.2144
vn -0.7146 0.6410 -0.2800
vn -0.4861 -0.6372 0.5980
vn -0.4234 -0.3206 0.8473
vn -0.5944 -0.0222 0.8038
vn -0.8764 -0.0472 0.4793
vn -0.8486 0.2981 -0.4371
vn 0.1631 -0.1822 0.9696
vn -0.8003 -0.5245 0.2904
vn -0.1152 0.3716 0.9212
vn 0.3581 -0.7076 0.6091
vn 0.3306 -0.9427 -0.0459
vn -0.9929 0.1132 -0.0368
vn 0.1000 0.9949 0.0104
vn -0.9880 0.1035 0.1146
vn -0.9719 0.2354 0.0076
vn -0.9910 -0.0631 0.1179
vn -0.2066 0.6281 0.7502
vn 0.9920 0.1262 -0.0046
vn 0.8737 -0.4851 -0.0372
vn 0.6321 -0.3791 0.6758
vn 0.9063 -0.1550 0.3932
vn 0.0118 0.0066 -0.9999
vn 0.4078 0.8072 -0.4268
vn -0.1030 0.9188 -0.3811
vn -0.6185 -0.4272 0.6595
vn -0.9739 0.0783 0.2132
vn -0.7562 -0.5397 -0.3698
vn 0.2048 0.2333 0.9506
vn 0.8149 0.5330 0.2278
vn -0.1001 -0.4156 0.9040
vn 0.0200 0.0076 -0.9998
vn 0.0427 -0.8791 0.4746
vn -0.4278 -0.5707 -0.7010
vn -0.8971 -0.4069 0.1718
vn -0.5944 -0.0222 0.8039
vn 0.1500 -0.6342 0.7585
vn 0.9925 -0.0788 0.0937
vn 0.1133 -0.3049 0.9456
vn 0.1678 0.2529 0.9528
vn -0.0044 0.1984 0.9801
vn -0.0229 -0.1805 0.9833
vn -0.0489 -0.0065 0.9988
vn 0.9778 0.2096 0.0041
vn 0.0648 0.3370 0.9393
vn 0.0270 0.1424 0.9894
vn 0.0301 -0.1972 0.9799
vn 0.0170 -0.1632 0.9864
vn -0.0495 0.0102 0.9987
vn -0.1153 0.3459 0.9312
vn -0.0046 -0.0185 0.9998
vn -0.1063 -0.5049 0.8566
vn 0.2184 0.6347 0.7413
vn -0.1794 0.8409 0.5106
vn -0.0667 -0.1746 0.9824
vn 0.0674 0.0295 0.9973
vn -0.2026 0.9792 -0.0055
vn 0.0660 0.9977 0.0139
vn -0.9889 0.1487 -0.0011
vn 0.0783 -0.0598 0.9951
vn 0.0166 -0.6390 0.7690
vn 0.0461 0.6201 0.7832
vn -0.0400 0.4452 0.8945
vn 0.0563 0.4280 0.9020
vn -0.0133 -0.5526 0.8334
vn -0.0785 0.5664 0.8204
vn -0.0387 -0.3440 0.9382
vn -0.0856 -0.1128 0.9899
vn 0.7417 0.1422 -0.6555
vn 0.5606 0.7073 0.4307
vn 0.6434 0.2914 -0.7079
vn 0.4080 -0.1889 -0.8932
vn 0.8274 -0.0228 -0.5611
vn 0.6426 0.4415 -0.6262
vn 0.9455 -0.0717 -0.3175
vn 0.9090 -0.2903 -0.2990
vn 0.9960 0.0889 0.0001
vn 0.3307 -0.3222 -0.8871
vn -0.0072 -0.0000 -1.0000
vn 0.8142 -0.5804 -0.0169
vn 0.8315 -0.5555 0.0009
vn 0.5172 0.5424 -0.6621
vn 0.5785 -0.8105 -0.0921
vn 0.2755 0.4318 -0.8589
vn 0.0118 0.0065 -0.9999
vn 0.2254 0.3558 -0.9070
vn 0.4101 -0.9042 -0.1196
vn 0.1202 0.3549 -0.9271
vn 0.1202 0.3550 -0.9271
vn 0.0954 -0.5194 -0.8492
vn -0.5113 -0.8583 -0.0431
vn 0.0954 -0.5195 -0.8491
vn 0.2801 -0.9573 -0.0709
vn 0.1585 0.9054 -0.3940
vn -0.0025 0.6402 -0.7682
vn 0.0953 -0.5195 -0.8491
vn 0.0070 -0.0244 -0.9997
vn -0.1811 0.9565 -0.2288
vn -0.0055 -0.9639 -0.2662
vn -0.1973 -0.9803 0.0094
vn -0.1526 -0.4095 -0.8994
vn -0.1525 -0.4095 -0.8995
vn -0.2914 0.9124 -0.2873
vn -0.2958 -0.9552 -0.0082
vn -0.3671 -0.8191 -0.4408
vn -0.4353 0.8433 -0.3152
vn -0.4352 0.8434 -0.3152
vn -0.4090 0.6188 -0.6707
vn -0.4858 -0.6215 -0.6146
vn -0.4857 -0.6216 -0.6146
vn -0.6790 -0.6164 -0.3987
vn -0.5284 0.5388 -0.6562
vn -0.8040 -0.5399 -0.2492
vn -0.7543 0.6562 -0.0204
vn -0.7890 0.5275 -0.3149
vn -0.7359 0.4094 -0.5393
vn -0.8303 -0.5152 -0.2127
vn -0.6227 -0.2510 -0.7411
vn -0.7999 0.3146 -0.5110
vn -0.6307 0.1566 -0.7601
vn 0.0016 -0.0029 -1.0000
vn -0.7940 -0.1781 -0.5813
vn -0.9610 0.0603 -0.2699
vn -0.9701 -0.0253 -0.2412
vn -0.4716 0.4799 0.7398
vn 0.1019 -0.4919 0.8647
vn 0.0301 -0.1973 0.9799
vn -0.0084 -0.5000 0.8660
vn 0.1616 0.8077 0.5670
vn 0.0573 0.9201 0.3875
vn 0.7378 -0.5977 0.3138
vn -0.1501 -0.8971 0.4156
vn -0.0385 -0.8432 0.5361
vn 0.0407 -0.6821 0.7301
vn -0.0293 0.5890 0.8076
vn -0.1916 0.4732 0.8599
vn -0.0319 0.5552 0.8311
vn 0.9920 0.1263 -0.0046
vn 0.8220 0.5695 -0.0009
vn -0.3961 -0.8570 0.3296
vn 0.0634 0.2438 0.9678
vn -0.1770 0.9078 0.3801
vn 0.0696 0.5453 0.8353
vn 0.1197 0.8636 0.4898
vn 0.6520 0.1449 0.7443
vn 0.6321 -0.3792 0.6758
vn 0.7859 -0.6097 0.1032
vn 0.8653 0.4895 0.1081
vn 0.1590 -0.9764 0.1458
vn 0.9728 -0.2024 0.1127
vn 0.0349 -0.9123 0.4080
vn -0.7391 -0.5592 0.3756
vn -0.9220 -0.3771 0.0876
vn 0.0633 0.2437 0.9678
vn 0.0311 -0.3626 0.9314
vn 0.1422 0.7130 0.6866
vn 0.0157 -0.6358 0.7717
vn -0.2075 0.7267 0.6548
vn 0.2469 -0.8192 0.5176
vn 0.1913 0.7822 0.5930
vn -0.1770 0.9078 0.3802
vn 0.0624 0.7560 0.6516
vn -0.0639 -0.6968 0.7144
vn 0.5054 -0.8148 0.2841
vn 0.3582 -0.7076 0.6091
vn 0.0428 -0.8791 0.4746
vn 0.7158 -0.6822 0.1490
vn 0.9831 -0.1811 0.0274
vn -0.0231 -0.9874 0.1568
vn -0.9997 -0.0249 -0.0084
vn -0.4163 0.8642 0.2827
vn 0.0634 0.2438 0.9677
vn 0.0689 0.6812 0.7288
vn -0.0644 -0.8493 0.5239
vn 0.1043 0.8001 0.5907
vn -0.0788 -0.7322 0.6765
vn 0.7325 -0.6803 -0.0263
vn 0.7249 -0.6888 0.0070
vn 0.4075 0.9132 -0.0001
vn 0.2755 0.4318 -0.8588
vn -0.8040 -0.5399 -0.2491
vn -0.8303 -0.5151 -0.2127
vn -0.7958 -0.6055 0.0038
vn -0.6435 -0.7651 -0.0218
vn -0.8770 0.4507 0.1667
vn -0.5971 0.7197 0.3542
vn -0.6849 -0.7285 -0.0152
vn 0.1997 0.9345 0.2946
vn 0.0674 -0.9841 0.1641
vn -0.8574 0.5129 0.0422
vn -0.0779 0.8551 0.5127
vn -0.0911 0.9138 0.3959
vn 0.6617 -0.7498 0.0015
vn -0.1690 -0.9856 -0.0019
vn 0.0219 0.7082 0.7057
vn 0.1422 0.7131 0.6865
vn 0.0890 0.7390 0.6678
vn 0.0095 -0.8722 0.4890
vn 0.5606 0.7073 0.4306
vn 0.9987 -0.0498 0.0112
vn 0.9193 0.3707 0.1326
vn 0.2296 -0.9722 0.0453
vn -0.9610 0.0603 -0.2698
vn -0.6306 0.1566 -0.7601
vn -0.9675 0.1447 0.2073
vn -0.2505 -0.9471 0.2007
vn -0.1906 0.9046 0.3812
vn -0.9899 0.1419 -0.0057
vn 0.3500 0.9367 0.0110
vn -0.5288 0.8487 -0.0009
vn -0.7999 0.3147 -0.5110
vn -0.9303 0.3576 0.0814
vn 0.0658 -0.7767 0.6264
vn 0.0565 -0.8671 0.4950
vn -0.0413 0.8593 0.5097
vn -0.0133 -0.9142 0.4050
vn 0.0194 0.9998 -0.0105
vn 0.3071 -0.9515 -0.0154
vn 0.9192 0.3707 0.1326
vn 0.0659 -0.7767 0.6264
vn 0.0897 0.9397 0.3300
vn 0.0461 0.6202 0.7831
vn 0.0689 0.6813 0.7288
vn 0.0772 0.9612 0.2649
vn -0.2075 0.7268 0.6548
vn -0.1279 -0.9709 0.2023
vn -0.0769 0.9547 0.2876
vn 0.8826 0.4699 0.0150
vn 0.8891 -0.4578 0.0020
vn -0.3709 0.9277 0.0434
vn -0.5970 0.7198 0.3542
vn 0.1205 0.9777 0.1719
vn 0.0740 -0.9842 0.1607
vn -0.0682 -0.9531 0.2949
vn 0.6702 -0.6744 0.3098
vn 0.8429 0.4932 0.2151
vn 0.0025 -0.9983 0.0581
vn 0.5608 0.8279 -0.0015
vn 0.3036 0.9436 0.1318
vn 0.1586 0.9054 -0.3939
vn -0.4306 -0.8161 0.3854
vn 0.1558 -0.9259 0.3442
vn 0.0041 -0.9435 0.3313
vn -0.0644 -0.8494 0.5239
vn -0.1986 0.8928 0.4043
vn 0.7174 -0.6966 -0.0077
vn 0.0419 0.9654 0.2574
vn 0.8915 -0.4483 0.0650
vn -0.3913 -0.9203 -0.0062
vn -0.7890 0.5276 -0.3148
vn -0.3005 -0.9537 -0.0084
vn 0.1711 0.9843 -0.0429
vn 0.3347 -0.9423 -0.0123
vn 0.6225 0.7826 -0.0075
vn 0.1686 -0.9849 0.0396
vn -0.4533 0.8878 0.0801
vn -0.4409 0.8975 0.0029
vn 0.0366 0.9791 0.2000
vn 0.1663 -0.9662 0.1971
vn 0.1978 0.9703 0.1394
vn 0.1850 0.9803 0.0686
vn 0.9877 0.1435 -0.0619
vn 0.9447 -0.2421 0.2212
vn 0.4824 -0.8653 0.1364
vn -0.4857 -0.6215 -0.6147
vn -0.7280 -0.6768 0.1094
vn -0.9840 -0.1705 -0.0514
vn -0.1509 0.9720 0.1801
vn -0.1042 -0.9925 -0.0635
vn 0.0095 -0.8723 0.4889
vn -0.1271 0.9660 -0.2252
vn 0.9453 -0.3171 -0.0765
vn -0.0805 0.9931 0.0851
vn -0.1127 0.9834 0.1421
vn -0.0152 0.9777 0.2093
vn 0.7858 -0.6098 0.1032
vn 0.3649 -0.9260 0.0972
vn 0.0204 0.9998 -0.0087
vn -0.8777 0.4740 -0.0700
vn 0.7228 -0.6727 -0.1581
vn -0.0564 0.9984 -0.0093
vn 0.8321 0.5546 0.0021
vn -0.9834 -0.1645 -0.0760
vn -0.9914 0.0865 -0.0987
vn -0.2322 0.9533 0.1930
vn -0.0558 -0.9973 -0.0481
vn -0.4959 -0.8668 0.0523
vn 0.0459 -0.9986 0.0275
vn 0.0459 -0.9986 0.0274
vn -0.0279 -0.9939 -0.1069
vn -0.1271 0.9660 -0.2253
vn 0.0436 0.9911 0.1257
vn 0.0674 -0.9842 0.1640
vn -0.8004 -0.5245 0.2903
vn -0.6972 -0.6714 -0.2512
vn 0.7420 0.6356 -0.2130
vn 0.0493 -0.9915 0.1208
vn 0.7240 -0.6897 -0.0124
vn -0.7719 0.6266 0.1074
vn -0.6226 -0.2510 -0.7412
vn -0.7939 -0.1780 -0.5814
vn -0.9154 -0.3856 0.1157
vn 0.9920 0.1259 -0.0031
vn 0.0371 -0.9988 -0.0311
vn 0.2489 -0.9604 -0.1250
vn 0.1663 -0.9662 0.1970
vn 0.2469 -0.8193 0.5175
vn -0.1242 -0.9608 -0.2481
vn -0.0297 -0.9995 0.0111
vn 0.5062 0.7910 -0.3435
vn 0.9961 -0.0859 -0.0181
vn 0.9210 -0.3732 -0.1115
vn -0.4855 0.8742 -0.0049
vn -0.5288 0.8488 -0.0009
vn 0.1096 0.9890 0.0991
vn -0.0162 0.9902 -0.1389
vn -0.9834 -0.1645 -0.0761
vn -0.1064 0.9723 -0.2082
vn 0.7328 0.6805 -0.0021
vn 0.4129 -0.9057 0.0959
vn -0.3781 0.9231 0.0700
vn -0.2915 0.9124 -0.2872
vn -0.1811 0.9565 -0.2287
vn -0.7719 0.6267 0.1074
vn -0.8128 -0.5795 -0.0592
vn -0.7977 -0.6026 -0.0222
vn -0.1241 -0.9607 -0.2481
vn -0.1801 0.9537 -0.2409
vn -0.0089 -1.0000 -0.0018
vn 0.0560 0.9655 -0.2542
vn 0.0361 0.9979 0.0532
vn -0.0325 -0.9889 0.1447
vn -0.8770 0.4506 0.1667
vn -0.8778 0.4740 -0.0700
vn -0.3594 0.9291 -0.0875
vn 0.0215 -0.9988 -0.0447
vn -0.1744 0.9527 -0.2490
vn -0.1042 0.9906 -0.0880
vn 0.1630 -0.9849 -0.0589
vn 0.5543 0.8323 0.0021
vn -0.3490 -0.9371 -0.0054
vn -0.2957 -0.9552 -0.0083
vn -0.5296 -0.8483 -0.0044
vn -0.1377 -0.9877 -0.0736
vn 0.2460 0.9495 -0.1946
vn 0.9292 -0.3695 -0.0042
vn 0.5063 0.7910 -0.3435
vn -0.3212 -0.9463 -0.0363
vn -0.3712 0.9172 -0.1449
vn -0.9030 -0.4255 -0.0594
vn 0.1019 0.9737 -0.2038
vn 0.0498 0.9757 -0.2136
vn 0.1209 -0.9824 -0.1427
vn -0.0812 0.9605 -0.2661
vn 0.0810 0.9964 0.0250
vn 0.0024 1.0000 -0.0036
vn -0.8772 -0.4801 -0.0036
vn -0.9882 -0.1531 -0.0022
vn -0.1101 -0.9427 -0.3148
vn -0.0695 -0.9473 -0.3128
vn 0.7080 -0.6851 -0.1714
vn -0.1918 0.9813 -0.0179
vn -0.9961 0.0878 0.0012
vn -0.1141 0.9911 0.0692
vn 0.1126 0.9788 -0.1709
vn 0.2029 0.9593 -0.1962
vn -0.1942 0.9578 -0.2118
vn 0.0001 -0.9474 -0.3202
vn -0.1419 0.8476 -0.5113
vn 0.0365 0.9189 -0.3927
vn 0.0911 -0.9698 -0.2261
vn -0.2991 0.8911 -0.3412
vn 0.1213 -0.9334 -0.3379
vn 0.0573 0.9709 -0.2323
vn 0.9685 0.2422 -0.0582
vn -0.0003 -0.9872 -0.1598
vn 0.0930 0.9957 -0.0048
vn -0.9689 0.2473 0.0002
vn 0.0119 -0.9650 -0.2618
vn 0.2339 0.9131 -0.3338
vn 0.1877 -0.9177 -0.3501
vn 0.9913 -0.0407 -0.1253
vn -0.2320 -0.9550 -0.1847
vn -0.0157 0.9999 -0.0051
vn -0.3375 0.9379 0.0806
vn -0.8654 -0.5010 -0.0105
vn 0.1820 0.8848 -0.4290
vn -0.0365 -0.8826 -0.4688
vn 0.0847 0.9025 -0.4224
vn 0.7328 0.6804 -0.0021
vn 0.1136 0.9555 -0.2724
vn 0.7269 -0.6868 0.0031
vn 0.8474 -0.5310 0.0005
vn 0.3891 0.9198 0.0512
vn -0.4459 -0.8556 -0.2630
vn -0.9608 -0.1818 0.2093
vn -0.9889 0.1486 -0.0012
vn -0.9909 0.1344 0.0012
vn -0.0075 -0.7958 -0.6056
vn 0.0738 -0.7851 -0.6150
vn 0.8850 0.3570 -0.2989
vn 0.5993 -0.7899 0.1303
vn -0.5933 -0.8019 0.0703
vn -0.5615 -0.7038 -0.4352
vn 0.0732 0.9971 -0.0195
vn -0.7977 -0.6026 -0.0223
vn 0.0407 -0.8470 -0.5300
vn 0.5696 -0.7772 -0.2673
vn -0.0012 -0.8136 -0.5815
vn -0.0793 0.7517 -0.6547
vn 0.1341 -0.9909 0.0085
vn 0.4419 0.8918 0.0965
vn -0.5266 0.7016 -0.4801
vn 0.9530 0.3031 -0.0008
vn -0.3913 -0.9202 -0.0061
vn -0.4302 -0.9027 0.0047
vn -0.1853 0.7877 -0.5875
vn 0.0263 0.7759 -0.6303
vn -0.0942 0.6157 -0.7823
vn -0.1419 0.8475 -0.5114
vn -0.0812 0.9605 -0.2662
vn -0.7752 -0.6315 -0.0177
vn -0.1310 -0.9913 0.0083
vn 0.0932 -0.7907 -0.6051
vn 0.0919 0.6289 -0.7720
vn 0.0008 -0.8125 -0.5829
vn -0.2452 0.6671 -0.7034
vn 0.0845 0.7820 -0.6176
vn -0.1505 0.8659 -0.4770
vn 0.2220 -0.9366 0.2711
vn 0.4621 0.8223 -0.3323
vn -0.3238 0.9459 0.0201
vn -0.5992 -0.6886 -0.4084
vn -0.0648 0.9159 -0.3962
vn -0.9702 -0.0252 -0.2412
vn -0.4823 -0.8760 -0.0058
vn -0.3006 -0.9537 -0.0083
vn -0.6849 -0.7285 -0.0151
vn -0.0917 -0.7065 -0.7017
vn 0.1677 -0.8715 -0.4608
vn -0.0871 0.7750 -0.6260
vn -0.2453 0.6671 -0.7034
vn -0.7477 0.5767 -0.3292
vn -0.1272 -0.6014 -0.7888
vn 0.1443 0.6511 -0.7451
vn 0.0155 -0.6957 -0.7181
vn -0.0858 -0.6323 -0.7700
vn 0.8897 -0.3480 -0.2955
vn 0.4621 0.8222 -0.3322
vn -0.1990 -0.9614 0.1899
vn 0.1022 0.7040 -0.7028
vn 0.0500 -0.6042 -0.7953
vn 0.0767 0.7257 -0.6837
vn 0.2419 -0.6551 -0.7158
vn 0.7757 -0.4016 -0.4869
vn -0.2557 -0.7630 -0.5937
vn -0.0028 0.7206 -0.6933
vn -0.0871 0.7749 -0.6260
vn 0.5197 -0.4018 -0.7539
vn -0.8609 0.5088 0.0045
vn 0.9954 0.0957 0.0002
vn -0.0057 0.6341 -0.7732
vn 0.2088 -0.9200 -0.3315
vn -0.0003 -0.9871 -0.1599
vn -0.0058 -0.9367 -0.3501
vn -0.8421 -0.5393 0.0023
vn 0.0891 -0.4601 -0.8834
vn -0.0315 0.7057 -0.7078
vn -0.1786 0.6518 -0.7371
vn 0.1969 0.6791 -0.7071
vn 0.1447 0.7807 -0.6079
vn -0.1750 0.7339 -0.6564
vn 0.9916 -0.0165 0.1282
vn 0.9473 0.2963 0.1218
vn -0.8088 -0.5561 0.1914
vn -0.2019 0.9793 -0.0136
vn -0.0401 -0.5539 -0.8316
vn -0.4600 -0.8339 0.3050
vn -0.9868 -0.1392 -0.0822
vn -0.5451 0.7250 -0.4210
vn -0.1311 -0.9913 0.0083
vn -0.3005 -0.9537 -0.0083
vn -0.8838 -0.3870 -0.2630
vn 0.1467 -0.6273 -0.7649
vn -0.0551 0.2276 -0.9722
vn 0.5791 0.7026 0.4136
vn -0.2743 -0.8545 -0.4411
vn 0.0239 -0.4010 -0.9158
vn -0.3271 0.3307 -0.8852
vn 0.0312 -0.4560 -0.8894
vn 0.1308 0.7138 -0.6880
vn 0.7665 0.2046 -0.6088
vn -0.5466 -0.8350 -0.0629
vn 0.0365 0.9991 -0.0205
vn 0.3496 0.8962 0.2732
vn -0.7496 0.6158 0.2426
vn -0.9020 0.2856 -0.3238
vn -0.7294 -0.3589 -0.5823
vn 0.1081 -0.4889 -0.8656
vn -0.1096 0.4986 -0.8598
vn -0.0793 0.7516 -0.6548
vn -0.1052 -0.2614 -0.9595
vn 0.4947 -0.8690 0.0065
vn 0.8075 -0.5899 0.0097
vn -0.5886 -0.8026 0.0971
vn -0.4770 -0.7561 -0.4481
vn -0.7413 -0.6711 -0.0020
vn 0.0261 0.0385 -0.9989
vn 0.0433 0.3891 -0.9202
vn 0.2169 0.5693 -0.7930
vn -0.1911 0.7804 -0.5953
vn -0.1854 0.7877 -0.5875
vn 0.2088 -0.9200 -0.3316
vn -0.0003 -0.9871 -0.1598
vn -0.0057 -0.9367 -0.3501
vn -0.9909 0.1345 0.0012
vn -0.2557 -0.7629 -0.5938
vn -0.0843 -0.7551 -0.6501
vn -0.1273 -0.6013 -0.7888
vn -0.2365 -0.3268 -0.9150
vn -0.0291 -0.3183 -0.9475
vn -0.0647 0.2278 -0.9716
vn 0.9292 -0.3696 -0.0042
vn 0.9958 0.0913 0.0080
vn 0.9990 -0.0361 -0.0280
vn -0.8008 0.4838 0.3530
vn -0.9212 0.3568 -0.1553
vn -0.7131 -0.0227 -0.7007
vn -0.0913 0.2583 -0.9617
vn 0.7995 0.3497 -0.4885
vn 0.0280 0.1566 -0.9873
vn 0.1444 0.6511 -0.7452
vn 0.0008 0.2337 -0.9723
vn -0.0523 0.9985 -0.0130
vn 0.0369 -0.3488 -0.9365
vn 0.1880 0.3012 -0.9349
vn 0.8596 0.0310 -0.5101
vn 0.0377 0.6619 -0.7487
vn -0.1447 0.3952 -0.9071
vn -0.0016 -0.2772 -0.9608
vn -0.0473 -0.1728 -0.9838
vn -0.0452 0.1449 -0.9884
vn -0.9752 -0.0038 0.2215
vn 0.0861 0.1382 -0.9866
vn 0.1052 0.3495 -0.9310
vn -0.1023 -0.3134 -0.9441
vn 0.0300 -0.3010 -0.9532
vn 0.3333 -0.7214 -0.6071
vn -0.9897 -0.1180 -0.0813
vn -0.7294 -0.3590 -0.5823
vn 0.0862 0.1382 -0.9866
vn 0.0656 -0.1452 -0.9872
vn 0.0569 0.2152 -0.9749
vn -0.0372 0.1837 -0.9823
vn -0.1222 -0.1096 -0.9864
vn -0.1221 -0.1096 -0.9865
vn 0.1636 -0.0649 -0.9844
vn -0.1270 -0.0590 -0.9901
vn 0.9083 -0.1067 -0.4045
vn 0.6233 0.7033 -0.3419
vn -0.9987 0.0508 -0.0064
vn -0.9212 0.3568 -0.1552
vn 0.0656 -0.1451 -0.9872
vn 0.0433 0.3890 -0.9202
vn -0.0395 0.0870 -0.9954
vn -0.1222 -0.1095 -0.9864
vn 0.0119 0.0780 -0.9969
vn 0.0518 0.0707 -0.9962
vn -0.7354 0.1707 -0.6557
vn -0.9914 0.0864 -0.0987
vn -0.8801 -0.1900 -0.4350
vn -0.2370 0.3403 -0.9100
vn -0.1271 -0.0590 -0.9901
vn 0.1959 0.0029 -0.9806
vn 0.8737 -0.4851 -0.0371
vn -0.1647 -0.9257 0.3406
vn -0.0324 -0.9889 0.1447
vn -0.6182 0.7505 0.2335
vn -0.5284 0.5387 -0.6562
vn -0.9921 0.1254 0.0034
vn -0.1804 -0.9833 -0.0235
vn 0.1880 0.3011 -0.9349
vn 0.7694 -0.6098 0.1901
vn -0.8799 -0.1829 -0.4385
vn -0.7130 -0.0227 -0.7008
vn -0.8320 -0.5511 -0.0642
vn 0.8651 0.1324 -0.4838
vn 0.9883 0.0879 0.1250
vn 0.7306 -0.4710 -0.4943
vn -0.0021 -0.3346 -0.9424
vn -0.2487 -0.0285 -0.9682
vn 0.7162 -0.6978 -0.0118
vn -0.4582 0.5495 -0.6986
vn 0.0300 -0.3009 -0.9532
vn 0.2465 0.1490 -0.9576
vn 0.2169 0.5692 -0.7931
vn -0.0862 -0.2167 -0.9724
vn 0.9787 0.2053 0.0026
vn -0.9961 0.0877 0.0012
vn 0.3887 0.6177 -0.6836
vn -0.9037 0.0657 -0.4230
vn 0.2567 -0.1970 -0.9462
vn 0.1309 0.7138 -0.6880
vn 0.1086 0.9940 -0.0154
vn 0.9990 0.0454 -0.0043
vn 0.9768 -0.1608 -0.1411
vn -0.6730 0.5565 -0.4872
vn 0.0158 0.9999 -0.0024
vn -0.4041 -0.6186 -0.6738
vn 0.5790 0.6510 -0.4908
vn -0.9492 -0.1962 -0.2460
vn -0.8880 0.4599 0.0046
vn -0.6731 0.5564 -0.4872
vn -0.0150 0.1015 -0.9947
vn -0.9925 0.1215 -0.0096
vn 0.3886 0.6178 -0.6836
vn -0.3091 -0.9417 0.1328
vn -0.6759 -0.7359 -0.0405
vn 0.0538 0.2202 -0.9740
vn 0.8429 0.4933 0.2150
vn 0.0051 -0.8998 -0.4362
vn -0.9832 -0.0373 0.1786
vn -0.9038 0.0656 -0.4230
vn 0.4163 -0.4149 -0.8090
vn -0.9957 0.0925 -0.0051
vn -0.7494 0.2615 -0.6083
vn 0.4853 0.4375 -0.7570
vn 0.8842 0.2285 -0.4074
vn 0.5790 0.6510 -0.4909
vn 0.0781 0.0302 0.9965
vn 0.0479 0.2517 0.9666
vn -0.0013 -0.0455 0.9990
vn -0.0370 0.0426 0.9984
vn 0.5483 -0.0576 -0.8343
vn -0.1113 0.2898 0.9506
vn -0.3488 0.9372 -0.0041
vn -0.2271 0.1974 0.9537
vn -0.0155 0.9999 0.0017
vn -0.1028 0.9947 0.0089
vn 0.2899 0.3506 0.8905
vn 0.2497 0.0806 0.9650
vn -0.0589 0.5929 0.8031
vn -0.4068 -0.3472 -0.8449
vn -0.6911 -0.0394 -0.7217
vn 0.9958 0.0914 0.0080
vn -0.3103 0.1292 0.9418
vn -0.7718 0.6267 0.1074
vn -0.9589 0.2832 0.0159
vn 0.3062 0.1942 -0.9320
vn 0.6537 0.3971 0.6442
vn -0.0100 -0.9997 -0.0224
vn -0.3964 0.7884 0.4703
vn -0.2744 -0.8545 -0.4411
vn -0.0005 -0.8415 -0.5402
vn 0.0051 -0.8998 -0.4363
vn -0.0978 0.3801 -0.9198
vn -0.9665 0.0355 -0.2544
vn 0.3484 -0.0031 0.9373
vn 0.9492 -0.1252 -0.2888
vn 0.6398 0.7662 0.0601
vn 0.2146 0.8776 0.4287
vn -0.0029 0.9998 0.0183
vn -0.6357 0.6001 0.4855
vn -0.3324 0.0125 0.9431
vn 0.1198 0.3585 -0.9258
vn 0.0346 -0.7344 -0.6778
vn 0.4068 0.8383 0.3631
vn -0.1157 0.9780 0.1738
vn -0.7751 -0.6315 -0.0178
vn -0.7960 0.4218 0.4342
vn 0.7062 0.7075 0.0275
vn -0.4761 0.8794 -0.0021
vn 0.9870 -0.1602 0.0162
vn 0.6166 0.7625 0.1960
vn -0.9990 -0.0239 -0.0374
vn -0.4077 -0.0901 0.9087
vn 0.6537 0.3971 0.6443
vn 0.9918 0.1281 -0.0036
vn -0.0554 -0.7589 -0.6489
vn -0.0005 -0.8415 -0.5403
vn -0.9751 -0.2202 -0.0278
vn -0.9625 0.0266 -0.2700
vn -0.4327 -0.2254 -0.8729
vn -0.9122 0.2190 0.3464
vn -0.6911 -0.0394 -0.7216
vn -0.2428 0.9700 -0.0150
vn 0.9056 0.2178 0.3638
vn 0.3712 -0.2089 0.9048
vn -0.3656 -0.2459 0.8977
vn 0.9185 -0.0600 0.3907
vn -0.5367 0.8429 0.0384
vn -0.8609 0.5087 0.0045
vn -0.9589 0.2832 0.0160
vn -0.5861 0.8100 -0.0190
vn 0.2455 -0.3448 0.9060
vn 0.7891 0.1791 -0.5875
vn 0.1429 -0.6168 -0.7740
vn 0.3911 0.8702 -0.2998
vn 0.0346 -0.7345 -0.6778
vn -0.0555 -0.7588 -0.6489
vn -0.6397 0.2844 -0.7141
vn -0.2524 -0.3315 0.9090
vn -0.8551 -0.1999 0.4783
vn 0.8869 0.4479 0.1128
vn 0.8283 -0.0373 -0.5590
vn -0.9629 -0.1518 -0.2231
vn -0.9185 0.0119 -0.3952
vn -0.0988 -0.0231 -0.9948
vn -0.6396 0.2844 -0.7141
vn -0.0978 0.3800 -0.9198
vn -0.9503 0.0460 0.3079
vn 0.8164 -0.4053 0.4114
vn 0.1022 0.9248 -0.3665
vn -0.9959 0.0902 0.0048
vn 0.6090 0.6261 -0.4870
vn -0.3173 0.9482 -0.0143
vn -0.9997 -0.0052 -0.0250
vn -0.9492 -0.1962 -0.2459
vn -0.4328 -0.2253 -0.8729
vn 0.8262 0.5610 0.0525
vn 0.8311 0.5499 0.0822
vn 0.9956 -0.0352 -0.0868
vn -0.1666 -0.3628 0.9169
vn -0.6802 -0.5764 0.4529
vn -0.9186 0.0119 -0.3951
vn -0.9920 -0.1257 -0.0082
vn -0.8112 -0.4281 0.3985
vn -0.6601 0.6030 -0.4481
vn 0.2879 0.9573 -0.0257
vn 0.8218 0.5673 -0.0539
vn 0.9959 -0.0906 -0.0067
vn -0.0134 -0.6377 -0.7702
vn -0.6247 0.7808 -0.0099
vn -0.1387 -0.4495 0.8824
vn 0.9917 0.1282 -0.0036
vn -0.2427 0.9700 -0.0150
vn 0.4947 -0.8691 0.0066
vn 0.5875 -0.8091 -0.0100
vn 0.7496 0.3781 -0.5432
vn 0.6444 -0.6983 0.3116
vn 0.9926 -0.0601 -0.1058
vn 0.7772 -0.6293 -0.0047
vn 0.1001 -0.4292 0.8977
vn -0.1283 0.8229 -0.5536
vn -0.7876 0.3942 -0.4736
vn -0.8893 -0.4574 -0.0017
vn 0.9965 0.0416 -0.0731
vn 0.9942 -0.1070 -0.0110
vn -0.0114 -0.4822 0.8760
vn -0.4990 -0.7301 0.4668
vn -0.6396 0.2844 -0.7142
vn -0.9955 0.0749 -0.0581
vn -0.9571 -0.2886 0.0256
vn 0.8469 -0.5317 0.0038
vn 0.3645 -0.7994 0.4776
vn -0.9629 -0.1519 -0.2231
vn -0.9978 -0.0324 -0.0581
vn 0.8899 0.1537 -0.4295
vn 0.8217 0.5673 -0.0539
vn -0.9978 -0.0324 -0.0580
vn -0.9172 0.2325 -0.3236
vn -0.8566 0.0438 -0.5140
vn 0.9094 -0.4158 0.0008
vn 0.1002 -0.9121 0.3976
vn -0.2429 -0.9066 0.3450
vn 0.9507 -0.1343 -0.2794
vn 0.9965 0.0416 -0.0732
vn 0.8284 -0.0373 -0.5590
vn -0.9205 -0.3908 0.0012
vn -0.3032 0.5738 -0.7608
vn 0.3395 -0.9406 -0.0012
vn 0.0421 0.9990 0.0144
vn 0.9858 -0.0736 -0.1508
vn 0.2840 0.9583 0.0329
vn 0.0003 1.0000 0.0089
vn 0.9895 0.1438 0.0112
vn 0.1001 -0.9121 0.3976
vn -0.0987 0.3784 -0.9204
vn 0.9970 0.0776 0.0024
vn 0.8005 -0.2923 -0.5231
vn 0.2198 -0.9754 -0.0169
vn 0.0994 0.4426 -0.8912
vn 0.0079 0.2296 -0.9733
vn 0.5803 -0.8137 0.0328
vn -0.4782 -0.8764 0.0574
vn -0.7362 -0.5362 -0.4129
vn -0.9656 0.2598 0.0026
vn -0.9689 0.2473 0.0003
vn 0.7655 -0.5842 -0.2696
vn -0.9888 -0.0307 -0.1460
vn 0.8321 0.5546 0.0022
vn 0.1641 0.9864 -0.0067
vn -0.9353 -0.1466 -0.3221
vn 0.2436 0.2442 -0.9386
vn 0.9908 -0.0083 -0.1347
vn 0.1453 0.2822 -0.9483
vn 0.5227 -0.7154 -0.4636
vn -0.0014 -0.5522 -0.8337
vn -0.6716 -0.7403 -0.0297
vn -0.2381 0.9709 0.0264
vn 0.6991 -0.7144 -0.0303
vn 0.9677 0.0443 -0.2482
vn 0.0221 -0.4789 -0.8776
vn -0.0116 0.0323 -0.9994
vn -0.1040 0.1955 -0.9752
vn -0.9678 0.0192 -0.2509
vn -0.9824 -0.0106 -0.1865
vn -0.7477 -0.2290 -0.6233
vn 0.9990 0.0454 -0.0044
vn 0.9476 -0.3167 -0.0423
vn -0.0014 -0.5523 -0.8337
vn 0.3251 0.8035 -0.4987
vn 0.3417 0.9298 -0.1368
vn 0.2587 -0.8920 -0.3707
vn 0.1230 0.9889 -0.0837
vn 0.0249 0.9989 -0.0386
vn -0.0544 0.9242 -0.3781
vn -0.2847 0.9585 0.0151
vn -0.3138 0.7715 -0.5535
vn -0.4598 0.8687 -0.1843
vn -0.0512 -0.3875 -0.9204
vn -0.0511 -0.3875 -0.9204
vn -0.1854 0.2087 -0.9602
vn -0.2994 0.1617 -0.9403
vn -0.8723 -0.4879 -0.0325
vn 0.9426 -0.0127 -0.3336
vn 0.9909 -0.0082 -0.1347
vn 0.6175 0.7369 -0.2752
vn 0.0065 -0.9198 -0.3923
vn -0.9673 -0.2526 -0.0217
vn 0.3171 0.1612 -0.9346
vn -0.3548 -0.8317 -0.4270
vn -0.7089 0.6959 -0.1146
vn -0.9678 -0.0285 -0.2500
vn 0.7824 0.5904 -0.1980
vn -0.1835 -0.9099 -0.3721
vn -0.7672 0.5637 -0.3059
vn 0.9677 0.0444 -0.2482
vn 0.9996 -0.0260 -0.0095
vn -0.0031 -0.3607 -0.9327
vn 0.0074 -0.3846 -0.9231
vn 0.9970 0.0775 0.0024
vn 0.4310 -0.0010 -0.9024
vn 0.8766 0.4130 -0.2468
vn -0.1192 0.9929 -0.0054
vn -0.9678 -0.0285 -0.2499
vn -0.9164 0.3833 -0.1154
vn -0.3746 0.0284 -0.9267
vn 0.9757 0.1890 -0.1110
vn 0.9607 0.0127 -0.2771
vn 0.8756 -0.4809 -0.0458
vn -0.9018 0.1884 -0.3889
vn -0.5818 -0.8132 0.0148
vn 0.0066 -0.9198 -0.3923
vn -0.4260 -0.4963 -0.7565
vn 0.0420 0.9990 0.0144
vn -0.9637 0.1252 -0.2359
vn 0.0364 -0.2412 -0.9698
vn 0.0684 -0.5017 -0.8623
vn -0.0559 0.9868 0.1518
vn -0.8674 0.4640 0.1800
vn 0.3646 -0.2132 -0.9064
vn -0.0763 0.9965 0.0344
vn -0.0155 0.9999 0.0016
vn -0.0546 -0.3133 -0.9481
vn -0.3621 -0.9304 -0.0576
vn -0.3757 -0.1383 -0.9164
vn 0.9790 -0.0460 -0.1985
vn 0.0684 -0.5016 -0.8624
vn -0.3396 0.9213 0.1894
vn -0.0756 -0.6629 -0.7449
vn -0.0756 -0.6628 -0.7449
vn -0.9840 -0.1359 -0.1149
vn 0.0637 0.0635 -0.9959
vn 0.2185 -0.3326 -0.9174
vn -0.4870 -0.7565 0.4364
vn 0.0683 -0.5017 -0.8623
vn -0.0215 -0.1470 -0.9889
vn -0.0603 0.1128 -0.9918
vn -0.9947 0.1022 0.0078
vn 0.9721 -0.1520 -0.1785
vn 0.8842 -0.3551 -0.3033
vn 0.1199 -0.9758 -0.1831
vn 0.9607 0.0126 -0.2771
vn 0.4949 0.8689 0.0078
vn -0.4224 0.8670 0.2644
vn -0.1638 -0.1930 -0.9674
vn -0.0214 -0.1470 -0.9889
vn 0.0440 -0.0818 -0.9957
vn 0.2349 -0.3750 -0.8968
vn -0.0004 -0.4409 -0.8975
vn 0.3392 0.9403 -0.0267
vn 0.8393 -0.4925 0.2303
vn 0.0261 0.9994 0.0207
vn 0.0006 0.0724 -0.9974
vn -0.9060 -0.3848 -0.1762
vn 0.2756 0.1867 -0.9430
vn 0.1534 0.2849 -0.9462
vn 0.3123 0.9495 0.0296
vn 0.0590 -0.0894 -0.9942
vn 0.1534 0.2850 -0.9462
vn -0.0002 0.3621 -0.9321
vn -0.0004 -0.4409 -0.8976
vn 0.3113 -0.8034 0.5076
vn -0.0052 -0.9967 -0.0814
vn -0.1381 0.3297 -0.9339
vn -0.9504 -0.1596 -0.2670
vn -0.2174 0.0942 -0.9715
vn -0.2817 -0.2837 -0.9166
vn -0.8508 -0.5069 -0.1389
vn 0.8372 -0.5394 -0.0905
vn -0.0039 -0.9991 -0.0420
vn 0.9710 0.0165 -0.2387
vn 0.8392 -0.4926 0.2304
vn -0.1652 -0.4400 -0.8827
vn 0.9288 -0.3257 0.1766
vn 0.6365 0.6585 -0.4017
vn 0.0405 -0.4893 -0.8712
vn -0.7650 -0.6363 -0.0991
vn -0.9509 -0.3095 -0.0042
vn 0.6430 -0.7491 -0.1593
vn 0.0404 -0.4893 -0.8712
vn 0.9393 0.2385 0.2467
vn 0.9710 0.0166 -0.2387
vn 0.2756 0.1866 -0.9430
vn 0.0590 -0.0894 -0.9943
vn -0.0049 -0.9997 -0.0236
vn -0.5287 -0.8278 -0.1880
vn -0.1765 0.7928 -0.5834
vn -0.9657 0.2598 0.0026
vn 0.9444 0.3289 0.0042
vn 0.4508 -0.8890 -0.0804
vn 0.7448 0.4553 -0.4877
vn 0.2829 0.7561 -0.5901
vn -0.9698 -0.2165 0.1124
vn -0.3206 -0.9418 -0.1008
vn 0.9889 0.1482 0.0070
vn 0.9995 0.0320 -0.0033
vn 0.1895 -0.9734 -0.1288
vn 0.2349 -0.3749 -0.8968
vn 0.0404 -0.4892 -0.8713
vn 0.1895 -0.9734 -0.1287
vn -0.0755 -0.9906 -0.1137
vn -0.1381 0.3296 -0.9340
vn -0.1765 0.7927 -0.5834
vn -0.6978 0.5035 -0.5095
vn -0.1652 -0.4399 -0.8827
vn -0.6343 -0.7729 0.0164
vn 0.5285 0.8480 -0.0392
vn -0.2699 -0.9629 -0.0061
vn -0.7789 0.5132 0.3603
vn 0.9718 0.2336 0.0332
vn 0.2465 0.9626 0.1123
vn 0.7449 0.4553 -0.4878
vn 0.6894 -0.5885 0.4224
vn -0.1033 -0.9944 -0.0242
vn -0.7812 -0.6241 -0.0138
vn -0.7383 -0.6743 -0.0168
vn -0.9934 0.1127 0.0219
vn 0.7331 0.6129 0.2949
vn 0.5805 0.7664 0.2750
vn -0.7389 0.6737 0.0150
vn 0.9563 0.2027 -0.2107
vn -0.1764 0.7928 -0.5834
vn -0.8973 0.3130 -0.3111
vn 0.9990 -0.0270 0.0361
vn 0.3325 -0.9403 0.0727
vn -0.5935 0.7930 0.1378
vn -0.8341 -0.5428 0.0983
vn -0.8618 -0.5070 -0.0141
vn -0.0717 -0.8082 0.5846
vn 0.0740 0.9968 0.0308
vn 0.6894 -0.5884 0.4224
vn -0.9251 -0.3097 0.2197
vn -0.8343 -0.5425 0.0984
vn 0.3305 0.9438 -0.0015
vn 0.6026 0.6304 -0.4893
vn 0.2829 0.7562 -0.5900
vn 0.0217 -0.9994 -0.0254
vn 0.3229 0.9462 0.0199
vn 0.3155 -0.9425 0.1099
vn 0.4507 -0.8890 -0.0804
vn -0.9967 0.0741 -0.0324
vn -0.1878 -0.9796 -0.0711
vn -0.4427 0.7050 -0.5540
vn -0.4336 -0.8948 0.1062
vn -0.3207 -0.9418 -0.1007
vn -0.5287 -0.8277 -0.1880
vn -0.6068 -0.7726 0.1867
vn -0.9410 0.2105 0.2651
vn 0.9756 -0.0507 0.2135
vn -0.0716 -0.8081 0.5846
vn 0.0688 0.7982 -0.5985
vn 0.0688 0.7982 -0.5984
vn -0.0282 0.9993 0.0263
vn -0.5508 -0.8305 -0.0836
vn 0.8362 -0.5469 -0.0410
vn -0.1621 0.9868 0.0069
vn 0.4833 -0.8727 -0.0698
vn -0.5045 0.8592 0.0847
vn 0.3369 0.9204 0.1985
vn -0.7433 0.5535 -0.3757
vn 0.8600 0.4831 0.1641
vn 0.2539 0.9638 -0.0818
vn 0.6173 -0.6275 0.4746
vn 0.0064 -0.9956 0.0934
vn -0.1774 -0.9662 0.1869
vn 0.3326 -0.9403 0.0728
vn -0.9251 -0.3096 0.2197
vn -0.9896 -0.0694 0.1261
vn -0.9841 -0.1358 -0.1149
vn -0.5038 -0.8613 -0.0651
vn 0.1828 0.9823 0.0416
vn 0.6391 -0.7687 -0.0255
vn 0.1249 0.9906 0.0551
vn -0.9870 0.1604 0.0116
vn 0.1516 -0.9859 -0.0711
vn -0.3636 -0.9161 0.1691
vn -0.2673 -0.9634 -0.0204
vn -0.7811 -0.6242 -0.0138
vn 0.2540 0.9637 -0.0818
vn 0.6026 0.6305 -0.4893
vn 0.4212 0.7717 -0.4766
vn 0.9176 0.3974 0.0142
vn 0.8485 0.4419 -0.2910
vn 0.9563 0.2028 -0.2107
vn -0.9937 -0.1116 -0.0061
vn -0.7674 -0.5190 0.3765
vn -0.1878 0.9805 0.0570
vn -0.8974 0.3130 -0.3111
vn -0.9967 0.0740 -0.0324
vn 0.9960 0.0819 0.0346
vn 0.9912 -0.1321 -0.0031
vn -0.9698 -0.2164 0.1124
vn 0.9095 -0.4158 0.0008
vn 0.7204 -0.6435 0.2588
vn 0.1721 0.2940 0.9402
vn -0.0435 0.3585 0.9325
vn 0.0116 0.0130 0.9998
vn -0.1416 0.2066 0.9681
vn -0.3745 0.7803 -0.5009
vn -0.4427 0.7051 -0.5540
vn 0.0556 0.9961 0.0681
vn 0.2207 0.1047 0.9697
vn 0.0244 0.9982 0.0545
vn -0.1969 0.0519 0.9790
vn 0.5630 0.5859 0.5829
vn 0.4116 0.8219 0.3937
vn 0.2006 0.8984 0.3907
vn -0.2996 0.8335 0.4642
vn -0.0783 0.9948 0.0654
vn -0.7674 -0.5191 0.3765
vn -0.4870 -0.7565 0.4365
vn -0.4686 0.7184 0.5141
vn -0.5842 0.5329 0.6122
vn -0.3870 0.0121 0.9220
vn -0.9644 0.2620 0.0351
vn -0.9645 0.2619 0.0351
vn 0.3028 -0.0057 0.9530
vn 0.7321 0.4339 0.5251
vn -0.3405 -0.9381 0.0640
vn -0.0300 0.9698 0.2421
vn -0.1650 0.9242 0.3444
vn 0.2661 -0.9557 0.1255
vn -0.9998 0.0222 -0.0008
vn -0.8948 0.4396 0.0778
vn 0.4110 0.9054 -0.1067
vn -0.0102 0.9898 -0.1420
vn 0.7708 0.6310 0.0881
vn -0.0144 0.9989 0.0447
vn 0.9494 -0.2574 0.1801
vn -0.0007 -0.9998 -0.0201
vn -0.0151 -0.9997 -0.0184
vn 0.8793 0.1826 0.4399
vn 0.9103 0.4089 -0.0652
vn 0.2005 -0.9682 -0.1500
vn 0.8211 -0.5352 0.1987
vn -0.0783 0.9948 0.0653
vn 0.4843 -0.8535 0.1920
vn -0.5507 -0.8305 -0.0837
vn -0.3370 -0.2012 0.9197
vn -0.8185 0.4445 0.3640
vn -0.9942 0.1079 -0.0041
vn 0.3554 -0.1572 0.9214
vn 0.9966 0.0818 -0.0030
vn 0.2918 0.9383 -0.1857
vn -0.2158 -0.9659 -0.1430
vn -0.5750 -0.8044 -0.1493
vn -0.2127 0.9166 -0.3386
vn -0.6204 0.7828 -0.0489
vn -0.9841 0.1776 -0.0031
vn -0.9325 0.1914 0.3063
vn -0.8193 -0.5700 -0.0625
vn -0.1878 0.9806 0.0570
vn -0.1083 0.9829 0.1490
vn 0.9288 -0.3257 0.1767
vn -0.8822 0.4155 -0.2216
vn 0.0740 0.9968 0.0309
vn 0.0623 0.8991 -0.4332
vn -0.5141 -0.7439 0.4270
vn 0.9906 0.1363 0.0136
vn 0.4851 0.7912 -0.3724
vn 0.6469 -0.7625 -0.0115
vn -0.4796 0.8318 -0.2795
vn -0.7650 -0.6364 -0.0991
vn -0.8342 -0.5426 0.0984
vn -0.2454 -0.3436 0.9065
vn -0.8658 -0.1359 0.4816
vn 0.0518 -0.9936 0.1004
vn -0.0284 0.8650 -0.5010
vn -0.0091 -0.8739 0.4861
vn -0.3205 0.9407 -0.1111
vn -0.9953 0.0963 -0.0065
vn 0.0404 0.9877 0.1509
vn 0.3555 -0.1572 0.9214
vn 0.2635 -0.2890 0.9204
vn -0.0584 0.9952 0.0784
vn -0.2311 -0.9641 0.1309
vn -0.2382 0.9709 0.0264
vn 0.7741 -0.3351 0.5370
vn 0.7307 0.6741 -0.1083
vn 0.6463 -0.7631 -0.0063
vn 0.4843 -0.8535 0.1921
vn 0.3633 -0.7608 0.5378
vn -0.0001 -0.9997 -0.0225
vn 0.9610 -0.0685 0.2678
vn 0.8793 0.1825 0.4399
vn 0.8266 0.4856 -0.2845
vn -0.1121 0.9878 0.1081
vn 0.8210 -0.5351 0.1987
vn 0.6505 -0.7582 -0.0449
vn 0.2006 0.9686 -0.1468
vn -0.9914 -0.1171 0.0588
vn -0.9251 -0.3096 0.2198
vn 0.9669 0.2274 -0.1154
vn -0.6966 0.6779 -0.2351
vn -0.5265 -0.8369 -0.1495
vn 0.6196 -0.7746 -0.1272
vn -0.7774 -0.4021 0.4837
vn -0.2455 -0.3436 0.9065
vn -0.3371 -0.2012 0.9197
vn 0.4417 0.8872 0.1332
vn 0.9175 0.3974 0.0142
vn 0.2635 -0.2890 0.9203
vn 0.8210 -0.5352 0.1987
vn -0.7049 -0.7090 -0.0200
vn -0.6068 -0.7726 0.1868
vn -0.9841 0.1776 -0.0030
vn 0.7653 -0.5425 0.3464
vn 0.7742 -0.3351 0.5370
vn 0.9996 0.0254 -0.0117
vn -0.0076 -0.9880 0.1541
vn -0.8014 0.5905 0.0951
vn 0.6056 -0.7878 -0.1125
vn 0.2119 -0.4395 0.8729
vn 0.4843 -0.8536 0.1920
vn -0.7774 -0.4022 0.4836
vn -0.5684 -0.6880 0.4512
vn 0.1494 0.9829 0.1079
vn 0.7708 0.6309 0.0881
vn -0.7982 0.2757 -0.5356
vn -0.7675 0.4622 -0.4443
vn -0.9642 0.0590 -0.2585
vn 0.7653 -0.5426 0.3464
vn 0.6616 -0.6749 0.3270
vn 0.8361 -0.5470 -0.0410
vn 0.1010 0.4171 -0.9032
vn -0.9286 -0.3711 -0.0081
vn 0.0427 0.9991 -0.0076
vn -0.0274 0.3624 -0.9316
vn -0.1307 -0.4700 0.8730
vn -0.7982 0.2756 -0.5356
vn 0.8439 0.1137 -0.5243
vn 0.9610 -0.0686 0.2678
vn 0.9062 -0.0685 -0.4173
vn 0.6498 -0.6985 0.2996
vn 0.0395 -0.4636 0.8852
vn -0.9914 -0.1172 0.0588
vn 0.0491 -0.9986 -0.0175
vn 0.9829 0.1649 -0.0825
vn -0.3636 -0.9161 0.1692
vn -0.1114 0.3716 -0.9217
vn -0.3037 0.3846 -0.8717
vn 0.9094 -0.4158 0.0007
vn 0.8941 -0.4457 -0.0447
vn 0.9960 0.0818 0.0346
vn 0.9178 -0.2483 -0.3098
vn 0.3244 0.4044 -0.8551
vn 0.3981 -0.7823 0.4791
vn -0.4839 -0.8681 0.1111
vn 0.0517 -0.9936 0.1005
vn -0.3834 -0.8156 0.4334
vn -0.8210 -0.5631 0.0941
vn -0.8104 -0.3464 -0.4724
vn 0.3353 0.9264 -0.1713
vn 0.1133 0.9892 -0.0928
vn -0.0240 0.0507 -0.9984
vn 0.8807 0.4372 -0.1823
vn 0.0345 0.0569 -0.9978
vn -0.1634 0.9841 -0.0702
vn -0.7803 -0.6254 -0.0024
vn 0.8266 0.4855 -0.2845
vn 0.4452 0.2834 -0.8494
vn 0.3243 0.4043 -0.8552
vn 0.0054 0.1399 -0.9902
vn -0.1484 -0.8946 0.4214
vn -0.3484 0.9308 -0.1105
vn -0.3485 0.9308 -0.1106
vn -0.3859 0.9194 -0.0762
vn 0.0346 0.0568 -0.9978
vn -0.9044 -0.1739 -0.3895
vn -0.9934 0.1126 0.0219
vn -0.0240 0.0506 -0.9984
vn 0.5025 0.8555 -0.1251
vn 0.2845 -0.9134 0.2912
vn 0.0821 -0.9648 0.2500
vn 0.0444 0.9990 -0.0073
vn -0.4620 0.7831 -0.4162
vn 0.0346 0.0569 -0.9978
vn 0.5528 -0.8311 0.0608
vn 0.3325 -0.9403 0.0728
vn -0.2179 -0.9747 0.0503
vn 0.1216 0.2064 -0.9709
vn 0.0192 0.1315 -0.9911
vn -0.1114 0.3715 -0.9217
vn -0.9754 -0.2195 -0.0177
vn 0.2733 0.9417 0.1963
vn -0.7708 -0.6227 -0.1343
vn 0.6488 0.7289 -0.2185
vn -0.5810 0.8060 -0.1135
vn -0.6204 0.7828 -0.0488
vn -0.6649 0.7459 -0.0390
vn -0.3036 0.3845 -0.8717
vn -0.7208 -0.5033 -0.4766
vn 0.7875 0.6081 -0.0998
vn -0.0004 -0.9742 0.2255
vn -0.1633 0.9841 -0.0702
vn -0.3149 0.9436 0.1021
vn -0.5478 0.8366 0.0005
vn -0.3848 0.4322 -0.8156
vn -0.7675 0.4622 -0.4442
vn -0.2715 0.2488 -0.9297
vn -0.2755 -0.9331 -0.2310
vn -0.9728 0.2071 0.1036
vn 0.7784 -0.6150 -0.1261
vn 0.6803 0.6919 0.2419
vn 0.7567 0.6405 -0.1310
vn -0.4563 -0.8898 0.0074
vn -0.8481 0.5250 -0.0713
vn -0.9978 0.0663 0.0046
vn -0.9953 0.0963 -0.0064
vn -0.8104 -0.3464 -0.4725
vn 0.9923 0.1238 0.0029
vn 0.7282 -0.2825 -0.6244
vn 0.7191 -0.5208 -0.4601
vn 0.5302 0.8426 -0.0939
vn 0.9102 0.4089 -0.0652
vn -0.7803 -0.6254 -0.0023
vn -0.8285 -0.5514 -0.0978
vn 0.3609 0.1437 -0.9215
vn 0.9756 -0.2192 -0.0127
vn -0.9951 -0.0989 -0.0054
vn -0.6604 -0.7447 -0.0966
vn -0.4177 0.1253 -0.8999
vn 0.3842 -0.8967 -0.2200
vn 0.1707 -0.9578 -0.2311
vn 0.9319 0.3582 -0.0575
vn -0.0574 0.9890 -0.1364
vn -0.0103 0.9898 -0.1420
vn -0.8367 0.5475 0.0105
vn -0.9323 0.3261 -0.1562
vn -0.6804 0.6966 0.2279
vn 0.9725 0.1994 0.1206
vn 0.6505 -0.7468 -0.1386
vn 0.3832 -0.9228 -0.0391
vn 0.3405 0.9364 0.0851
vn 0.3354 0.9264 -0.1713
vn -0.8362 0.5485 0.0025
vn -0.1078 0.9510 0.2896
vn -0.9836 0.1806 0.0026
vn 0.4769 -0.7542 -0.4513
vn -0.9224 0.3860 -0.0148
vn -0.8229 0.5681 -0.0001
vn 0.9593 0.1903 -0.2088
vn 0.2171 -0.9601 -0.1762
vn -0.0009 0.9917 0.1284
vn -0.6621 -0.7369 0.1366
vn 0.0087 -0.8505 -0.5259
vn -0.1934 -0.8690 -0.4554
vn -0.9827 0.0784 -0.1677
vn -0.4367 -0.0207 -0.8994
vn 0.4097 0.0057 -0.9122
vn 0.9940 -0.0617 -0.0909
vn 0.9906 -0.1311 0.0385
vn -0.5810 0.8059 -0.1136
vn -0.6205 0.7827 -0.0489
vn -0.9841 0.1777 -0.0030
vn 0.9469 -0.2586 -0.1909
vn -0.1645 0.9698 0.1799
vn 0.6676 -0.7375 0.1019
vn 0.5750 0.8093 -0.1200
vn 0.0853 0.9902 -0.1106
vn -0.5000 0.8591 -0.1093
vn -0.9594 -0.1175 -0.2564
vn 0.1232 0.9449 0.3032
vn 0.9780 -0.0809 0.1922
vn -0.0830 0.9836 0.1604
vn 0.4467 0.8882 0.1073
vn 0.1277 0.9752 0.1806
vn 0.8581 0.4743 0.1964
vn -0.1356 -0.9798 0.1471
vn -0.2311 -0.9641 0.1310
vn 0.3326 -0.9403 0.0727
vn -0.4522 -0.3977 -0.7984
vn 0.9953 -0.0962 0.0118
vn 0.4451 -0.3884 -0.8069
vn 0.9746 0.2238 -0.0110
vn -0.3219 -0.5879 -0.7421
vn -0.3873 -0.1404 -0.9112
vn 0.4094 -0.1071 -0.9061
vn 0.3797 -0.2391 -0.8937
vn -0.8950 -0.4334 -0.1060
vn -0.9226 -0.3724 -0.1009
vn -0.3873 -0.1403 -0.9112
vn -0.9816 0.1655 0.0952
vn 0.9827 0.1834 -0.0266
vn 0.4094 -0.1071 -0.9060
vn 0.9341 -0.3565 -0.0190
vn 0.1202 0.9439 0.3076
vn 0.8995 0.4355 0.0341
vn -0.0539 0.9814 0.1842
vn 0.0604 0.9831 0.1729
vn 0.8938 -0.4356 -0.1069
vn 0.3378 0.9412 0.0054
vn 0.1866 0.9567 0.2232
vn -0.0002 -0.9998 -0.0208
vn 0.2828 -0.6634 -0.6928
vn 0.3895 -0.9165 -0.0909
vn -0.8372 -0.5411 -0.0794
vn -0.8245 0.4730 0.3107
vn 0.9797 0.1907 0.0619
vn 0.2978 0.9546 0.0116
vn -0.2851 -0.2668 -0.9206
vn -0.8375 -0.5426 -0.0643
vn -0.0879 0.8891 0.4491
vn -0.8770 0.4607 0.1366
vn -0.2281 0.9327 0.2795
vn 0.8117 -0.5764 -0.0943
vn 0.7162 -0.6945 -0.0685
vn 0.1783 -0.4748 -0.8618
vn 0.9333 0.3407 0.1135
vn 0.8698 -0.4792 -0.1178
vn 0.3796 -0.2391 -0.8937
vn 0.1898 -0.9818 -0.0056
vn 0.2489 -0.3370 -0.9080
vn 0.8572 -0.5147 -0.0193
vn -0.4839 -0.8681 0.1110
vn -0.3519 -0.9328 -0.0775
vn -0.8449 -0.5335 -0.0392
vn -0.1840 -0.4177 -0.8897
vn -0.7197 -0.6820 -0.1300
vn 0.8797 0.3787 0.2876
vn -0.3404 -0.9381 0.0641
vn -0.3998 0.9083 0.1231
vn -0.7121 -0.6780 -0.1823
vn 0.8007 -0.5962 0.0587
vn 0.6027 -0.7850 -0.1437
vn 0.7161 -0.6946 -0.0685
vn 0.8838 -0.4575 -0.0974
vn -0.5569 -0.8291 -0.0490
vn -0.7197 -0.6820 -0.1301
vn -0.8802 -0.4619 0.1088
vn -0.3406 -0.9380 0.0641
vn -0.4516 -0.8836 0.1238
vn 0.1846 -0.9187 -0.3491
vn -0.9978 -0.0662 -0.0048
vn -0.9224 0.3859 -0.0149
vn -0.0351 -0.4413 -0.8967
vn 0.4760 -0.8783 -0.0445
vn 0.2128 -0.9711 -0.1080
vn 0.3222 0.9318 0.1673
vn -0.4316 -0.8963 -0.1015
vn -0.9801 0.1939 -0.0430
vn 0.4008 -0.9162 0.0005
vn 0.1084 -0.9831 0.1473
vn -0.1588 -0.9809 -0.1120
vn -0.3195 -0.9460 -0.0544
vn -0.0548 -0.9981 -0.0290
vn 0.8797 0.3786 0.2876
vn 0.7203 -0.6694 -0.1820
vn 0.7794 0.5985 0.1854
vn -0.0073 -0.9996 -0.0256
vn -0.2352 0.9187 0.3172
vn 0.1074 0.9057 0.4102
vn -0.5412 0.8169 0.1992
vn 0.9781 0.1034 0.1808
vn 0.3401 0.9012 0.2687
vn -0.3743 -0.8595 -0.3482
vn 0.8032 -0.5778 -0.1450
vn 0.9415 -0.3193 0.1079
vn -0.1067 0.9595 0.2606
vn -0.1235 0.9488 0.2906
vn -0.8077 -0.5654 -0.1670
vn -0.2304 -0.9164 -0.3272
vn -0.9808 0.0700 0.1818
vn -0.1861 -0.9758 0.1150
vn -0.6590 0.7247 0.2014
vn -0.4622 -0.8861 0.0344
vn -0.3997 0.9083 0.1231
vn 0.8634 0.4818 0.1499
vn -0.8615 -0.4971 -0.1034
vn 0.9811 0.1934 0.0089
vn -0.8802 -0.4619 0.1089
vn 0.3501 -0.9261 0.1409
vn 0.9288 -0.3691 -0.0326
vn -0.0485 0.9761 0.2120
vn -0.4813 0.7170 0.5042
vn 0.7644 0.6290 0.1418
vn -0.9477 0.3017 0.1043
vn -0.1637 -0.9794 0.1182
vn -0.9243 0.1819 0.3355
vn 0.8332 -0.5056 0.2241
vn 0.3788 -0.9134 0.1488
vn 0.5945 -0.7607 -0.2605
vn 0.2172 0.6642 0.7153
vn -0.8444 -0.5048 -0.1792
vn -0.5681 -0.7839 -0.2505
vn 0.2703 -0.9147 -0.3005
vn -0.9477 0.3018 0.1043
vn -0.9991 0.0420 0.0086
vn 0.1509 0.9487 0.2779
vn 0.5646 -0.2677 0.7807
vn -0.0074 0.9651 0.2619
vn 0.1659 0.4151 0.8945
vn -0.2046 0.5039 0.8392
vn -0.2601 -0.9105 -0.3216
vn 0.3402 0.9011 0.2688
vn 0.9378 0.3472 -0.0074
vn 0.7898 0.4023 0.4629
vn 0.8932 -0.4206 -0.1593
vn 0.3493 -0.9370 0.0021
vn -0.8158 -0.5695 0.1007
vn 0.0635 0.8641 0.4992
vn 0.8226 -0.5188 -0.2327
vn 0.9591 0.0837 0.2706
vn 0.2750 -0.9611 -0.0242
vn 0.3354 0.8832 0.3277
vn 0.0679 0.9568 0.2827
vn -0.6494 -0.7593 0.0427
vn -0.5569 -0.8292 -0.0490
vn -0.9787 -0.1958 0.0621
vn -0.9218 -0.0325 0.3862
vn 0.4007 0.5319 0.7460
vn 0.1398 -0.9843 0.1078
vn 0.1039 -0.9331 -0.3444
vn -0.4437 -0.6148 0.6520
vn 0.9760 0.2177 0.0075
vn 0.7899 0.4022 0.4630
vn 0.6111 0.7842 0.1081
vn -0.3213 0.5252 0.7880
vn 0.2886 0.8599 0.4210
vn -0.0011 -0.9995 -0.0323
vn -0.7735 0.5926 0.2247
vn -0.3172 -0.9452 0.0770
vn -0.4314 0.5207 0.7367
vn -0.1011 -0.9864 0.1297
vn -0.7672 -0.6061 -0.2096
vn 0.5722 -0.8190 0.0431
vn 0.9978 0.0621 0.0220
vn 0.2115 0.9367 0.2790
vn -0.2413 0.8926 0.3808
vn -0.7894 -0.6118 0.0504
vn 0.2052 0.9009 0.3825
vn -0.7833 0.3381 0.5216
vn 0.5209 0.5971 0.6100
vn 0.7570 0.6439 0.1111
vn -0.2195 0.9322 0.2878
vn -0.8553 0.4914 0.1642
vn 0.4327 0.7514 0.4982
vn -0.7833 0.3380 0.5216
vn 0.7382 -0.6339 -0.2306
vn 0.5723 -0.8189 0.0431
vn 0.6027 -0.7849 -0.1437
vn 0.4471 -0.8879 0.1082
vn 0.0001 -0.9917 0.1283
vn -0.9970 -0.0725 -0.0274
vn -0.3731 0.7943 0.4796
vn -0.4437 -0.6149 0.6519
vn -0.1172 -0.9830 0.1416
vn -0.6000 -0.7950 0.0898
vn -0.7426 0.6166 0.2612
vn -0.9887 -0.0750 0.1294
vn 0.2884 -0.8795 -0.3786
vn 0.4988 -0.8148 0.2954
vn 0.9008 0.1214 0.4169
vn -0.1237 0.9220 0.3670
vn 0.0269 0.7167 0.6969
vn 0.0634 0.8641 0.4993
vn 0.4326 0.7514 0.4982
vn -0.0385 0.8110 0.5837
vn -0.0133 0.8150 0.5793
vn -0.0385 0.8111 0.5837
vn -0.9183 -0.3822 0.1026
vn 0.1711 0.1998 0.9648
vn -0.0035 0.2972 0.9548
vn -0.4109 0.8532 0.3212
vn -0.1911 0.9798 -0.0582
vn -0.1473 0.2135 0.9658
vn -0.5615 -0.8175 0.1281
vn -0.6989 -0.6303 0.3382
vn 0.3519 0.8517 0.3883
vn -0.7834 0.3381 0.5216
vn -0.7077 0.6157 0.3465
vn 0.6007 0.3563 0.7157
vn 0.6859 0.4239 0.5914
vn 0.7197 -0.6942 0.0084
vn 0.2776 0.9359 -0.2167
vn -0.3150 0.9436 0.1020
vn -0.1473 0.2136 0.9658
vn -0.5514 0.5791 0.6005
vn -0.8144 -0.5787 -0.0435
vn -0.8979 0.3862 0.2113
vn -0.9819 0.1888 -0.0170
vn 0.2054 0.8514 0.4826
vn -0.2210 0.8418 0.4924
vn -0.7323 -0.6383 -0.2373
vn -0.9801 0.1940 -0.0430
vn 0.1541 -0.0163 0.9879
vn 0.8500 0.4908 0.1913
vn -0.0360 0.9208 0.3883
vn 0.9653 0.2590 -0.0322
vn 0.3077 0.0601 0.9496
vn 0.3134 0.3416 0.8860
vn 0.3514 -0.9281 0.1229
vn -0.4129 0.7944 0.4454
vn -0.2736 0.1787 0.9451
vn -0.7325 -0.6119 -0.2984
vn -0.4747 0.4275 0.7694
vn -0.9448 0.0421 0.3249
vn 0.8599 -0.4610 -0.2191
vn -0.9183 -0.3822 0.1027
vn 0.2674 0.9030 0.3363
vn -0.0207 0.9278 0.3725
vn 0.3515 -0.9281 0.1229
vn -0.2210 0.8418 0.4925
vn -0.2787 -0.8605 0.4264
vn 0.1355 0.9148 0.3806
vn -0.7748 -0.5836 -0.2431
vn 0.3551 0.8742 0.3312
vn -0.3726 0.0591 0.9261
vn -0.9611 -0.2723 -0.0462
vn -0.9994 -0.0341 -0.0028
vn 0.9841 -0.1759 -0.0262
vn 0.6029 0.6096 0.5147
vn 0.4368 0.8888 0.1384
vn -0.5442 -0.8381 0.0382
vn 0.4427 -0.8370 -0.3216
vn -0.6423 0.6728 0.3671
vn 0.0080 -0.9994 -0.0347
vn -0.0388 0.9988 0.0293
vn 0.0679 0.9568 0.2828
vn 0.9350 0.3520 0.0437
vn 0.0474 0.5598 0.8273
vn 0.4963 0.8089 0.3153
vn -0.9131 0.0239 0.4069
vn -0.7834 0.3380 0.5216
vn -0.4746 0.4275 0.7694
vn -0.7011 0.5391 0.4668
vn 0.2682 -0.1566 0.9505
vn 0.5651 0.2141 0.7967
vn 0.9978 0.0592 -0.0306
vn 0.8931 -0.4206 -0.1593
vn 0.1161 0.9030 -0.4137
vn 0.0221 0.9972 -0.0718
vn -0.2196 0.9322 0.2878
vn -0.4084 0.6991 0.5870
vn 0.5486 0.7252 0.4161
vn 0.9170 0.0121 0.3987
vn 0.4342 -0.8184 -0.3764
vn -0.1544 0.9327 -0.3260
vn -0.7589 0.3684 0.5369
vn -0.4571 -0.0889 0.8849
vn -0.9623 0.2694 -0.0369
vn 0.2711 0.9031 -0.3329
vn -0.4637 0.8538 -0.2365
vn 0.0817 0.5804 0.8102
vn 0.5422 -0.0221 0.8399
vn 0.6247 0.0739 0.7773
vn -0.0078 -0.9954 0.0959
vn 0.0559 0.9191 0.3901
vn -0.2745 0.8884 -0.3680
vn -0.8547 -0.4758 -0.2076
vn 0.9534 -0.0175 0.3012
vn -0.1542 -0.9777 0.1423
vn 0.1651 0.9841 0.0660
vn 0.3671 -0.9301 0.0093
vn 0.8400 -0.5073 -0.1924
vn 0.0182 -0.9970 0.0754
vn -0.8107 -0.4371 0.3895
vn -0.4665 0.4152 0.7810
vn 0.5643 -0.7288 -0.3878
vn -0.5072 0.7527 0.4198
vn 0.8841 0.3969 0.2467
vn 0.7636 0.6457 0.0075
vn -0.0206 0.9278 0.3725
vn -0.9217 0.3649 0.1316
vn 0.3285 -0.3567 0.8746
vn -0.2744 0.8884 -0.3680
vn -0.9303 0.3193 0.1805
vn 0.8877 0.0233 0.4599
vn 0.6101 0.7910 -0.0458
vn 0.1096 -0.9914 0.0710
vn 0.0380 0.9323 0.3597
vn -0.7053 -0.6287 -0.3276
vn 0.4552 -0.2389 0.8577
vn 0.9978 0.0268 -0.0612
vn 0.3130 0.8695 0.3821
vn 0.0724 -0.9973 -0.0141
vn -0.8334 -0.5526 -0.0024
vn -0.3487 0.2347 0.9074
vn 0.2753 -0.7400 0.6137
vn 0.9256 0.0291 0.3774
vn 0.9437 0.3107 0.1138
vn 0.6729 -0.7199 0.1701
vn 0.3938 0.8131 -0.4287
vn -0.7411 0.6079 -0.2851
vn -0.9298 0.0648 0.3622
vn 0.0836 0.6074 0.7900
vn 0.2551 0.1937 0.9473
vn -0.0543 -0.4797 0.8758
vn 0.0649 0.9972 0.0371
vn -0.9970 -0.0724 -0.0274
vn -0.9609 0.2591 0.0974
vn -0.2103 0.9735 0.0899
vn 0.2159 0.8477 0.4845
vn -0.5150 0.6261 0.5854
vn 0.8225 0.4799 -0.3052
vn 0.5395 0.0524 0.8404
vn 0.2335 -0.9665 0.1064
vn -0.4734 0.6604 -0.5829
vn -0.9968 0.0696 -0.0401
vn -0.3937 -0.2990 0.8692
vn -0.3083 -0.8355 -0.4548
vn 0.9487 0.3161 -0.0001
vn 0.6057 0.6488 -0.4607
vn 0.9848 0.1726 -0.0177
vn -0.2036 0.8580 0.4716
vn -0.0003 0.6294 -0.7771
vn -0.5873 0.0987 0.8033
vn 0.0798 0.6300 0.7725
vn 0.9788 -0.1077 0.1740
vn -0.6021 -0.7462 -0.2842
vn -0.5899 0.7437 0.3146
vn 0.6348 0.7031 0.3203
vn 0.0566 -0.3896 0.9193
vn 0.9568 -0.2880 -0.0397
vn -0.4810 -0.8744 0.0639
vn -0.1208 0.8545 0.5052
vn -0.1116 0.9934 0.0283
vn -0.6036 -0.1987 0.7721
vn -0.4664 0.4153 0.7810
vn 0.3638 -0.1061 0.9254
vn -0.8953 -0.4159 -0.1595
vn 0.4658 -0.7044 0.5356
vn 0.9528 0.3022 -0.0279
vn 0.4085 -0.4101 0.8154
vn -0.6715 -0.7378 0.0690
vn -0.1761 0.9383 -0.2975
vn -0.3389 -0.9281 0.1540
vn 0.1459 0.8476 0.5102
vn 0.7463 -0.5542 -0.3686
vn 0.8672 -0.3487 0.3556
vn 0.1773 0.5624 -0.8077
vn 0.9275 0.3502 0.1311
vn -0.5490 -0.2683 0.7916
vn -0.9986 -0.0414 -0.0315
vn -0.9563 0.2917 -0.0192
vn 0.2589 -0.8380 -0.4804
vn 0.9496 -0.3078 -0.0584
vn 0.2314 0.9634 0.1355
vn 0.0410 -0.9943 -0.0989
vn 0.1757 0.9344 -0.3097
vn -0.5501 -0.3193 0.7717
vn -0.6165 -0.2709 0.7393
vn -0.8631 0.2417 -0.4435
vn -0.7606 -0.2848 0.5834
vn -0.8641 0.0971 0.4939
vn 0.7045 -0.5529 -0.4450
vn 0.7884 0.4517 0.4177
vn -0.0445 -0.3798 0.9240
vn 0.9366 0.2810 -0.2092
vn -0.2879 -0.9516 0.1076
vn 0.2919 0.5191 -0.8033
vn 0.1055 -0.9309 -0.3498
vn -0.1762 0.9384 -0.2974
vn -0.3445 0.9204 -0.1847
vn -0.7252 0.4231 -0.5431
vn -0.6880 -0.5965 -0.4134
vn -0.0186 0.9995 0.0246
vn -0.0070 0.9968 -0.0798
vn 0.0252 0.9019 0.4313
vn -0.8627 -0.3401 0.3742
vn -0.9650 -0.1000 0.2424
vn 0.7611 0.1142 0.6385
vn -0.2498 0.4762 0.8431
vn 0.3460 -0.5732 0.7428
vn 0.2946 -0.9067 0.3018
vn -0.1151 -0.9749 0.1904
vn -0.2409 -0.7571 0.6073
vn -0.9873 -0.1570 -0.0250
vn -0.8041 0.4275 0.4132
vn -0.9448 0.0422 0.3250
vn 0.3489 0.9337 -0.0802
vn 0.7268 -0.6865 -0.0203
vn 0.4260 -0.8923 0.1491
vn -0.8078 -0.5654 -0.1670
vn 0.6148 -0.7865 0.0588
vn -0.2639 -0.1083 0.9585
vn -0.8640 0.0971 0.4940
vn 0.4806 0.0578 0.8750
vn 0.9592 0.0674 -0.2746
vn 0.8883 -0.3548 -0.2918
vn 0.5482 0.8315 -0.0896
vn -0.7612 -0.5542 0.3367
vn 0.8859 0.4284 0.1780
vn -0.7457 -0.5344 -0.3979
vn 0.8323 -0.5434 0.1094
vn 0.4209 0.4273 -0.8001
vn -0.2401 -0.9081 -0.3431
vn -0.2227 -0.9555 0.1936
vn -0.5890 0.7988 -0.1226
vn -0.3356 -0.5382 0.7732
vn -0.8958 -0.3142 -0.3143
vn 0.9701 0.2421 -0.0146
vn 0.4210 0.4273 -0.8001
vn 0.7337 0.6682 -0.1232
vn -0.0054 0.8611 0.5084
vn 0.0155 0.2114 0.9773
vn 0.5778 0.2325 0.7824
vn -0.1124 0.1797 0.9773
vn -0.9608 0.2772 -0.0005
vn -0.0320 -0.2275 0.9732
vn -0.7524 -0.6586 0.0103
vn 0.1398 -0.9843 0.1079
vn -0.4366 0.8413 0.3187
vn 0.1155 -0.9762 0.1836
vn -0.0210 -0.9962 -0.0851
vn -0.1679 -0.4744 0.8641
vn -0.7256 0.6390 -0.2552
vn 0.7184 -0.6048 0.3437
vn -0.4840 0.1926 0.8536
vn 0.9755 -0.1594 0.1518
vn -0.7864 -0.5673 0.2443
vn 0.5787 0.2705 -0.7693
vn -0.0074 -0.9954 -0.0959
vn -0.9906 -0.1268 -0.0503
vn 0.6529 -0.4282 0.6248
vn -0.5899 0.1260 0.7976
vn 0.6631 0.1596 0.7313
vn 0.0587 0.8411 0.5377
vn 0.0848 0.1642 0.9828
vn 0.9920 0.0404 -0.1198
vn 0.2528 -0.6729 0.6952
vn 0.3872 0.9220 -0.0024
vn 0.9876 -0.1468 -0.0564
vn -0.2232 -0.6376 0.7373
vn 0.2320 -0.9677 0.0986
vn -0.9313 -0.0072 -0.3641
vn -0.7933 -0.5059 -0.3387
vn 0.5873 0.1164 0.8010
vn 0.8995 -0.1567 -0.4079
vn 0.8713 0.4758 -0.1204
vn 0.6681 0.6980 0.2576
vn -0.6737 0.7255 0.1406
vn -0.8976 0.4190 -0.1372
vn 0.6899 -0.7033 0.1715
vn -0.9052 -0.2361 -0.3535
vn 0.9965 0.0825 0.0144
vn 0.9963 -0.0510 0.0697
vn -0.4279 0.1751 0.8867
vn -0.9906 0.1235 0.0591
vn -0.9977 -0.0173 0.0661
vn 0.9454 -0.2698 -0.1827
vn -0.3612 -0.9017 0.2376
vn -0.0683 0.8671 0.4934
vn -0.5007 0.0748 0.8624
vn 0.9510 -0.0188 0.3087
vn 0.7045 0.1833 0.6856
vn -0.1103 0.0161 0.9938
vn 0.2613 -0.0175 0.9651
vn 0.8240 0.3779 0.4223
vn -0.8546 -0.3098 0.4168
vn -0.9030 -0.4272 0.0454
vn 0.6425 -0.7652 0.0399
vn -0.5297 -0.7517 0.3928
vn 0.2508 0.7372 0.6274
vn 0.9050 0.1258 0.4064
vn 0.9778 0.1949 -0.0770
vn 0.0631 -0.9789 0.1945
vn 0.0725 -0.9973 -0.0141
vn 0.0040 -0.9952 -0.0974
vn -0.1665 -0.9549 0.2458
vn -0.3390 -0.9281 0.1540
vn 0.1159 -0.0197 0.9931
vn -0.9848 -0.1690 0.0399
vn 0.7947 0.4980 0.3470
vn -0.8434 -0.5362 0.0335
vn -0.3711 0.7346 0.5680
vn 0.9760 0.1995 -0.0867
vn -0.8954 -0.4158 -0.1594
vn -0.3378 0.9374 -0.0843
vn -0.7727 -0.6121 -0.1680
vn -0.3216 -0.7639 -0.5595
vn 0.3222 -0.7466 -0.5820
vn -0.9217 0.3648 0.1316
vn 0.9664 -0.2334 -0.1073
vn 0.6659 0.7102 0.2286
vn 0.2120 -0.9116 0.3522
vn -0.2050 -0.7755 0.5971
vn -0.9428 -0.3242 -0.0781
vn -0.9594 0.2213 -0.1749
vn 0.9724 -0.2293 0.0438
vn 0.8718 0.2606 0.4149
vn -0.6325 -0.7709 0.0754
vn -0.7439 0.4661 0.4789
vn -0.8480 -0.3540 -0.3946
vn -0.8127 0.4471 0.3735
vn -0.8594 0.2945 0.4179
vn -0.4839 0.1925 0.8537
vn -0.9055 0.1136 0.4089
vn -0.8522 -0.5230 -0.0177
vn -0.3581 0.5788 0.7327
vn -0.6297 -0.7462 -0.2160
vn -0.7893 -0.4618 -0.4047
vn 0.7744 -0.4605 -0.4339
vn 0.8718 0.2605 0.4149
vn 0.9839 -0.0501 -0.1714
vn 0.2928 0.9551 -0.0453
vn -0.2167 0.7284 0.6500
vn 0.0322 -0.9078 0.4181
vn -0.1637 -0.9794 0.1183
vn -0.3102 0.9505 0.0162
vn -0.9867 0.1006 -0.1279
vn -0.6471 0.7558 -0.1001
vn -0.8859 0.1939 0.4215
vn -0.9490 -0.0053 0.3153
vn 0.4416 -0.8958 0.0501
vn 0.0986 0.9928 -0.0682
vn 0.4755 -0.8255 -0.3042
vn -0.1482 0.9264 0.3463
vn 0.1154 -0.9762 0.1836
vn 0.8859 0.4283 0.1780
vn 0.9472 0.3141 0.0639
vn 0.6769 0.7261 -0.1210
vn -0.7877 -0.6124 0.0667
vn 0.7904 -0.4888 -0.3691
vn 0.6743 0.2629 0.6901
vn 0.1073 0.8653 0.4896
vn -0.9772 0.0789 -0.1972
vn 0.7266 -0.5142 -0.4556
vn 0.5721 0.8122 -0.1138
vn 0.0322 -0.9079 0.4180
vn -0.1299 -0.9751 0.1795
vn -0.0104 -0.9832 0.1822
vn -0.1299 -0.9752 0.1795
vn -0.9770 0.2130 -0.0062
vn 0.8421 0.4573 0.2859
vn -0.9053 0.3413 0.2530
vn 0.5255 -0.6552 -0.5428
vn 0.2997 0.8911 0.3407
vn -0.4008 -0.9156 -0.0304
vn -0.9861 -0.1044 -0.1289
vn -0.9949 0.0817 0.0590
vn -0.9543 -0.2168 0.2055
vn 0.9150 -0.3850 -0.1202
vn 0.1556 0.7471 0.6463
vn 0.3807 -0.8126 0.4413
vn -0.7365 -0.6654 -0.1214
vn 0.8601 -0.5061 0.0646
vn 0.9311 -0.3434 0.1231
vn 0.9974 0.0695 0.0190
vn 0.8815 -0.3259 -0.3417
vn 0.9286 0.1888 0.3194
vn 0.7045 -0.5528 -0.4450
vn -0.8934 -0.4486 0.0245
vn -0.1437 0.7384 0.6589
vn -0.0356 0.7679 0.6396
vn -0.0266 0.9938 -0.1081
vn 0.0517 0.7556 0.6530
vn -0.7263 -0.4204 -0.5439
vn -0.9354 -0.2798 -0.2160
vn -0.6709 -0.5179 -0.5307
vn -0.9332 -0.3458 0.0980
vn 0.2027 0.9683 -0.1462
vn -0.1436 0.7384 0.6589
vn -0.7734 0.5957 0.2168
vn -0.4307 0.7957 0.4260
vn -0.8811 -0.4286 -0.2000
vn 0.8074 0.0439 0.5883
vn 0.3159 0.5852 0.7468
vn 0.6163 0.7373 -0.2768
vn 0.8025 0.5286 0.2766
vn -0.8645 -0.4697 -0.1788
vn -0.9914 -0.0972 -0.0877
vn -0.5296 -0.8395 -0.1214
vn -0.2968 -0.7357 -0.6088
vn 0.9850 -0.1362 0.1058
vn 0.9002 0.3238 0.2912
vn 0.3387 -0.9362 -0.0942
vn 0.8094 -0.5503 -0.2048
vn -0.1520 0.8791 0.4518
vn -0.5440 -0.8304 -0.1205
vn -0.1733 0.9481 -0.2665
vn -0.8765 -0.4699 -0.1044
vn -0.4616 0.7441 -0.4830
vn -0.3714 -0.6512 -0.6618
vn 0.7493 -0.6462 -0.1453
vn 0.5556 -0.8192 -0.1422
vn 0.0798 -0.9914 -0.1033
vn 0.0799 -0.9914 -0.1032
vn -0.2872 -0.9509 -0.1153
vn 0.2181 0.6187 0.7547
vn -0.9932 0.0350 -0.1111
vn -0.7806 -0.4462 -0.4377
vn -0.9195 -0.2767 0.2792
vn -0.6900 -0.5436 -0.4778
vn -0.8352 -0.3247 -0.4439
vn 0.9661 -0.1911 -0.1733
vn 0.3159 0.5852 0.7469
vn 0.8209 0.4362 0.3686
vn -0.6822 0.6754 -0.2802
vn -0.9964 -0.0638 0.0555
vn 0.8784 0.4536 -0.1504
vn 0.3402 0.4872 0.8043
vn 0.3684 0.7556 0.5416
vn -0.8887 0.3600 0.2838
vn -0.9592 0.0738 0.2729
vn 0.4116 0.8796 -0.2386
vn -0.2167 0.7283 0.6501
vn -0.2062 -0.9697 0.1309
vn 0.0059 -0.9836 -0.1803
vn -0.9891 0.0427 -0.1407
vn -0.9233 0.1863 0.3360
vn 0.9552 0.0871 0.2829
vn -0.7472 0.4306 0.5061
vn -0.0608 -0.7095 0.7020
vn -0.1520 0.8790 0.4519
vn -0.1473 -0.2950 0.9441
vn 0.1513 -0.3161 0.9366
vn -0.9823 0.0906 -0.1642
vn 0.6709 0.6504 -0.3562
vn -0.2010 0.6176 0.7604
vn -0.1436 0.7383 0.6590
vn -0.0310 0.5098 0.8597
vn -0.9982 -0.0558 -0.0202
vn -0.1471 0.2260 0.9630
vn 0.2507 0.7372 0.6274
vn -0.7197 -0.4378 -0.5388
vn 0.9286 0.1888 0.3193
vn 0.9003 0.3238 0.2911
vn -0.2941 -0.7206 0.6279
vn 0.9810 -0.0574 -0.1852
vn 0.0210 -0.9530 0.3023
vn 0.1514 -0.3160 0.9366
vn -0.1666 -0.9549 0.2458
vn -0.9853 -0.0009 -0.1708
vn 0.5290 0.4078 0.7442
vn -0.6738 -0.4108 -0.6142
vn -0.9052 0.3413 0.2530
vn 0.7867 0.1615 0.5958
vn -0.1472 0.2259 0.9630
vn 0.0827 -0.8198 0.5666
vn -0.6266 -0.6883 0.3655
vn -0.7479 -0.3806 0.5439
vn -0.3223 -0.6426 -0.6951
vn 0.3451 -0.6410 -0.6856
vn -0.9557 0.2784 0.0952
vn 0.0516 0.7555 0.6531
vn -0.1732 0.9482 -0.2664
vn -0.0687 0.3275 0.9424
vn -0.9561 0.2235 0.1893
vn -0.8821 0.1564 0.4443
vn 0.8796 -0.2190 -0.4223
vn 0.6163 0.7372 -0.2768
vn 0.3258 0.6770 -0.6599
vn 0.4116 0.8796 -0.2387
vn 0.5022 -0.6987 0.5094
vn -0.0356 0.7678 0.6396
vn -0.0070 -0.9745 0.2244
vn 0.0210 -0.9530 0.3022
vn -0.0243 0.2615 0.9649
vn -0.7982 -0.4602 0.3887
vn 0.3028 -0.6611 -0.6865
vn -0.4278 -0.4854 0.7625
vn 0.1090 0.1343 0.9849
vn 0.1352 0.9231 -0.3601
vn -0.4527 0.8387 0.3028
vn -0.8646 -0.4696 -0.1788
vn -0.1473 0.2259 0.9629
vn 0.2357 0.4080 0.8821
vn 0.6768 0.7261 -0.1210
vn 0.6708 0.6504 -0.3563
vn -0.2501 0.3885 0.8869
vn 0.7304 -0.3703 0.5739
vn 0.0345 0.9572 -0.2873
vn -0.3606 0.0215 0.9325
vn -0.9433 -0.0850 -0.3209
vn 0.7889 0.4608 -0.4066
vn 0.8421 0.4573 0.2858
vn -0.0688 0.3274 0.9424
vn -0.9881 0.0544 -0.1441
vn 0.5166 -0.3528 0.7801
vn 0.7848 0.2749 0.5555
vn -0.3268 0.2801 0.9026
vn 0.2976 -0.4369 0.8489
vn -0.7423 0.0251 0.6696
vn -0.5617 0.6123 -0.5564
vn 0.7135 -0.2612 0.6502
vn 0.6590 -0.4758 -0.5826
vn 0.2352 0.7708 -0.5921
vn 0.9868 0.0599 -0.1504
vn 0.9770 -0.0437 -0.2086
vn 0.2027 0.9683 -0.1463
vn -0.0041 -0.9822 -0.1880
vn -0.0857 0.7823 -0.6170
vn -0.6266 -0.6883 0.3656
vn -0.7666 -0.3923 -0.5083
vn 0.1318 -0.3881 0.9121
vn -0.4539 0.0755 0.8879
vn -0.1476 -0.3729 0.9161
vn -0.2941 -0.7205 0.6280
vn -0.0243 0.2614 0.9649
vn -0.2585 0.6873 -0.6788
vn -0.7531 0.4545 -0.4756
vn 0.9280 0.0482 -0.3695
vn 0.9552 0.0871 0.2828
vn 0.6702 -0.0565 0.7400
vn -0.1475 -0.3729 0.9160
vn 0.2240 0.2918 0.9299
vn -0.9332 -0.3459 0.0980
vn -0.5319 -0.2677 0.8034
vn 0.3516 -0.5362 -0.7674
vn -0.7982 -0.4602 0.3888
vn 0.5518 0.6586 -0.5116
vn 0.3301 0.0631 0.9418
vn -0.0491 -0.9436 -0.3274
vn -0.0587 -0.9798 -0.1912
vn 0.7050 -0.4260 -0.5670
vn -0.4277 0.0998 0.8984
vn 0.0622 0.7650 -0.6410
vn -0.3537 -0.5401 -0.7637
vn -0.3714 -0.6512 -0.6619
vn 0.1686 0.7129 -0.6807
vn 0.1352 0.9230 -0.3602
vn -0.0049 -0.3992 0.9168
vn 0.8895 0.4312 0.1510
vn -0.4493 -0.8420 -0.2986
vn -0.4736 0.2108 0.8551
vn 0.3105 0.2460 0.9182
vn 0.2680 -0.1500 0.9517
vn 0.6742 0.2629 0.6902
vn 0.0622 0.7650 -0.6411
vn 0.1352 0.9230 -0.3601
vn -0.7479 -0.3806 0.5438
vn 0.3450 -0.0561 0.9369
vn 0.8692 0.2233 -0.4411
vn -0.3096 -0.0945 0.9462
vn -0.2260 -0.2078 0.9517
vn -0.0048 -0.3992 0.9168
vn -0.1559 0.6659 -0.7295
vn 0.6154 0.5006 -0.6089
vn 0.3301 0.6086 -0.7216
vn 0.2350 0.6176 -0.7505
vn 0.1074 0.8653 0.4896
vn -0.0207 0.9421 0.3348
vn -0.9378 -0.2786 -0.2073
vn 0.2609 0.0970 0.9605
vn 0.8815 -0.3259 -0.3418
vn 0.7050 -0.4259 -0.5670
vn 0.6656 -0.3405 -0.6641
vn 0.1831 -0.2155 0.9592
vn -0.8613 0.0215 -0.5076
vn 0.4251 0.8522 0.3050
vn -0.8305 0.2133 -0.5145
vn 0.6476 -0.3999 -0.6487
vn 0.0750 -0.9732 -0.2172
vn -0.9903 -0.1294 -0.0497
vn -0.9195 -0.2767 0.2793
vn -0.3160 0.5189 -0.7943
vn -0.8305 0.2133 -0.5146
vn -0.4657 0.7074 -0.5317
vn 0.9671 -0.0652 -0.2459
vn 0.1073 0.8653 0.4897
vn -0.0049 -0.3992 0.9169
vn -0.6883 -0.2718 -0.6726
vn 0.6621 0.3700 -0.6517
vn 0.5217 0.5963 -0.6101
vn 0.3671 0.6017 -0.7094
vn 0.6702 -0.0566 0.7400
vn 0.3402 0.4873 0.8043
vn 0.9784 0.1960 0.0661
vn -0.4306 0.7957 0.4260
vn -0.2385 0.5501 -0.8003
vn -0.7439 0.4662 0.4789
vn 0.4092 -0.3754 -0.8317
vn 0.7867 0.1614 0.5959
vn 0.6659 0.7101 0.2286
vn 0.8026 0.5286 0.2766
vn 0.9875 0.0110 -0.1575
vn 0.1268 0.6357 -0.7615
vn 0.1267 0.6357 -0.7615
vn -0.8264 -0.5308 -0.1880
vn -0.6736 0.7255 0.1408
vn -0.9232 0.1864 0.3360
vn -0.4127 -0.4350 -0.8003
vn 0.1829 0.9390 -0.2913
vn 0.7115 0.6723 0.2044
vn -0.5543 0.2147 -0.8042
vn -0.0857 0.7822 -0.6171
vn -0.9891 0.0426 -0.1407
vn -0.3296 -0.5785 -0.7461
vn -0.4034 0.4195 -0.8132
vn 0.7050 -0.1876 -0.6839
vn -0.1308 0.9837 -0.1233
vn 0.7326 0.0434 -0.6792
vn -0.4457 0.8752 -0.1883
vn -0.4658 0.7074 -0.5316
vn -0.5731 0.3590 -0.7367
vn 0.9922 0.0396 -0.1185
vn 0.1351 0.5460 -0.8268
vn -0.7760 0.5999 0.1947
vn -0.7545 0.0522 -0.6542
vn 0.6472 0.1854 -0.7395
vn 0.2888 0.4776 -0.8297
vn 0.5277 -0.6805 -0.5084
vn 0.5238 0.8385 -0.1500
vn 0.3484 0.3797 -0.8570
vn 0.9770 -0.0438 -0.2086
vn -0.5921 -0.5802 -0.5592
vn -0.0101 -0.9604 -0.2786
vn -0.4313 -0.3440 -0.8340
vn -0.8264 -0.5307 -0.1879
vn -0.1559 0.6659 -0.7296
vn -0.9925 0.0127 -0.1219
vn -0.7666 -0.3923 -0.5084
vn -0.7785 -0.4794 -0.4051
vn 0.3684 0.2472 -0.8962
vn 0.7532 0.6191 -0.2222
vn 0.4392 0.8897 -0.1246
vn 0.2454 -0.9068 -0.3427
vn -0.9666 -0.1492 -0.2085
vn 0.4223 -0.2726 -0.8645
vn 0.4134 -0.8491 -0.3288
vn -0.5749 -0.8157 -0.0639
vn -0.5683 -0.6776 -0.4668
vn 0.6898 -0.5828 -0.4295
vn 0.2019 0.4820 -0.8526
vn 0.5887 -0.7233 -0.3609
vn -0.1178 -0.9459 -0.3022
vn -0.9914 0.0377 -0.1256
vn -0.7851 -0.5254 -0.3279
vn -0.3956 0.0336 -0.9178
vn 0.3749 0.1143 -0.9200
vn 0.8709 -0.4655 -0.1574
vn -0.3688 0.8037 -0.4670
vn -0.3722 -0.2204 -0.9016
vn 0.3976 -0.1055 -0.9115
vn 0.0211 -0.9607 -0.2767
vn -0.3286 0.2424 -0.9128
vn 0.7034 -0.4006 -0.5872
vn -0.9816 -0.1334 -0.1363
vn -0.4994 0.6300 -0.5947
vn 0.4556 0.5530 -0.6976
vn 0.9734 -0.1513 -0.1719
vn 0.5277 -0.6806 -0.5083
vn 0.7180 0.6384 -0.2776
vn 0.2930 0.9172 0.2700
vn 0.5166 -0.8106 -0.2757
vn 0.0425 0.9964 -0.0734
vn -0.8718 -0.4702 -0.1373
vn -0.7388 0.6525 -0.1684
vn 0.5631 0.4410 -0.6989
vn 0.4747 0.7720 -0.4227
vn -0.4530 0.8459 0.2814
vn -0.5796 0.2290 -0.7820
vn 0.6956 -0.7102 -0.1085
vn 0.3319 0.8267 -0.4544
vn -0.4765 0.8688 -0.1349
vn -0.7280 -0.3554 -0.5863
vn -0.5072 0.4691 -0.7230
vn -0.9008 -0.2358 -0.3648
vn -0.3027 -0.1403 -0.9427
vn 0.5767 -0.8163 -0.0333
vn 0.3319 0.8267 -0.4543
vn -0.8505 0.5060 -0.1437
vn -0.9816 -0.1335 -0.1363
vn -0.6635 -0.7241 -0.1882
vn -0.3364 -0.0778 -0.9385
vn -0.7907 -0.0073 -0.6122
vn 0.7464 -0.2358 -0.6223
vn 0.8805 -0.4731 -0.0310
vn 0.9341 -0.2588 -0.2461
vn 0.3709 0.2626 -0.8908
vn -0.7611 0.4484 -0.4687
vn -0.3163 -0.0174 -0.9485
vn -0.8052 -0.5915 -0.0412
vn -0.8848 -0.4465 -0.1332
vn -0.8712 0.1531 -0.4664
vn 0.7273 -0.0486 -0.6846
vn 0.8507 0.3338 -0.4061
vn 0.9912 0.0613 -0.1172
vn 0.7403 0.6687 -0.0693
vn -0.9867 0.0115 -0.1623
vn 0.8395 0.1178 -0.5304
vn 0.9912 0.0613 -0.1171
vn 0.5474 0.8079 -0.2184
vn 0.9974 -0.0668 -0.0288
vn -0.5694 0.7968 -0.2023
vn 0.7095 -0.5332 -0.4608
vn -0.9348 -0.3208 -0.1524
vn 0.0234 -0.9640 -0.2648
vn -0.4696 0.8275 -0.3079
vn 0.9872 -0.1352 -0.0845
vn 0.9434 -0.3042 -0.1324
vn -0.7445 0.3883 -0.5431
vn -0.5797 0.2291 -0.7820
vn 0.8757 0.4777 -0.0706
vn 0.6902 0.7190 -0.0815
vn 0.9734 -0.1512 -0.1719
vn -0.8508 0.5252 -0.0155
vn -0.9917 -0.0292 -0.1251
vn 0.8478 0.1788 -0.4993
vn 0.8054 0.2893 -0.5174
vn 0.9885 -0.0348 -0.1471
vn 0.1226 -0.9361 -0.3298
vn 0.9117 0.3849 -0.1436
vn -0.9914 0.0377 -0.1257
vn -0.9877 0.0488 -0.1486
vn -0.8713 0.1531 -0.4663
vn -0.8336 0.2532 -0.4909
vn -0.8858 0.1420 -0.4417
vn -0.8514 0.5246 0.0006
vn -0.9225 0.3842 -0.0369
vn 0.8680 0.0105 -0.4965
vn 0.4375 0.8930 -0.1056
vn -0.8491 0.5260 -0.0479
vn -0.9008 -0.2357 -0.3647
vn -0.8404 -0.1211 -0.5283
vn -0.9348 -0.3209 -0.1524
vn -0.1887 0.9463 0.2625
vn -0.5511 -0.8295 -0.0909
vn -0.7494 0.5748 -0.3286
vn -0.9917 -0.0291 -0.1252
vn -0.8858 0.1419 -0.4418
vn -0.9539 -0.2870 -0.0875
vn -0.8718 -0.4702 -0.1374
vn -0.9903 -0.1295 -0.0498
vn 0.8265 0.5613 -0.0417
vn 0.7734 0.6017 -0.1993
vn 0.5283 0.8071 -0.2636
vn 0.9610 0.2696 0.0620
vn -0.6269 0.7561 0.1879
vn -0.5648 0.6516 -0.5064
vn 0.8273 0.5586 -0.0598
vn -0.9877 0.0487 -0.1486
vn -0.9595 0.1885 0.2095
vn 0.8277 0.5565 -0.0725
vn 0.9904 0.0850 -0.1090
vn -0.5434 -0.8049 -0.2382
vn -0.9733 -0.1058 -0.2037
vn -0.9816 -0.1335 -0.1362
vn 0.9740 -0.1851 0.1309
vn 0.9950 0.0994 -0.0101
vn -0.5434 -0.8050 -0.2383
vn -0.9733 -0.1057 -0.2037
vn -0.9992 -0.0294 0.0262
vn -0.9595 0.1885 0.2094
vn -0.9877 0.0487 -0.1485
vn -0.9883 0.1118 -0.1040
vn -0.1933 -0.8971 -0.3974
vn 0.4373 -0.6612 -0.6096
vn -0.0483 -0.9915 -0.1210
vn -0.9554 0.2950 -0.0100
vn 0.6666 -0.3641 -0.6504
vn -0.5979 -0.4734 -0.6469
vn -0.6635 -0.7241 -0.1883
vn -0.8848 -0.4465 -0.1333
vn 0.7522 -0.1393 -0.6441
vn 0.6540 0.3679 -0.6610
vn 0.6600 0.5719 -0.4873
vn -0.9883 0.1119 -0.1040
vn 0.6956 0.6027 -0.3911
vn 0.9904 0.0850 -0.1089
vn 0.4835 0.8550 0.1875
vn -0.9834 -0.1359 -0.1202
vn -0.4243 -0.6083 -0.6708
vn 0.6869 0.5951 -0.4172
vn 0.3590 0.6226 -0.6953
vn 0.1148 -0.8850 -0.4512
vn 0.7034 -0.2485 -0.6659
vn 0.5237 0.5087 -0.6833
vn 0.9793 -0.0990 -0.1763
vn -0.9605 -0.1076 -0.2567
vn 0.4979 -0.5204 -0.6937
vn -0.9251 0.3695 0.0882
vn -0.2537 -0.8843 -0.3919
vn -0.9502 -0.1229 -0.2864
vn -0.6598 -0.3497 -0.6651
vn -0.7029 -0.2242 -0.6751
vn -0.7396 0.0246 -0.6726
vn 0.9470 -0.1397 -0.2891
vn 0.8764 0.4617 -0.1368
vn -0.9554 0.2951 -0.0100
vn -0.9870 0.0873 -0.1348
vn 0.6306 0.2207 -0.7441
vn 0.3929 0.6093 -0.6888
vn 0.0783 -0.9955 0.0532
vn -0.7348 0.4352 -0.5203
vn 0.5266 -0.7721 -0.3557
vn 0.5976 -0.7715 -0.2182
vn 0.8709 -0.4656 -0.1574
vn -0.3536 0.5980 -0.7193
vn -0.9666 0.1285 -0.2216
vn -0.4977 -0.5292 -0.6873
vn 0.8897 -0.4390 -0.1256
vn 0.9973 -0.0668 -0.0288
vn 0.9580 0.0969 -0.2698
vn -0.6270 0.7561 0.1879
vn -0.9250 0.3695 0.0882
vn -0.9870 0.0873 -0.1349
vn -0.5934 0.4785 -0.6473
vn 0.6831 -0.1795 -0.7080
vn 0.9299 -0.1833 -0.3188
vn 0.9828 0.0977 -0.1570
vn 0.0148 0.9755 0.2194
vn 0.5038 -0.4058 -0.7626
vn 0.9804 -0.0020 -0.1968
vn 0.9078 0.1360 -0.3967
vn 0.7670 0.5638 -0.3064
vn 0.2259 0.9316 -0.2848
vn 0.9610 0.2695 0.0620
vn 0.7724 0.6212 0.1326
vn -0.0920 -0.9911 0.0960
vn -0.1270 -0.9550 -0.2679
vn -0.0492 -0.9436 -0.3274
vn -0.4001 0.8867 -0.2319
vn -0.9070 0.3516 -0.2318
vn -0.1164 -0.8160 -0.5662
vn 0.4200 -0.5359 -0.7324
vn 0.9821 0.1729 0.0748
vn 0.9961 -0.0771 -0.0431
vn 0.2324 -0.9353 -0.2667
vn -0.9785 -0.0347 -0.2032
vn -0.3612 0.4183 -0.8334
vn -0.6163 0.1720 -0.7685
vn 0.6949 0.0956 -0.7128
vn 0.5577 -0.2741 -0.7835
vn -0.1329 0.9843 -0.1158
vn 0.9474 -0.1345 -0.2905
vn 0.2280 0.5746 -0.7860
vn 0.4398 0.6293 -0.6407
vn -0.9090 -0.1038 -0.4037
vn 0.9995 -0.0313 -0.0012
vn 0.2095 -0.7899 -0.5764
vn -0.7811 -0.6016 -0.1675
vn 0.8653 -0.1230 -0.4859
vn 0.4398 0.6293 -0.6408
vn 0.9069 0.1924 -0.3748
vn 0.6796 0.7324 -0.0422
vn -0.4123 -0.7260 -0.5504
vn -0.6162 0.1719 -0.7686
vn 0.6500 0.4336 -0.6240
vn 0.9860 0.0448 -0.1605
vn -0.7407 0.6718 0.0018
vn -0.5448 -0.1178 -0.8303
vn 0.7040 -0.0784 -0.7058
vn 0.0841 -0.7868 -0.6114
vn -0.2536 -0.8844 -0.3919
vn -0.9792 -0.1983 0.0432
vn -0.6968 0.1916 -0.6912
vn -0.3958 0.7898 -0.4686
vn 0.9535 -0.0659 -0.2942
vn 0.0732 0.8865 -0.4570
vn -0.9924 0.1229 0.0096
vn -0.4751 -0.4960 -0.7268
vn 0.5118 -0.3043 -0.8034
vn 0.9804 -0.0021 -0.1968
vn 0.9299 -0.1832 -0.3188
vn 0.9828 0.0976 -0.1570
vn 0.3347 0.0977 -0.9372
vn 0.5032 -0.0942 -0.8590
vn 0.1575 0.4220 -0.8928
vn -0.3453 0.6144 -0.7095
vn -0.1642 -0.9676 0.1920
vn -0.1144 0.5639 -0.8179
vn -0.9427 0.0709 -0.3261
vn -0.6471 -0.1389 -0.7496
vn -0.7254 -0.0028 -0.6884
vn -0.5620 -0.2671 -0.7828
vn 0.9683 0.0259 -0.2483
vn -0.4445 0.8742 0.1953
vn -0.4798 -0.3385 -0.8094
vn -0.6063 -0.2462 -0.7562
vn -0.9599 0.0666 -0.2722
vn 0.6868 0.2783 -0.6715
vn 0.9853 0.0246 -0.1693
vn -0.7893 0.6016 0.1230
vn 0.9233 -0.3803 0.0542
vn 0.1551 -0.9704 0.1851
vn -0.9615 -0.0085 -0.2747
vn 0.9495 0.3066 -0.0662
vn 0.2750 -0.9525 -0.1309
vn -0.0050 -0.9817 0.1906
vn -0.0919 -0.9911 0.0960
vn -0.0051 -0.9817 0.1905
vn -0.6432 0.7586 0.1038
vn -0.3958 0.7898 -0.4685
vn -0.6769 0.0884 -0.7307
vn 0.6672 0.7047 0.2412
vn -0.0281 0.3326 -0.9427
vn -0.4123 -0.7259 -0.5504
vn -0.8137 -0.3550 -0.4602
vn -0.0658 -0.6624 -0.7462
vn -0.9605 -0.1075 -0.2567
vn -0.8129 -0.2315 -0.5345
vn -0.9898 -0.0773 -0.1198
vn 0.2439 0.9571 0.1562
vn 0.2439 0.9571 0.1563
vn 0.7608 0.4370 -0.4799
vn 0.6898 -0.4421 -0.5733
vn -0.0280 0.3325 -0.9427
vn 0.2067 0.8004 -0.5626
vn -0.0208 -0.9003 -0.4348
vn -0.5276 0.7719 -0.3547
vn -0.0105 -0.9003 -0.4352
vn -0.7228 -0.5600 -0.4049
vn -0.9430 0.1835 -0.2777
vn -0.1144 0.5638 -0.8179
vn 0.3173 0.9069 0.2773
vn -0.9735 0.0476 -0.2239
vn -0.6467 0.7387 0.1901
vn -0.4172 -0.8802 -0.2262
vn -0.9735 0.0476 -0.2238
vn 0.9852 0.0246 -0.1694
vn 0.0841 -0.7868 -0.6115
vn 0.0774 -0.6195 -0.7812
vn -0.6769 0.0883 -0.7307
vn 0.3531 0.0487 -0.9343
vn -0.5589 -0.0022 -0.8292
vn -0.5594 0.0285 -0.8284
vn -0.5595 0.0284 -0.8284
vn 0.8705 -0.3604 -0.3351
vn 0.2320 -0.3056 -0.9235
vn -0.0152 0.4303 -0.9026
vn 0.8667 0.4911 0.0873
vn -0.2627 -0.2906 -0.9201
vn -0.3638 0.0124 -0.9314
vn 0.3728 0.0213 -0.9277
vn 0.3469 0.0494 -0.9366
vn 0.3856 -0.5623 -0.7315
vn 0.0117 0.1714 -0.9851
vn 0.0599 -0.0563 -0.9966
vn 0.0769 0.3377 -0.9381
vn -0.0281 0.3326 -0.9426
vn 0.6898 -0.4421 -0.5734
vn 0.7069 0.1676 0.6872
vn -0.7893 0.6016 0.1229
vn -0.0550 0.0707 -0.9960
vn 0.2649 -0.1068 -0.9583
vn 0.9985 -0.0539 0.0125
vn -0.0016 0.1201 -0.9928
vn 0.0193 -0.3317 -0.9432
vn 0.0599 -0.0564 -0.9966
vn -0.0472 0.3706 -0.9276
vn -0.1246 -0.2975 -0.9466
vn -0.0226 0.1777 -0.9838
vn -0.1294 0.9654 0.2263
vn -0.8152 0.5747 -0.0723
vn -0.2697 0.0368 -0.9622
vn -0.2965 -0.1003 -0.9498
vn 0.8902 0.4534 -0.0447
vn 0.6028 0.1411 -0.7853
vn 0.5854 -0.2348 0.7760
vn -0.0209 -0.9003 -0.4347
vn 0.3624 -0.8777 0.3136
vn -0.9253 -0.1195 0.3600
vn -0.9430 0.1835 -0.2776
vn -0.7146 0.6112 0.3401
vn 0.2537 -0.1890 -0.9486
vn -0.1610 -0.1860 -0.9693
vn 0.8848 -0.3838 -0.2644
vn 0.2866 -0.8663 -0.4091
vn 0.8355 -0.0481 -0.5474
vn -0.9525 -0.2684 0.1436
vn 0.8052 -0.2101 -0.5545
vn -0.0016 0.1202 -0.9927
vn 0.1096 -0.2840 -0.9525
vn 0.1032 -0.9714 0.2138
vn -0.0647 -0.4221 -0.9042
vn -0.0570 0.1676 -0.9842
vn -0.1926 0.0936 -0.9768
vn -0.0519 0.2178 -0.9746
vn -0.6651 -0.2332 -0.7094
vn 0.1969 0.0111 -0.9804
vn 0.6838 0.0947 -0.7235
vn 0.0963 0.1118 -0.9891
vn 0.1428 -0.1450 -0.9791
vn 0.7669 -0.6275 0.1348
vn 0.0116 0.1714 -0.9851
vn 0.9576 0.2856 0.0376
vn -0.0394 -0.2348 -0.9713
vn 0.8961 -0.4040 0.1839
vn 0.3508 -0.8800 -0.3201
vn -0.7525 -0.5400 -0.3770
vn 0.3468 0.0494 -0.9366
vn 0.2866 -0.8663 -0.4090
vn -0.1494 0.9365 0.3172
vn -0.6466 0.7387 0.1901
vn 0.8355 -0.0481 -0.5473
vn 0.0727 0.1496 -0.9861
vn 0.5854 -0.2349 0.7760
vn -0.9997 -0.0200 0.0140
vn -0.4260 -0.9008 -0.0846
vn 0.1173 -0.1961 -0.9735
vn 0.0225 0.5251 -0.8507
vn -0.1516 -0.1977 -0.9685
vn -0.1456 0.0983 -0.9844
vn -0.1560 -0.0513 -0.9864
vn 0.1038 0.1702 -0.9799
vn -0.8308 0.1875 0.5240
vn 0.1427 -0.1450 -0.9791
vn -0.0245 0.2075 -0.9779
vn 0.6286 0.7408 -0.2369
vn -0.1777 0.8322 -0.5252
vn -0.1455 0.0983 -0.9845
vn -0.0679 -0.9484 -0.3096
vn 0.2866 -0.8664 -0.4090
vn 0.1800 -0.9267 -0.3298
vn 0.7195 0.1420 -0.6799
vn 0.0785 0.0357 -0.9963
vn 0.7195 0.1419 -0.6799
vn 0.9959 -0.0166 0.0892
vn -0.0005 -0.1039 -0.9946
vn -0.9190 0.3250 0.2232
vn -0.8359 0.2227 -0.5017
vn -0.1300 -0.0002 -0.9915
vn 0.3507 -0.8801 -0.3201
vn 0.4500 0.8923 -0.0348
vn -0.8944 -0.0100 -0.4471
vn 0.5223 -0.8161 0.2474
vn 0.7535 0.1275 0.6449
vn 0.9089 -0.0193 -0.4165
vn -0.0092 0.0602 -0.9981
vn -0.8895 0.2163 -0.4025
vn 0.1458 0.9845 -0.0975
vn 0.6286 0.7408 -0.2368
vn -0.0138 0.9980 -0.0616
vn -0.1776 0.8322 -0.5253
vn -0.2354 -0.7715 0.5911
vn -0.7227 -0.5601 -0.4049
vn 0.8848 -0.3837 -0.2645
vn 0.8605 0.2533 -0.4420
vn 0.1886 0.8826 0.4306
vn 0.2066 0.8004 -0.5627
vn -0.1067 0.9873 -0.1180
vn -0.8714 -0.4792 0.1053
vn -0.6072 -0.7266 0.3217
vn -0.1173 -0.9697 0.2144
vn -0.9435 -0.3314 0.0060
vn 0.9929 0.1166 -0.0216
vn -0.7199 0.6841 -0.1170
vn -0.9912 0.0200 0.1311
vn -0.1034 -0.9796 -0.1721
vn 0.2328 0.9224 0.3082
vn 0.6951 -0.3885 -0.6049
vn 0.9894 0.0396 0.1400
vn -0.0457 -0.9344 0.3533
vn -0.1755 -0.9486 -0.2632
vn 0.4527 0.6810 0.5755
vn -0.6522 -0.1733 0.7379
vn -0.6484 -0.7602 -0.0411
vn -0.5026 -0.4098 0.7613
vn -0.4602 0.3773 0.8037
vn 0.9021 -0.1420 0.4075
vn -0.9970 0.0761 -0.0155
vn -0.1658 0.9690 0.1830
vn 0.9867 0.1473 0.0683
vn 0.1232 0.0046 0.9924
vn 0.3239 -0.1809 0.9286
vn 0.9963 -0.0659 0.0547
vn 0.0467 0.7923 0.6084
vn 0.3240 -0.1809 0.9286
vn -0.0152 0.0363 0.9992
vn -0.3510 -0.7980 0.4900
vn -0.5234 0.7675 0.3702
vn -0.1818 0.0071 0.9833
vn -0.7866 -0.0410 0.6161
vn -0.7745 -0.1521 0.6140
vn -0.1907 0.9405 0.2811
vn -0.9511 0.2959 0.0887
vn 0.0435 0.9326 0.3582
vn 0.4291 -0.8970 0.1060
vn -0.5666 -0.5186 -0.6403
vn 0.9922 0.1235 0.0173
vn 0.0247 -0.9992 0.0329
vn -0.4959 0.8449 -0.2004
vn -0.3961 -0.4999 0.7702
vn 0.0005 0.9868 -0.1621
vn -0.6740 0.7387 -0.0051
vn -0.0081 0.8976 0.4407
vn -0.9970 0.0762 -0.0155
vn -0.9995 -0.0200 0.0226
vn 0.6202 0.6831 -0.3858
vn 0.9899 -0.1405 -0.0192
vn 0.9996 0.0038 0.0297
vn 0.0663 0.9975 -0.0224
vn 0.2670 0.3760 0.8873
vn -0.0855 -0.9961 -0.0220
vn 0.8943 0.0664 -0.4426
vn 0.2225 0.9576 0.1829
vn -0.1079 -0.3697 0.9229
vn -0.5787 -0.6890 0.4363
vn 0.3381 -0.3149 0.8869
vn 0.0246 -0.9992 0.0329
vn 0.9989 0.0452 -0.0107
vn 0.6688 0.7335 -0.1212
vn -0.0632 0.6461 0.7607
vn 0.1852 0.0543 0.9812
vn 0.7998 -0.5966 -0.0665
vn 0.9936 0.0541 -0.0994
vn 0.9628 -0.2632 0.0614
vn 0.9104 0.0461 0.4111
vn -0.5234 0.7675 0.3701
vn -0.0384 -0.9859 0.1626
vn 0.1044 -0.9308 0.3503
vn -0.9867 0.1626 -0.0006
vn -0.9955 0.0849 -0.0428
vn 0.2234 -0.7530 0.6189
vn 0.1816 -0.2357 0.9547
vn 0.1535 0.2135 0.9648
vn 0.8199 0.3706 0.4363
vn -0.0457 -0.9344 0.3534
vn -0.7416 0.4767 0.4721
vn -0.4905 -0.1907 0.8503
vn -0.1396 0.3748 0.9165
vn 0.7355 -0.6079 -0.2991
vn 0.7681 -0.0738 0.6361
vn 0.6590 -0.2167 0.7203
vn -0.2094 -0.2963 0.9319
vn -0.8233 0.4003 -0.4024
vn -0.1495 -0.9320 0.3301
vn 0.5570 0.5243 0.6441
vn 0.3639 -0.8786 0.3092
vn -0.7076 -0.3928 0.5874
vn -0.8811 -0.0488 0.4704
vn -0.6001 0.6174 0.5085
vn 0.9402 0.1784 0.2902
vn 0.3803 -0.2962 0.8762
vn 0.9250 -0.2284 0.3038
vn 0.7556 0.5392 0.3719
vn -0.7077 -0.3928 0.5873
vn -0.9473 -0.1028 0.3036
vn -0.3997 0.7468 0.5316
vn -0.9964 0.0191 0.0823
vn 0.9953 -0.0245 0.0932
vn 0.7556 0.5393 0.3718
vn -0.8421 -0.4853 0.2351
vn -0.1264 0.9258 0.3561
vn -0.9589 -0.1861 -0.2141
vn 0.1828 0.9043 0.3858
vn 0.4638 -0.3115 0.8294
vn 0.6063 -0.2781 0.7450
vn 0.8203 0.2963 0.4892
vn -0.8292 0.3408 0.4431
vn -0.8617 -0.1751 0.4762
vn 0.9332 -0.1112 0.3416
vn 0.5544 -0.7736 0.3069
vn -0.9350 -0.1129 0.3362
vn -0.9690 -0.1808 0.1683
vn -0.7714 -0.1934 0.6063
vn -0.9618 -0.2723 0.0268
vn 0.1611 0.9587 -0.2343
vn -0.9981 -0.0194 0.0580
vn 0.9927 -0.0420 0.1132
vn 0.0261 -0.8657 0.4999
vn 0.2540 -0.9534 0.1627
vn -0.3461 -0.8796 0.3265
vn 0.7523 0.5906 0.2919
vn 0.9772 0.2001 0.0703
vn 0.2540 -0.9534 0.1628
vn 0.8531 0.4870 0.1872
vn 0.0982 -0.9939 -0.0504
vn -0.0383 -0.9859 0.1627
vn -0.6978 0.0039 0.7162
vn -0.5873 0.4709 0.6583
vn 0.2541 -0.9534 0.1628
vn 0.1884 -0.3431 0.9202
vn 0.6772 -0.0818 0.7313
vn -0.6461 -0.7267 0.2332
vn -0.8810 0.4549 0.1297
vn -0.9985 -0.0229 0.0506
vn -0.9776 0.1942 0.0808
vn 0.0147 -0.8458 0.5333
vn 0.6394 -0.7336 0.2304
vn 0.0850 0.9682 -0.2354
vn -0.1736 -0.7265 0.6649
vn -0.1439 -0.3342 0.9315
vn -0.1602 0.9238 0.3476
vn -0.1737 -0.7264 0.6649
vn -0.9536 0.2054 -0.2202
vn 0.0148 -0.8458 0.5332
vn 0.9338 -0.3575 -0.0134
vn 0.6064 -0.2780 0.7450
vn -0.4647 -0.4200 0.7795
vn -0.5787 -0.6891 0.4362
vn -0.5661 -0.2818 0.7747
vn 0.9661 0.0803 -0.2454
vn 0.9952 -0.0111 0.0970
vn -0.0391 -0.9760 0.2141
vn -0.9947 -0.0370 0.0960
vn -0.4253 -0.7908 0.4402
vn -0.9343 -0.1683 -0.3142
vn 0.5577 -0.3076 0.7709
vn 0.9900 -0.0493 0.1322
vn 0.4861 -0.3967 0.7787
vn 0.9989 0.0423 -0.0203
vn 0.1116 -0.9190 0.3781
vn 0.4261 -0.2920 0.8562
vn -0.0036 0.5905 0.8071
vn -0.6656 -0.1237 0.7360
vn -0.5719 0.8184 0.0553
vn -0.6978 0.0040 0.7163
vn -0.9956 0.0653 -0.0667
vn -0.5195 0.1326 0.8441
vn -0.9956 0.0652 -0.0667
vn 0.9545 -0.1492 -0.2581
vn 0.6280 0.7530 0.1965
vn 0.4220 -0.6001 0.6796
vn 0.8650 0.1655 0.4738
vn -0.0407 0.9871 -0.1547
vn 0.7125 -0.6419 0.2833
vn -0.9879 -0.0638 0.1414
vn 0.9989 0.0424 -0.0203
vn 0.7125 -0.6420 0.2833
vn -0.4291 -0.6064 0.6695
vn -0.9951 -0.0228 0.0967
vn 0.9988 -0.0496 0.0033
vn -0.2198 -0.8003 0.5579
vn -0.4646 -0.4200 0.7795
vn -0.3538 -0.3531 0.8661
vn -0.9969 0.0771 0.0163
vn 1.0000 -0.0017 0.0060
vn 0.5433 -0.8354 -0.0831
vn 0.0296 -0.4728 0.8807
vn -0.4253 -0.7908 0.4403
vn 0.6099 -0.6265 0.4854
vn -0.0933 -0.7947 0.5998
vn 0.2274 -0.6889 0.6883
vn -0.1019 0.9589 -0.2648
vn -0.9999 -0.0147 -0.0058
vn 0.4761 0.8787 0.0346
vn -0.3035 -0.3199 0.8975
vn -0.9999 0.0100 0.0018
vn 0.9972 0.0745 0.0010
vn 0.9773 -0.2106 0.0233
vn 0.0842 -0.1544 0.9844
vn 0.6318 0.0188 0.7749
vn -0.3427 -0.9323 -0.1158
vn -0.9103 0.1557 0.3836
vn 0.4079 -0.4180 0.8117
vn -0.8405 -0.4827 0.2462
vn -0.9291 -0.3387 0.1488
vn 0.9118 0.2085 0.3538
vn 0.9983 0.0532 0.0224
vn -0.0011 0.9762 -0.2167
vn -0.8234 0.5131 0.2426
vn -0.9870 -0.0289 -0.1583
vn 0.9571 -0.2896 -0.0060
vn -0.0018 -0.9728 -0.2315
vn -0.9962 -0.0764 -0.0421
vn 0.1228 -0.5202 0.8452
vn -0.4290 -0.6064 0.6695
vn -0.1380 -0.5288 0.8375
vn -1.0000 0.0018 -0.0020
vn -1.0000 -0.0038 0.0024
vn 0.9720 -0.0238 -0.2338
vn 0.0106 -0.7782 0.6280
vn -0.6540 -0.7441 0.1359
vn -0.9735 -0.2181 -0.0681
vn -0.9986 0.0327 -0.0404
vn 0.9996 0.0273 0.0075
vn -0.0078 -0.6847 0.7288
vn 0.1115 -0.9190 0.3781
vn -0.2198 -0.8002 0.5580
vn -0.0078 -0.6847 0.7287
vn -0.6540 -0.7442 0.1358
vn -0.9385 0.0972 -0.3312
vn 0.8650 0.1655 0.4737
vn 0.7252 -0.6427 -0.2472
vn 0.8563 0.3273 -0.3994
vn 0.2336 0.9185 0.3190
vn 0.9973 -0.0611 0.0408
vn 0.9258 -0.3109 -0.2151
vn 0.2138 -0.9535 0.2124
vn -0.4509 -0.8921 -0.0288
vn -0.9567 -0.2471 -0.1537
vn -0.9761 -0.2119 -0.0480
vn -1.0000 0.0031 -0.0008
vn 0.2138 -0.9535 0.2125
vn -0.0088 -0.9584 0.2853
vn -0.0135 -0.7198 0.6940
vn 0.9969 -0.0098 -0.0782
vn -0.2136 -0.6651 0.7155
vn 0.6902 0.2613 -0.6748
vn -0.9987 0.0149 -0.0479
vn 0.0145 0.9781 -0.2076
vn -0.9985 0.0127 -0.0542
vn -0.1022 0.8588 -0.5020
vn 0.9798 -0.1905 -0.0613
vn 0.7252 -0.6426 -0.2473
vn -0.0202 -0.9925 -0.1206
vn 0.2304 -0.9632 -0.1382
vn -0.9999 -0.0096 -0.0118
vn 1.0000 0.0022 0.0011
vn 0.2304 -0.9632 -0.1381
vn 0.0126 0.9341 -0.3569
vn -0.0102 0.9260 -0.3773
vn -0.0830 -0.9661 -0.2443
vn -0.9567 -0.2471 -0.1536
vn -0.9735 -0.2181 -0.0682
vn -0.3427 -0.9323 -0.1159
vn -0.8308 -0.5393 -0.1377
vn 0.1475 0.7514 0.6432
vn 0.0398 -0.6960 0.7169
vn 0.0547 0.8533 -0.5186
vn 0.6976 -0.3145 -0.6438
vn 0.1395 -0.2436 -0.9598
vn -0.1107 0.8534 0.5093
vn 0.7251 -0.6427 -0.2472
vn 0.1394 -0.2437 -0.9598
vn -1.0000 -0.0042 -0.0013
vn 0.9994 -0.0191 0.0301
vn 0.9989 0.0424 -0.0204
vn 0.7827 -0.6035 -0.1524
vn 0.6556 0.4556 -0.6021
vn -0.7470 -0.3128 -0.5867
vn -0.0080 0.7271 0.6864
vn 0.9408 0.1908 -0.2800
vn -0.0009 -0.9668 -0.2555
vn -0.8929 -0.3280 0.3084
vn -0.1106 0.8534 0.5093
vn -1.0000 0.0008 0.0036
vn 0.9960 0.0544 0.0704
vn 0.0693 0.6922 -0.7183
vn 0.5541 -0.4506 0.7000
vn 0.0107 -0.9495 -0.3136
vn 0.7826 -0.6036 -0.1524
vn -0.1014 0.5643 0.8193
vn 0.0033 0.4358 0.9000
vn -0.0612 -0.5062 -0.8603
vn -0.9779 0.0803 0.1930
vn 0.3783 0.3553 -0.8548
vn 0.9989 0.0451 -0.0107
vn 0.1678 0.4838 0.8589
vn -0.3331 0.3744 -0.8654
vn 0.0417 -0.1268 0.9910
vn 0.0157 0.5262 0.8502
vn -0.0107 0.0887 0.9960
vn -0.7379 -0.3549 0.5740
vn 0.4308 0.6703 0.6043
vn -0.0603 -0.1549 0.9861
vn -0.3009 -0.0150 0.9535
vn -0.2766 0.7006 0.6578
vn -0.9779 0.0804 0.1930
vn -0.9997 0.0146 0.0190
vn 0.1196 -0.1690 0.9783
vn 0.9897 0.0186 0.1417
vn 0.7041 -0.6561 -0.2715
vn -0.0240 0.5889 -0.8079
vn 0.6902 0.2612 -0.6748
vn -0.9715 0.0330 0.2347
vn -0.3009 -0.0151 0.9535
vn -0.2766 0.7005 0.6578
vn 1.0000 0.0002 0.0014
vn -0.0206 -0.1121 0.9935
vn 0.0692 0.2144 0.9743
vn -0.1228 0.2032 0.9714
vn 0.3782 0.3553 -0.8548
vn 0.6514 0.1926 0.7339
vn 0.9971 -0.0169 0.0742
vn 0.2080 0.2630 0.9421
vn -0.3146 0.4018 0.8600
vn 0.0077 0.1240 0.9923
vn -0.6162 -0.0608 0.7852
vn 0.1416 -0.0330 0.9894
vn -0.0427 0.4121 -0.9101
vn -0.8929 -0.3279 0.3084
vn -0.6161 -0.0608 0.7853
vn 0.0692 0.2143 0.9743
vn 0.6514 0.1925 0.7339
vn -0.0205 -0.1120 0.9935
vn 0.9998 0.0044 0.0212
vn -0.9997 0.0091 -0.0229
vn -0.1228 0.2031 0.9714
vn -0.9767 -0.1934 -0.0927
vn 0.9998 0.0044 0.0213
vn -0.0011 -0.9297 -0.3682
vn 0.9996 0.0059 -0.0271
vn 0.9754 0.1973 0.0984
vn 0.0694 0.6922 -0.7184
vn -0.0240 0.5888 -0.8079
vn -0.8974 0.3892 0.2079
vn -0.3147 0.4018 0.8600
vn -0.1796 0.2530 -0.9507
vn 0.9897 0.0186 0.1418
vn 0.9928 0.1077 0.0527
vn 0.0093 -0.9052 -0.4250
vn 0.0104 -0.2711 -0.9625
vn -0.7379 -0.3549 0.5741
vn -0.9992 0.0003 0.0390
vn 0.9257 -0.3013 -0.2285
vn 0.3674 0.5661 -0.7379
vn 0.0099 0.3684 -0.9296
vn -0.0359 0.6154 -0.7874
vn -0.0643 -0.0421 -0.9970
vn -1.0000 -0.0000 -0.0080
vn 0.7042 -0.6561 -0.2715
vn 0.6557 0.4556 -0.6021
vn 0.0042 0.3473 -0.9378
vn -0.0036 0.3463 -0.9381
vn 0.0440 -0.0202 -0.9988
vn -0.4079 -0.8268 -0.3873
vn 0.3362 0.8421 0.4216
vn 0.2080 0.2629 0.9421
vn -0.9992 -0.0306 -0.0271
vn -1.0000 -0.0033 -0.0037
vn -0.3574 0.6344 -0.6854
vn 0.9996 0.0059 -0.0272
vn 0.9760 0.0217 0.2166
vn -0.4438 0.8007 0.4024
vn -0.9942 0.0948 0.0506
vn 0.9971 -0.0170 0.0742
vn 0.9998 -0.0052 -0.0193
vn -0.9997 0.0077 -0.0213
vn 0.6819 -0.6240 -0.3815
vn 0.3673 0.5662 -0.7379
vn -0.9918 0.0769 -0.1018
vn 0.9998 0.0118 -0.0147
vn 0.9928 0.1078 0.0527
vn -0.9977 0.0142 -0.0657
vn -0.9577 -0.1907 -0.2155
vn 0.9789 0.2011 0.0358
vn -0.0071 -0.8546 -0.5192
vn -0.0404 0.5898 -0.8066
vn -0.4758 -0.7246 -0.4985
vn -0.9986 -0.0327 -0.0424
vn 0.2700 -0.7849 -0.5577
vn -0.9996 -0.0074 -0.0284
vn 0.5511 0.5424 -0.6341
vn 0.9408 0.1909 -0.2801
vn 0.5510 0.5424 -0.6342
vn -0.0122 -0.7269 -0.6867
vn -0.9977 0.0142 -0.0658
vn -1.0000 -0.0000 -0.0081
vn -0.6099 -0.0696 0.7894
vn 0.9198 -0.2430 -0.3081
vn 0.4818 -0.1626 0.8611
vn -0.5441 0.1387 0.8274
vn 0.2421 -0.0562 0.9686
vn -0.4749 -0.2121 0.8541
vn 0.3656 0.0667 0.9284
vn -0.3595 0.0135 0.9331
vn -0.9981 -0.0246 -0.0563
vn -0.5074 0.2698 0.8184
vn -0.3801 -0.1528 0.9122
vn -0.3883 0.1721 0.9053
vn 0.3762 0.2537 0.8911
vn 0.7356 -0.2296 0.6374
vn 0.5906 0.2773 0.7578
vn 0.2543 0.9590 -0.1253
vn -0.1643 0.8047 -0.5705
vn -0.6940 -0.2859 0.6608
vn -0.4749 -0.2122 0.8541
vn 0.4012 -0.1711 0.8998
vn 0.4738 -0.5640 -0.6763
vn -0.3883 0.1722 0.9053
vn 0.4793 -0.0320 0.8771
vn 0.4924 0.1334 0.8601
vn 0.3526 -0.3137 0.8816
vn 0.9992 -0.0006 -0.0392
vn 0.9998 0.0119 -0.0147
vn 0.1220 0.9806 0.1535
vn 0.4737 -0.5641 -0.6764
vn -0.4288 -0.5851 -0.6883
vn -0.9374 0.3480 0.0158
vn -0.5285 0.0219 0.8487
vn -0.4029 0.3544 0.8439
vn -0.0787 0.9969 -0.0021
vn -0.3898 -0.3454 0.8537
vn -0.6940 -0.2858 0.6608
vn -0.5602 0.2703 0.7831
vn -0.5125 -0.1883 0.8378
vn 0.5345 0.2620 0.8036
vn 0.5805 0.3625 0.7291
vn 0.0094 -0.6231 -0.7821
vn -0.6040 -0.4066 0.6855
vn -0.5026 0.4593 0.7324
vn 0.5768 -0.1764 0.7976
vn 0.5467 -0.3255 0.7715
vn 0.3984 0.4148 0.8181
vn 0.6040 -0.3988 0.6900
vn 0.9924 -0.0775 -0.0955
vn 0.6039 -0.3989 0.6900
vn -0.3183 -0.5742 -0.7543
vn 0.6142 -0.0084 0.7891
vn -0.5602 0.2702 0.7830
vn -0.3909 0.5601 0.7304
vn -0.5383 -0.3680 0.7581
vn 0.4190 -0.4927 0.7627
vn 0.3822 -0.5526 -0.7406
vn 0.4761 0.5155 0.7125
vn -0.7724 -0.5347 -0.3427
vn -0.6722 0.0082 0.7403
vn -0.6719 -0.1892 0.7160
vn 0.6733 0.1332 0.7273
vn 0.3823 -0.5526 -0.7406
vn 0.7065 -0.1147 0.6983
vn 0.4883 0.4580 0.7429
vn -0.4413 -0.4991 0.7457
vn -0.6039 -0.4066 0.6855
vn 0.7125 -0.6396 0.2884
vn 0.0190 -0.9068 -0.4211
vn -0.9068 -0.3713 0.1998
vn -0.7126 0.1726 0.6800
vn 0.5624 -0.4941 0.6630
vn 0.9941 0.0224 -0.1061
vn 0.1171 0.9662 -0.2296
vn -0.9983 0.0088 -0.0575
vn -0.5466 0.4932 0.6767
vn -0.5583 0.6354 0.5334
vn 0.6843 0.3011 0.6641
vn 0.3981 0.6126 0.6828
vn -0.0026 0.9729 -0.2311
vn -0.3766 -0.6040 0.7024
vn -0.5674 -0.5292 0.6308
vn -0.7794 -0.0781 0.6217
vn 0.7183 -0.2485 0.6499
vn -0.6954 0.3643 0.6194
vn 0.3340 -0.8856 0.3228
vn -0.3266 -0.9203 0.2155
vn -0.5026 0.4594 0.7324
vn -0.3908 0.5602 0.7304
vn 0.4551 -0.6067 0.6518
vn 0.5267 0.5794 0.6220
vn -0.6468 -0.3936 0.6533
vn 0.4883 0.4579 0.7429
vn 0.7173 -0.3837 0.5817
vn 0.3440 -0.7306 0.5898
vn -0.2668 0.9011 -0.3419
vn -0.4299 -0.5997 0.6750
vn 0.7875 -0.0065 0.6163
vn 0.6408 0.4887 0.5921
vn 0.5574 0.6564 0.5084
vn 0.3339 -0.8856 0.3228
vn -0.3499 -0.6938 0.6294
vn -0.4621 0.6850 0.5633
vn -0.4792 -0.6805 0.5544
vn 0.8563 -0.1276 0.5005
vn 0.8061 0.1213 0.5792
vn 0.0190 -0.9069 -0.4210
vn 0.1184 -0.8483 0.5161
vn -0.0743 -0.8292 0.5540
vn -0.6984 0.5295 0.4815
vn -0.7443 -0.3682 0.5572
vn -0.8421 0.0424 0.5376
vn 0.4772 0.7010 0.5300
vn 0.2627 0.9075 -0.3279
vn -0.8318 -0.2659 0.4872
vn 0.5761 -0.6140 0.5395
vn -0.6233 0.6420 0.4464
vn 0.5105 -0.7114 0.4831
vn -0.2237 -0.8228 0.5224
vn -0.3750 -0.7763 0.5067
vn 0.8374 0.2799 0.4694
vn 0.7339 0.4358 0.5210
vn -0.6611 -0.5147 0.5460
vn -0.8482 0.2414 0.4714
vn 0.7041 -0.5109 0.4932
vn 0.2627 0.9075 -0.3278
vn -0.0455 0.9976 -0.0514
vn 0.3104 0.8827 0.3527
vn 0.2581 -0.8405 0.4764
vn 0.9153 -0.0102 0.4027
vn 0.8638 -0.2801 0.4188
vn 0.4040 -0.8162 0.4131
vn 0.0158 -0.9004 0.4348
vn -0.6347 -0.6527 0.4137
vn 0.0582 0.9970 0.0501
vn -0.1512 -0.9215 0.3577
vn -0.3555 0.8463 0.3967
vn -0.4018 0.8413 0.3617
vn 0.6143 0.6438 0.4563
vn -0.3556 0.8463 0.3967
vn 0.7296 0.5606 0.3916
vn 0.7296 0.5606 0.3917
vn -0.1512 -0.9215 0.3576
vn 0.8758 0.1461 0.4600
vn 0.3104 0.8828 0.3527
vn -0.8337 0.4118 0.3680
vn -0.9192 -0.1212 0.3746
vn 0.8323 -0.4435 0.3326
vn -0.8340 -0.4355 0.3388
vn 0.4180 0.7895 0.4494
vn 0.1593 0.9302 0.3307
vn -0.0389 0.9231 0.3826
vn -0.2534 0.9057 0.3399
vn -0.1462 0.9123 0.3827
vn 0.6588 -0.6552 0.3696
vn 0.1594 0.9302 0.3307
vn 0.0582 0.9970 0.0502
vn -0.2970 -0.8828 0.3639
vn -0.7479 -0.5678 0.3439
vn -0.9319 0.0982 0.3491
vn 0.7566 -0.5634 0.3318
vn 0.9443 0.1454 0.2952
vn 0.8364 0.4437 0.3218
vn 0.1394 -0.9454 0.2947
vn -0.5546 0.7871 0.2699
vn -0.5344 -0.7826 0.3193
vn 0.9559 -0.1554 0.2490
vn 0.9159 0.2973 0.2698
vn 0.5514 0.7567 0.3513
vn -0.4108 -0.8623 0.2960
vn 0.4069 0.8684 0.2833
vn 0.2842 0.9383 0.1971
vn 0.3058 -0.9039 0.2992
vn -0.1302 0.9718 0.1964
vn -0.7724 0.5868 0.2430
vn 0.5584 -0.7812 0.2790
vn 0.4332 -0.8692 0.2382
vn -0.9270 -0.3132 0.2061
vn 0.6755 0.7141 0.1840
vn -0.0307 -0.9659 0.2572
vn -0.6761 0.7145 0.1802
vn 0.0006 0.9834 0.1815
vn -0.9349 0.2973 0.1936
vn 0.6755 0.7141 0.1839
vn -0.9903 0.0051 0.1386
vn 0.9406 -0.3123 0.1333
vn 0.6905 -0.6916 0.2117
vn -0.2975 0.9446 0.1389
vn -0.6818 -0.7006 0.2107
vn 0.7898 -0.5948 0.1495
vn 0.7938 0.5887 0.1527
vn 0.5653 0.8112 0.1496
vn -0.9741 0.1563 0.1637
vn -0.2891 -0.9431 0.1645
vn -0.7981 -0.5818 0.1569
vn -0.9742 -0.1813 0.1341
vn 0.9894 -0.0066 0.1454
vn 0.2842 0.9383 0.1970
vn 0.1044 0.9871 0.1212
vn -0.1589 -0.9812 0.1094
vn 0.8802 0.4619 0.1085
vn -0.4644 -0.8747 0.1391
vn -0.5605 -0.8226 0.0956
vn -0.8761 -0.4545 0.1609
vn -0.8664 0.4846 0.1205
vn -0.7724 0.5868 0.2429
vn 0.2871 -0.9515 0.1103
vn 0.5672 -0.8176 0.0993
vn 0.9789 0.1803 0.0964
vn 0.8726 -0.4783 0.0992
vn -0.4503 0.8864 0.1070
vn 0.9424 0.3185 0.1022
vn 0.6725 -0.7363 0.0743
vn 0.4178 0.9046 0.0843
vn 0.4069 0.8685 0.2832
vn 0.5652 0.8113 0.1495
vn 0.0312 -0.9954 0.0902
vn 0.1422 -0.9848 0.0993
vn 0.4519 -0.8901 0.0596
vn 0.7383 0.6713 0.0646
vn -0.0144 0.9834 0.1810
vn 0.5120 0.8566 0.0633
vn 0.5174 0.8545 0.0467
vn -0.5766 0.8015 0.1585
vn 0.5166 0.8560 0.0209
vn -0.9492 -0.2927 0.1156
vn 0.6012 0.7854 0.1474
vn 0.5653 0.8112 0.1495
vn 0.1645 0.9745 0.1525
vn -0.8879 -0.4570 0.0529
vn 0.7018 0.7023 0.1196
vn 0.3081 -0.9511 0.0205
vn 0.9835 -0.1559 0.0917
vn 0.8144 0.5543 0.1718
vn -0.6761 0.7145 0.1801
vn -0.7595 0.6304 0.1607
vn 0.5167 0.8559 0.0209
vn 0.9025 -0.4257 0.0646
vn -0.9742 0.1731 0.1447
vn 0.9854 0.0864 0.1466
vn 0.9290 0.3523 0.1137
vn -0.6918 -0.7212 0.0355
vn 0.7194 -0.6924 0.0546
vn 0.5826 -0.8121 0.0321
vn 0.3021 0.9337 0.1922
vn -0.1666 0.9768 0.1347
vn -0.3981 -0.9173 0.0043
vn -0.8908 0.4223 0.1681
vn -0.9895 -0.0504 0.1355
vn 0.4400 0.8513 0.2859
vn -0.5644 -0.8254 0.0095
vn 0.8107 -0.5814 0.0690
vn 0.9442 -0.3097 0.1120
vn -0.0008 -0.9999 0.0115
vn -0.7835 -0.6212 0.0137
vn 0.4649 -0.8835 0.0572
vn 0.1556 -0.9878 0.0099
vn -0.1731 -0.9849 0.0091
vn -0.3333 0.9239 0.1881
vn 0.9903 -0.1183 0.0733
vn 0.9544 -0.2903 0.0700
vn 0.9835 -0.1560 0.0917
vn 0.9544 -0.2904 0.0700
vn 0.9428 0.2859 0.1714
vn 0.9026 -0.4257 0.0646
vn 0.8829 -0.4670 0.0487
vn 0.8761 0.4724 0.0963
vn 0.7685 0.6370 0.0595
vn 0.6886 0.6983 0.1958
vn 0.7194 -0.6924 0.0547
vn 0.7838 -0.6198 0.0374
vn 0.5787 0.8091 0.1019
vn 0.4431 0.8913 0.0959
vn 0.4431 0.8913 0.0958
vn 0.2810 0.9358 0.2130
vn 0.1179 0.9826 0.1435
vn -0.1148 0.9855 0.1247
vn -0.1045 0.4406 0.8916
vn -0.4017 0.9091 0.1102
vn -0.5627 0.8200 0.1044
vn -0.5628 0.8200 0.1044
vn -0.6832 0.7209 0.1166
vn -0.8181 0.5701 0.0760
vn -0.9156 0.3895 0.1003
vn -0.9651 -0.2523 0.0698
vn -0.9788 0.1993 0.0474
vn -0.9951 -0.0002 0.0985
vn 0.9932 0.1048 0.0507
vn 0.6726 -0.7391 0.0368
vn 0.5826 -0.8121 0.0322
vn 0.5580 -0.8296 0.0210
vn 0.4649 -0.8835 0.0573
vn 0.4332 -0.9012 0.0080
vn 0.3080 -0.9512 0.0205
vn -0.2445 -0.9491 -0.1984
vn -0.6431 -0.7364 -0.2102
vn 0.9903 -0.1183 0.0734
vn 0.9822 -0.0121 -0.1873
vn 0.9932 0.1047 0.0507
vn 0.9340 0.2974 -0.1979
vn 0.3233 0.9216 -0.2150
vn 0.2877 0.9337 0.2131
vn 0.2939 -0.9264 -0.2353
vn 0.1341 -0.9703 -0.2012
vn -0.6700 0.7105 -0.2152
vn -0.8546 0.4467 -0.2647
vn 0.9263 -0.3206 -0.1977
vn 0.4649 0.8503 -0.2466
vn -0.5329 0.8140 -0.2312
vn 0.7077 -0.7004 -0.0930
vn 0.5848 -0.7956 -0.1585
vn 0.1514 0.9522 -0.2652
vn -0.0276 0.9718 -0.2341
vn -0.3966 0.8863 -0.2392
vn -0.5330 0.8139 -0.2313
vn -0.9319 0.3011 -0.2023
vn -0.9644 -0.0956 -0.2466
vn 0.7787 -0.5723 -0.2570
vn 0.7778 0.5829 -0.2350
vn 0.6767 0.7004 -0.2270
vn -0.0029 -0.9739 -0.2270
vn -0.7959 -0.5654 -0.2168
vn -0.9062 -0.3622 -0.2181
vn 0.9584 0.1325 -0.2527
vn -0.4184 -0.8677 -0.2685
vn 0.9527 -0.1661 -0.2546
vn 0.5595 0.7950 -0.2345
vn -0.9629 0.0908 -0.2542
vn 0.8493 0.4632 -0.2534
vn 0.4774 -0.8655 -0.1516
vn -0.2349 0.9404 -0.2458
vn 0.8602 -0.4315 -0.2717
vn -0.7731 0.5712 -0.2757
vn 0.6486 -0.6746 -0.3525
vn -0.3558 0.8185 -0.4511
vn -0.1022 -0.9240 -0.3685
vn -0.8321 -0.4152 -0.3678
vn 0.5384 -0.7627 -0.3584
vn 0.4140 -0.8380 -0.3555
vn 0.8547 -0.2971 -0.4256
vn -0.8036 -0.0001 -0.5952
vn 0.9244 -0.0066 -0.3814
vn 0.5449 0.7449 -0.3849
vn 0.8719 0.1829 -0.4543
vn -0.5647 -0.7426 -0.3601
vn 0.8356 0.3730 -0.4033
vn -0.8673 -0.2583 -0.4256
vn -0.7336 -0.5236 -0.4332
vn -0.1370 0.8953 -0.4238
vn 0.7720 -0.4902 -0.4048
vn 0.3467 0.6884 -0.6371
vn -0.8558 0.2703 -0.4410
vn 0.6430 -0.6090 -0.4645
vn 0.1389 -0.8863 -0.4417
vn -0.5213 -0.5057 -0.6874
vn 0.6394 0.5623 -0.5245
vn 0.3990 -0.8236 -0.4032
vn 0.2879 -0.8623 -0.4165
vn -0.2657 -0.8535 -0.4484
vn 0.0418 0.8136 -0.5800
vn -0.3841 -0.8116 -0.4402
vn 0.7766 0.5123 -0.3668
vn 0.1514 0.9522 -0.2653
vn 0.3233 0.9215 -0.2151
vn 0.2489 0.8744 -0.4166
vn -0.0137 -0.8743 -0.4852
vn 0.4678 -0.6791 -0.5657
vn -0.5126 0.6799 -0.5244
vn -0.4815 -0.6776 -0.5558
vn 0.8626 -0.1477 -0.4839
vn -0.6406 0.4097 -0.6495
vn 0.3467 0.6884 -0.6372
vn -0.6782 0.6246 -0.3872
vn -0.1301 0.4982 -0.8572
vn -0.2638 -0.4691 -0.8429
vn 0.5623 0.0217 -0.8266
vn 0.8356 0.3730 -0.4034
vn 0.4851 0.1921 -0.8531
vn 0.6394 0.5622 -0.5245
vn 0.2203 -0.5577 -0.8003
vn 0.1124 0.4590 -0.8813
vn -0.4015 -0.1668 -0.9005
vn 0.3953 -0.1260 -0.9099
vn 0.4741 -0.3056 -0.8257
vn 0.0538 -0.4277 -0.9023
vn -0.0821 -0.4812 -0.8727
vn -0.4147 0.1272 -0.9010
vn 0.2934 -0.3374 -0.8945
vn -0.2079 0.2928 -0.9333
vn 0.2751 0.2832 -0.9188
vn 0.3245 -0.0047 -0.9459
vn 0.2621 -0.1650 -0.9508
vn -0.0333 0.3207 -0.9466
vn 0.2882 0.1169 -0.9504
vn 0.1363 -0.2937 -0.9461
vn -0.2669 -0.0188 -0.9635
vn 0.1541 0.2681 -0.9510
vn 0.0306 0.2518 -0.9673
vn -0.0260 -0.2614 -0.9649
vn -0.1149 -0.2606 -0.9586
vn -0.2253 -0.1597 -0.9611
vn -0.2160 0.1370 -0.9667
vn 0.0824 -0.2406 -0.9671
vn 0.2150 -0.0841 -0.9730
vn 0.1743 -0.1853 -0.9671
vn 0.2311 0.0258 -0.9726
vn 0.1842 0.1305 -0.9742
vn -0.0686 0.1677 -0.9834
vn -0.0819 -0.1665 -0.9826
vn 0.0731 0.1392 -0.9876
vn 0.0136 -0.1611 -0.9868
vn 0.1483 0.0324 -0.9884
vn 0.1128 -0.1442 -0.9831
vn -0.1305 -0.0543 -0.9900
vn -0.1415 0.0559 -0.9884
vn 0.0604 -0.0438 -0.9972
vn 0.0699 0.0393 -0.9968
vn -0.0059 0.0349 -0.9994
vn -0.0110 -0.0564 -0.9983
vn -0.3886 -0.6184 0.6831
vn 0.9276 -0.3045 -0.2166
vn 0.9655 0.0980 -0.2414
vn -0.2708 -0.7879 -0.5531
vn -0.1440 0.9569 -0.2521
vn -0.4087 -0.4061 0.8173
vt 0.587892 0.867354
vt 0.589792 0.855088
vt 0.595355 0.854145
vt 0.358697 0.563770
vt 0.358586 0.565661
vt 0.355116 0.569360
vt 0.365949 0.563174
vt 0.556643 0.949654
vt 0.557866 0.927025
vt 0.562435 0.925472
vt 0.574920 0.729277
vt 0.581534 0.717572
vt 0.577660 0.731832
vt 0.571452 0.755540
vt 0.574295 0.758518
vt 0.595048 0.845607
vt 0.371294 0.560901
vt 0.551856 0.968677
vt 0.551857 0.948443
vt 0.566103 0.908646
vt 0.562478 0.969324
vt 0.548595 0.984650
vt 0.577716 0.716085
vt 0.583193 0.710288
vt 0.580219 0.878219
vt 0.570855 0.743478
vt 0.570246 0.778806
vt 0.573487 0.780032
vt 0.365855 0.550985
vt 0.381546 0.563284
vt 0.512082 0.357207
vt 0.507321 0.363444
vt 0.503976 0.363605
vt 0.554072 0.585967
vt 0.553574 0.608726
vt 0.550434 0.595533
vt 0.571084 0.899860
vt 0.569181 0.913722
vt 0.583965 0.754790
vt 0.583981 0.779404
vt 0.572319 0.798225
vt 0.384631 0.556438
vt 0.389569 0.559609
vt 0.573516 0.810386
vt 0.567091 0.806427
vt 0.401724 0.556028
vt 0.575402 0.823249
vt 0.578618 0.835302
vt 0.575756 0.837366
vt 0.411696 0.554324
vt 0.412731 0.556452
vt 0.424870 0.552724
vt 0.585445 0.847877
vt 0.440232 0.552381
vt 0.427269 0.560010
vt 0.513012 0.346430
vt 0.451506 0.555498
vt 0.448298 0.543359
vt 0.459222 0.558999
vt 0.502455 0.373158
vt 0.498132 0.388781
vt 0.494265 0.402110
vt 0.491893 0.387975
vt 0.486373 0.414638
vt 0.490916 0.413601
vt 0.487262 0.426211
vt 0.481427 0.439602
vt 0.481262 0.426432
vt 0.548886 0.571287
vt 0.543875 0.591586
vt 0.546898 0.553347
vt 0.542848 0.570877
vt 0.582164 0.935548
vt 0.401674 0.552495
vt 0.403853 0.553913
vt 0.404245 0.553891
vt 0.404671 0.553871
vt 0.565740 0.825174
vt 0.433982 0.542497
vt 0.523615 0.348091
vt 0.516600 0.334035
vt 0.501842 0.338152
vt 0.509256 0.378888
vt 0.458526 0.543640
vt 0.599539 0.687900
vt 0.581684 0.671639
vt 0.592455 0.677426
vt 0.583035 0.665002
vt 0.566178 0.641304
vt 0.559660 0.626227
vt 0.570054 0.623307
vt 0.540598 0.553741
vt 0.546393 0.535142
vt 0.537952 0.985489
vt 0.541497 0.995865
vt 0.579646 0.902072
vt 0.577387 0.882586
vt 0.588674 0.734839
vt 0.559722 0.764922
vt 0.589901 0.760499
vt 0.374495 0.573479
vt 0.372218 0.549630
vt 0.396653 0.565832
vt 0.413101 0.568125
vt 0.503067 0.324503
vt 0.521012 0.322323
vt 0.440213 0.566428
vt 0.483640 0.399917
vt 0.562613 0.657686
vt 0.498400 0.441259
vt 0.565548 0.535995
vt 0.569172 0.553264
vt 0.599093 0.893011
vt 0.355550 0.552993
vt 0.602012 0.850013
vt 0.611539 0.869604
vt 0.411674 0.545114
vt 0.490253 0.374953
vt 0.536750 0.943949
vt 0.552933 0.893313
vt 0.347230 0.554578
vt 0.347942 0.564441
vt 0.586194 0.773783
vt 0.623486 0.855145
vt 0.559855 0.784264
vt 0.560068 0.777320
vt 0.559616 0.794231
vt 0.391846 0.545279
vt 0.398913 0.545533
vt 0.561302 0.824606
vt 0.595270 0.829465
vt 0.472412 0.552027
vt 0.503246 0.430404
vt 0.577764 0.603364
vt 0.533296 0.966674
vt 0.562057 0.870646
vt 0.589724 0.794727
vt 0.592897 0.815544
vt 0.538513 0.336583
vt 0.513453 0.390974
vt 0.590489 0.635006
vt 0.568711 0.676519
vt 0.568704 0.538352
vt 0.544405 0.636508
vt 0.537961 0.618406
vt 0.531523 0.535118
vt 0.570986 0.704159
vt 0.565589 0.714919
vt 0.559448 0.751848
vt 0.380052 0.547725
vt 0.560472 0.807853
vt 0.496064 0.352607
vt 0.448735 0.565882
vt 0.617153 0.671870
vt 0.491631 0.365781
vt 0.506693 0.416708
vt 0.476516 0.409688
vt 0.549794 0.650812
vt 0.570780 0.570883
vt 0.470574 0.427526
vt 0.527985 0.553192
vt 0.586117 0.775052
vt 0.386155 0.571969
vt 0.564216 0.838407
vt 0.570846 0.850654
vt 0.423964 0.543120
vt 0.469667 0.543496
vt 0.583937 0.619328
vt 0.467805 0.438405
vt 0.531663 0.986889
vt 0.562292 0.727961
vt 0.330017 0.558640
vt 0.553836 0.999863
vt 0.573127 0.987123
vt 0.591983 0.779808
vt 0.533407 0.345789
vt 0.525800 0.362315
vt 0.450601 0.568835
vt 0.604000 0.656794
vt 0.477396 0.544795
vt 0.483018 0.391227
vt 0.555235 0.660653
vt 0.528682 0.574527
vt 0.541197 0.923193
vt 0.547593 0.904170
vt 0.566760 0.701017
vt 0.587521 0.920227
vt 0.598519 0.724311
vt 0.594321 0.738407
vt 0.428011 0.567693
vt 0.519232 0.376810
vt 0.487596 0.376604
vt 0.573758 0.585388
vt 0.578843 0.951636
vt 0.598379 0.715935
vt 0.594469 0.905070
vt 0.556984 0.802793
vt 0.530973 0.596279
vt 0.575120 0.969420
vt 0.401321 0.569868
vt 0.501080 0.440763
vt 0.465337 0.437443
vt 0.463221 0.453262
vt 0.598593 0.820313
vt 0.451755 0.380080
vt 0.558359 0.667413
vt 0.602832 0.746010
vt 0.601415 0.760768
vt 0.623978 0.861474
vt 0.399405 0.531366
vt 0.594808 0.941326
vt 0.588182 0.987454
vt 0.380037 0.580943
vt 0.425543 0.527785
vt 0.448364 0.575721
vt 0.622844 0.660617
vt 0.467325 0.410460
vt 0.600481 0.918399
vt 0.604595 0.737772
vt 0.626505 0.867078
vt 0.396825 0.577468
vt 0.485487 0.330475
vt 0.594484 0.616098
vt 0.592575 0.604191
vt 0.558225 0.667826
vt 0.515520 0.599294
vt 0.539204 0.881895
vt 0.549359 0.867216
vt 0.601452 0.921586
vt 0.600647 0.794976
vt 0.607710 0.831834
vt 0.600108 0.843714
vt 0.473485 0.343976
vt 0.557664 0.668012
vt 0.508659 0.963345
vt 0.540865 0.725324
vt 0.328428 0.548152
vt 0.591332 0.973086
vt 0.590180 0.955895
vt 0.445543 0.528870
vt 0.745855 0.681475
vt 0.746392 0.675294
vt 0.761999 0.679828
vt 0.798278 0.680362
vt 0.785915 0.683618
vt 0.796118 0.671262
vt 0.589108 0.587800
vt 0.452311 0.423682
vt 0.556980 0.701033
vt 0.576706 0.997234
vt 0.613871 0.892278
vt 0.372263 0.579565
vt 0.373468 0.582023
vt 0.603983 0.818231
vt 0.715137 0.666897
vt 0.724156 0.660110
vt 0.730990 0.681346
vt 0.432708 0.525972
vt 0.589827 0.965158
vt 0.405474 0.576934
vt 0.485547 0.315773
vt 0.509647 0.311144
vt 0.710105 0.649943
vt 0.714015 0.654309
vt 0.767811 0.671569
vt 0.757948 0.669052
vt 0.775544 0.673569
vt 0.786689 0.670569
vt 0.809119 0.669041
vt 0.809938 0.680197
vt 0.480162 0.512796
vt 0.485394 0.541542
vt 0.489058 0.542797
vt 0.432229 0.425777
vt 0.495584 0.626540
vt 0.495579 0.913401
vt 0.604700 0.907879
vt 0.403991 0.577079
vt 0.546067 0.839875
vt 0.734195 0.670550
vt 0.755530 0.669322
vt 0.605565 0.634530
vt 0.474741 0.512700
vt 0.581074 0.555738
vt 0.582649 0.538086
vt 0.540382 0.684398
vt 0.607111 0.728748
vt 0.626450 0.872265
vt 0.387411 0.579005
vt 0.438268 0.574065
vt 0.626445 0.665081
vt 0.602286 0.809456
vt 0.423352 0.574947
vt 0.413869 0.574747
vt 0.582611 0.566989
vt 0.503137 0.577201
vt 0.527512 0.709808
vt 0.626140 0.875499
vt 0.376597 0.583443
vt 0.600597 0.781501
vt 0.653689 0.889444
vt 0.650132 0.875851
vt 0.661444 0.882936
vt 0.683299 0.656470
vt 0.674883 0.654216
vt 0.677240 0.652431
vt 0.755392 0.649225
vt 0.748623 0.647733
vt 0.651376 0.644050
vt 0.634144 0.643112
vt 0.645278 0.636744
vt 0.640348 0.650778
vt 0.478305 0.331995
vt 0.615831 0.651363
vt 0.611021 0.720720
vt 0.620714 0.971677
vt 0.620922 0.961464
vt 0.634415 0.917862
vt 0.614213 0.921831
vt 0.619009 0.732152
vt 0.628302 0.736443
vt 0.615931 0.739650
vt 0.631282 0.926501
vt 0.625027 0.744954
vt 0.601013 0.772531
vt 0.371979 0.587015
vt 0.611808 0.773690
vt 0.621422 0.774281
vt 0.609697 0.782270
vt 0.641281 0.881652
vt 0.622494 0.781842
vt 0.615214 0.807933
vt 0.629988 0.803822
vt 0.629127 0.810772
vt 0.685192 0.871539
vt 0.679629 0.860578
vt 0.692345 0.868980
vt 0.398318 0.585370
vt 0.407468 0.593177
vt 0.678978 0.668509
vt 0.429860 0.575399
vt 0.782516 0.649353
vt 0.791789 0.650445
vt 0.784574 0.661576
vt 0.622577 0.598739
vt 0.625548 0.608977
vt 0.609470 0.601370
vt 0.615826 0.552722
vt 0.614500 0.562609
vt 0.604400 0.552878
vt 0.626954 0.930300
vt 0.638378 0.965658
vt 0.620325 0.813645
vt 0.722691 0.637175
vt 0.729155 0.628666
vt 0.731835 0.637170
vt 0.665330 0.677264
vt 0.425156 0.586202
vt 0.627740 0.656598
vt 0.790454 0.644199
vt 0.619015 0.595108
vt 0.797418 0.661314
vt 0.612295 0.615556
vt 0.592760 0.953600
vt 0.605627 0.739940
vt 0.634168 0.864820
vt 0.648995 0.891379
vt 0.621264 0.770218
vt 0.615384 0.785850
vt 0.666173 0.894102
vt 0.520914 0.806606
vt 0.678681 0.865009
vt 0.624869 0.802237
vt 0.407824 0.583803
vt 0.696040 0.870449
vt 0.705803 0.859814
vt 0.549437 0.852139
vt 0.687183 0.657277
vt 0.421779 0.585398
vt 0.666017 0.666883
vt 0.663283 0.633247
vt 0.656277 0.629878
vt 0.642576 0.653030
vt 0.755928 0.641505
vt 0.640776 0.634017
vt 0.610598 0.549097
vt 0.614518 0.647063
vt 0.584203 0.551938
vt 0.339476 0.523190
vt 0.592340 0.968687
vt 0.610676 0.726641
vt 0.616626 0.926104
vt 0.607789 0.906376
vt 0.621005 0.957122
vt 0.617756 0.975640
vt 0.625522 0.911316
vt 0.626733 0.731878
vt 0.635834 0.913788
vt 0.623190 0.747826
vt 0.641977 0.931748
vt 0.643221 0.868694
vt 0.636720 0.882082
vt 0.662023 0.877927
vt 0.395406 0.589224
vt 0.618455 0.804160
vt 0.681497 0.872543
vt 0.694125 0.883163
vt 0.629333 0.814246
vt 0.683190 0.669504
vt 0.670644 0.653758
vt 0.746081 0.656357
vt 0.654375 0.646718
vt 0.745096 0.673225
vt 0.632958 0.657116
vt 0.758983 0.649596
vt 0.625269 0.643701
vt 0.778371 0.651959
vt 0.626448 0.561803
vt 0.626314 0.613254
vt 0.795031 0.650512
vt 0.605673 0.598673
vt 0.784341 0.669336
vt 0.797805 0.669592
vt 0.598939 0.618535
vt 0.612949 0.568778
vt 0.586201 0.570153
vt 0.621976 0.947803
vt 0.645269 0.983178
vt 0.603214 0.770783
vt 0.641677 0.903435
vt 0.639338 0.751674
vt 0.644998 0.921700
vt 0.607143 0.784278
vt 0.655706 0.895113
vt 0.659272 0.853097
vt 0.628823 0.774596
vt 0.667091 0.882101
vt 0.621592 0.786848
vt 0.603811 0.806546
vt 0.606772 0.819994
vt 0.704136 0.678541
vt 0.701416 0.664034
vt 0.725556 0.626912
vt 0.731361 0.646787
vt 0.734654 0.640301
vt 0.726439 0.659929
vt 0.646861 0.662338
vt 0.745822 0.646371
vt 0.441428 0.583446
vt 0.632261 0.624139
vt 0.640235 0.593288
vt 0.770186 0.652197
vt 0.616774 0.582548
vt 0.475904 0.361724
vt 0.492299 0.936514
vt 0.615064 0.985913
vt 0.612790 0.997272
vt 0.621542 0.761262
vt 0.374799 0.518394
vt 0.378187 0.587196
vt 0.738952 0.626555
vt 0.433444 0.582154
vt 0.642123 0.602482
vt 0.803891 0.648006
vt 0.610167 0.537901
vt 0.368923 0.518920
vt 0.634162 0.933486
vt 0.636861 0.734914
vt 0.632803 0.753346
vt 0.687169 0.882232
vt 0.632242 0.827345
vt 0.698167 0.655245
vt 0.686885 0.643078
vt 0.769721 0.636544
vt 0.793788 0.640051
vt 0.630755 0.590746
vt 0.640690 0.567564
vt 0.522870 0.775144
vt 0.631418 0.797751
vt 0.742981 0.620520
vt 0.673909 0.643972
vt 0.662900 0.635055
vt 0.749193 0.638424
vt 0.759707 0.638324
vt 0.631792 0.579692
vt 0.639781 0.743150
vt 0.627987 0.770610
vt 0.673144 0.892183
vt 0.742092 0.619348
vt 0.679225 0.639383
vt 0.746085 0.639233
vt 0.663214 0.639916
vt 0.788024 0.634548
vt 0.455357 0.415265
vt 0.519253 0.988219
vt 0.388205 0.520811
vt 0.683787 0.880236
vt 0.776914 0.641874
vt 0.642429 0.608023
vt 0.633472 0.723715
vt 0.659265 0.927806
vt 0.642739 0.759355
vt 0.628664 0.787582
vt 0.744777 0.626020
vt 0.654385 0.628238
vt 0.626844 0.545679
vt 0.462471 0.526786
vt 0.637816 0.777291
vt 0.756033 0.630171
vt 0.650815 0.627395
vt 0.779967 0.637112
vt 0.346116 0.519623
vt 0.643410 0.989539
vt 0.645004 0.938685
vt 0.635994 0.786019
vt 0.749537 0.630309
vt 0.659746 0.612709
vt 0.648859 0.977882
vt 0.654366 0.918969
vt 0.675468 0.889373
vt 0.689036 0.631211
vt 0.665944 0.623962
vt 0.642166 0.547741
vt 0.635740 0.772510
vt 0.645880 0.799613
vt 0.699100 0.892840
vt 0.646867 0.814459
vt 0.655414 0.598268
vt 0.630638 0.998009
vt 0.662987 0.926250
vt 0.664207 0.900636
vt 0.644180 0.805443
vt 0.693654 0.638558
vt 0.746595 0.631368
vt 0.654547 0.627780
vt 0.456633 0.518124
vt 0.650428 0.967866
vt 0.678456 0.903510
vt 0.638763 0.791597
vt 0.654667 0.626823
vt 0.434458 0.518959
vt 0.799177 0.627873
vt 0.501140 0.512601
vt 0.483818 0.506782
vt 0.523111 0.751361
vt 0.537468 0.759921
vt 0.658260 0.938260
vt 0.654426 0.932791
vt 0.655501 0.931782
vt 0.523718 0.822171
vt 0.685009 0.897214
vt 0.408818 0.513413
vt 0.733249 0.617253
vt 0.737047 0.619456
vt 0.659290 0.622574
vt 0.776325 0.627474
vt 0.773103 0.629071
vt 0.644727 0.549350
vt 0.504025 0.659257
vt 0.319353 0.545507
vt 0.328041 0.522513
vt 0.681551 0.891572
vt 0.704244 0.874865
vt 0.678754 0.629021
vt 0.653055 0.588951
vt 0.644130 0.586332
vt 0.791491 0.630062
vt 0.646315 0.560529
vt 0.481333 0.555633
vt 0.669983 0.635478
vt 0.641174 0.542628
vt 0.647139 0.961622
vt 0.644905 0.942799
vt 0.428881 0.441574
vt 0.364173 0.518037
vt 0.707881 0.640879
vt 0.701851 0.640639
vt 0.746798 0.622216
vt 0.680092 0.626853
vt 0.760420 0.628378
vt 0.656754 0.596003
vt 0.785230 0.626126
vt 0.650255 0.733452
vt 0.648901 0.744050
vt 0.674610 0.906561
vt 0.635091 0.792201
vt 0.674687 0.634181
vt 0.675146 0.618247
vt 0.639475 0.534527
vt 0.652159 0.751996
vt 0.644733 0.774650
vt 0.693557 0.898073
vt 0.755438 0.620424
vt 0.650663 0.583799
vt 0.654822 0.943094
vt 0.667079 0.924097
vt 0.645883 0.782270
vt 0.465973 0.511523
vt 0.649752 0.758019
vt 0.688507 0.911823
vt 0.760122 0.622980
vt 0.657051 0.603621
vt 0.456838 0.359942
vt 0.675750 0.934928
vt 0.689882 0.619147
vt 0.666901 0.617585
vt 0.448661 0.385290
vt 0.664015 0.966955
vt 0.673001 0.594701
vt 0.458640 0.340899
vt 0.508859 0.875155
vt 0.520846 0.791839
vt 0.380513 0.517146
vt 0.695608 0.907684
vt 0.748892 0.611736
vt 0.467718 0.311821
vt 0.660082 0.560764
vt 0.663169 0.976469
vt 0.670649 0.942610
vt 0.655182 0.759477
vt 0.653882 0.794091
vt 0.697355 0.899644
vt 0.692722 0.628818
vt 0.776639 0.617637
vt 0.665357 0.588257
vt 0.456694 0.355106
vt 0.440087 0.400932
vt 0.499623 0.646006
vt 0.658980 0.963335
vt 0.659443 0.745990
vt 0.680075 0.930133
vt 0.667888 0.948808
vt 0.661817 0.753331
vt 0.652462 0.782932
vt 0.741180 0.615948
vt 0.666713 0.585987
vt 0.656031 0.549019
vt 0.660751 0.553105
vt 0.525275 0.724932
vt 0.523019 0.761843
vt 0.654864 0.990963
vt 0.652528 0.770705
vt 0.653008 0.815580
vt 0.746159 0.605063
vt 0.749482 0.607629
vt 0.756705 0.613999
vt 0.675364 0.611610
vt 0.782452 0.617443
vt 0.771975 0.613307
vt 0.789062 0.622030
vt 0.444121 0.511826
vt 0.662640 0.981578
vt 0.653689 0.763620
vt 0.683805 0.916905
vt 0.684252 0.914953
vt 0.656689 0.800429
vt 0.683225 0.613307
vt 0.657302 0.546488
vt 0.666352 0.579091
vt 0.485370 0.605551
vt 0.694404 0.914593
vt 0.397174 0.514661
vt 0.707002 0.891703
vt 0.654026 0.543360
vt 0.482876 0.580775
vt 0.657846 0.758923
vt 0.525141 0.835735
vt 0.698828 0.909720
vt 0.700048 0.905984
vt 0.695532 0.627546
vt 0.707420 0.631927
vt 0.696721 0.619512
vt 0.761349 0.615948
vt 0.788034 0.617050
vt 0.461818 0.327462
vt 0.485980 0.962395
vt 0.656064 0.777565
vt 0.688386 0.920772
vt 0.798700 0.615168
vt 0.452316 0.368739
vt 0.503331 0.891222
vt 0.667921 0.976630
vt 0.677215 0.948343
vt 0.662023 0.764926
vt 0.684277 0.916246
vt 0.684720 0.916554
vt 0.668571 0.792138
vt 0.657285 0.807172
vt 0.680338 0.607794
vt 0.676320 0.602985
vt 0.676753 0.584328
vt 0.663628 0.746121
vt 0.667210 0.958369
vt 0.709064 0.899791
vt 0.488104 0.303747
vt 0.739704 0.608534
vt 0.665386 0.558174
vt 0.665928 0.572469
vt 0.318526 0.522357
vt 0.692447 0.944010
vt 0.668660 0.763261
vt 0.684325 0.926614
vt 0.707581 0.625511
vt 0.699675 0.623759
vt 0.524869 0.847400
vt 0.687412 0.575010
vt 0.432320 0.512720
vt 0.455705 0.510434
vt 0.490351 0.503184
vt 0.434643 0.412278
vt 0.387334 0.515828
vt 0.670687 0.737697
vt 0.672940 0.540471
vt 0.677068 0.543098
vt 0.791614 0.614470
vt 0.709149 0.610995
vt 0.761993 0.606878
vt 0.675266 0.952393
vt 0.756569 0.572828
vt 0.754270 0.593331
vt 0.766346 0.609269
vt 0.779987 0.601165
vt 0.528696 0.697837
vt 0.529201 0.685303
vt 0.681514 0.587021
vt 0.798200 0.601898
vt 0.801317 0.614758
vt 0.422092 0.512723
vt 0.785152 0.598026
vt 0.663944 0.772316
vt 0.803762 0.613901
vt 0.801247 0.592141
vt 0.724925 0.919422
vt 0.521089 0.822805
vt 0.751250 0.569929
vt 0.706739 0.572180
vt 0.810103 0.596468
vt 0.429778 0.425278
vt 0.519319 0.774843
vt 0.487039 0.620129
vt 0.425690 0.439185
vt 0.478222 0.556991
vt 0.518069 0.806062
vt 0.453598 0.354877
vt 0.447855 0.377670
vt 0.350961 0.517112
vt 0.720776 0.586174
vt 0.517003 0.696770
vt 0.695272 0.742475
vt 0.693646 0.753768
vt 0.668586 0.784967
vt 0.456873 0.508850
vt 0.386133 0.506782
vt 0.764513 0.574638
vt 0.716673 0.581008
vt 0.472688 0.958454
vt 0.479616 0.931428
vt 0.523838 0.688220
vt 0.478894 0.964117
vt 0.479035 0.963320
vt 0.509759 0.788513
vt 0.511120 0.821307
vt 0.431496 0.503293
vt 0.454892 0.503511
vt 0.456146 0.508672
vt 0.475570 0.586361
vt 0.481568 0.909675
vt 0.344978 0.510991
vt 0.685064 0.993374
vt 0.513476 0.835086
vt 0.717823 0.585181
vt 0.447832 0.339420
vt 0.469892 0.502566
vt 0.476892 0.500602
vt 0.497365 0.501460
vt 0.487911 0.498145
vt 0.417398 0.435843
vt 0.471111 0.607146
vt 0.471053 0.582929
vt 0.511616 0.751537
vt 0.510238 0.776206
vt 0.431527 0.395599
vt 0.426601 0.408425
vt 0.489581 0.889052
vt 0.329791 0.513071
vt 0.361225 0.509572
vt 0.161059 0.954799
vt 0.160014 0.909839
vt 0.161630 0.956628
vt 0.397076 0.505871
vt 0.420680 0.504478
vt 0.458763 0.313252
vt 0.774932 0.579729
vt 0.479045 0.629194
vt 0.486421 0.647596
vt 0.320746 0.514371
vt 0.683915 0.796092
vt 0.704719 0.561125
vt 0.438628 0.375545
vt 0.420988 0.422493
vt 0.517929 0.682822
vt 0.309562 0.520615
vt 0.513409 0.724873
vt 0.706362 0.986270
vt 0.462286 0.300327
vt 0.416594 0.451065
vt 0.310522 0.513473
vt 0.698725 0.738567
vt 0.408246 0.505247
vt 0.452875 0.326661
vt 0.443993 0.503713
vt 0.442288 0.367713
vt 0.516124 0.711326
vt 0.445785 0.354231
vt 0.372824 0.507823
vt 0.509112 0.806043
vt 0.495353 0.495553
vt 0.486002 0.892602
vt 0.770911 0.578073
vt 0.511712 0.718157
vt 0.490068 0.491419
vt 0.469031 0.924163
vt 0.484480 0.892260
vt 0.310104 0.506897
vt 0.306642 0.513141
vt 0.505435 0.794645
vt 0.695306 0.748070
vt 0.498808 0.805202
vt 0.500986 0.819792
vt 0.735241 0.608976
vt 0.448638 0.318860
vt 0.436663 0.353750
vt 0.455565 0.595848
vt 0.460088 0.567982
vt 0.321846 0.506458
vt 0.344897 0.502348
vt 0.499114 0.769614
vt 0.306323 0.512521
vt 0.503834 0.697247
vt 0.511090 0.717718
vt 0.733421 0.904534
vt 0.400959 0.503601
vt 0.439988 0.332582
vt 0.418119 0.405653
vt 0.509919 0.717260
vt 0.511035 0.717995
vt 0.340307 0.503439
vt 0.450953 0.313069
vt 0.444773 0.323835
vt 0.421841 0.388279
vt 0.421044 0.390944
vt 0.298482 0.511204
vt 0.510381 0.717965
vt 0.369450 0.503129
vt 0.382882 0.500308
vt 0.394305 0.499679
vt 0.711828 0.964627
vt 0.724552 0.940644
vt 0.685172 0.781557
vt 0.431696 0.494452
vt 0.445463 0.496221
vt 0.466158 0.633433
vt 0.507685 0.681269
vt 0.505591 0.711248
vt 0.500452 0.786938
vt 0.407764 0.496480
vt 0.429619 0.371403
vt 0.476657 0.492455
vt 0.407592 0.432105
vt 0.333700 0.503606
vt 0.355955 0.501787
vt 0.689263 0.785710
vt 0.419885 0.498266
vt 0.438107 0.340608
vt 0.456321 0.493458
vt 0.461888 0.615994
vt 0.501012 0.751914
vt 0.503170 0.834423
vt 0.767231 0.578059
vt 0.699202 0.538996
vt 0.434292 0.495342
vt 0.460962 0.953159
vt 0.460231 0.927822
vt 0.787085 0.581267
vt 0.473997 0.492484
vt 0.410236 0.419066
vt 0.455188 0.599540
vt 0.502092 0.725378
vt 0.398388 0.447975
vt 0.471599 0.910297
vt 0.337033 0.501626
vt 0.496809 0.800940
vt 0.467453 0.495067
vt 0.503873 0.487335
vt 0.500930 0.730254
vt 0.696632 0.759427
vt 0.500518 0.847838
vt 0.694566 0.757734
vt 0.717502 0.952000
vt 0.690541 0.767709
vt 0.491396 0.836723
vt 0.414796 0.390294
vt 0.299628 0.505625
vt 0.346175 0.499826
vt 0.164678 0.963304
vt 0.205275 0.971000
vt 0.166163 0.965991
vt 0.758379 0.572573
vt 0.447339 0.295659
vt 0.443885 0.304900
vt 0.438722 0.325006
vt 0.399636 0.438470
vt 0.785476 0.008516
vt 0.736740 0.008516
vt 0.736944 0.000306
vt 0.151283 0.974120
vt 0.147904 0.992261
vt 0.145939 0.977384
vt 0.792268 0.581612
vt 0.463221 0.924341
vt 0.687559 0.799778
vt 0.697855 0.806213
vt 0.417327 0.489718
vt 0.475619 0.489608
vt 0.455454 0.920849
vt 0.499515 0.685638
vt 0.338591 0.500410
vt 0.487771 0.768612
vt 0.495395 0.803090
vt 0.432979 0.492278
vt 0.440826 0.322833
vt 0.423619 0.375410
vt 0.415842 0.386066
vt 0.448139 0.596993
vt 0.311006 0.498315
vt 0.499059 0.726899
vt 0.494459 0.748339
vt 0.355805 0.496804
vt 0.704570 0.551247
vt 0.496254 0.485536
vt 0.456249 0.635887
vt 0.450353 0.953137
vt 0.494682 0.723327
vt 0.340463 0.498352
vt 0.705975 0.981764
vt 0.491008 0.807371
vt 0.434202 0.492216
vt 0.424222 0.353094
vt 0.374997 0.493579
vt 0.709856 0.968306
vt 0.389437 0.493582
vt 0.479424 0.483052
vt 0.484947 0.488694
vt 0.333533 0.496031
vt 0.384386 0.493435
vt 0.716109 0.956178
vt 0.488639 0.822719
vt 0.437110 0.316889
vt 0.437214 0.489636
vt 0.442919 0.593220
vt 0.454154 0.925370
vt 0.484806 0.798087
vt 0.381840 0.491900
vt 0.380849 0.495508
vt 0.484052 0.804295
vt 0.502779 0.483245
vt 0.451975 0.584570
vt 0.714329 0.963303
vt 0.797743 0.575800
vt 0.473623 0.485466
vt 0.413814 0.387843
vt 0.444173 0.599888
vt 0.485736 0.730475
vt 0.483677 0.727674
vt 0.495912 0.731516
vt 0.375449 0.491358
vt 0.485065 0.801963
vt 0.685592 0.770763
vt 0.796062 0.581012
vt 0.475674 0.484499
vt 0.477606 0.483521
vt 0.453336 0.923301
vt 0.336951 0.494259
vt 0.333937 0.492003
vt 0.486828 0.810417
vt 0.426677 0.321419
vt 0.430572 0.318853
vt 0.446503 0.486506
vt 0.416479 0.329637
vt 0.361607 0.488266
vt 0.447373 0.928147
vt 0.497236 0.705278
vt 0.486920 0.725230
vt 0.378946 0.487358
vt 0.431780 0.318037
vt 0.714467 0.719438
vt 0.705656 0.739832
vt 0.700950 0.740629
vt 0.429190 0.485974
vt 0.803871 0.572142
vt 0.440970 0.596727
vt 0.324630 0.495316
vt 0.689042 0.792339
vt 0.409415 0.346837
vt 0.414774 0.375376
vt 0.405733 0.384782
vt 0.397881 0.413271
vt 0.389654 0.443391
vt 0.379997 0.428877
vt 0.406970 0.484792
vt 0.811124 0.590909
vt 0.434314 0.483621
vt 0.337472 0.490429
vt 0.154459 0.975088
vt 0.438509 0.921456
vt 0.783947 0.578542
vt 0.446134 0.485781
vt 0.457428 0.483696
vt 0.432934 0.593416
vt 0.482791 0.722774
vt 0.777973 0.578235
vt 0.432504 0.478027
vt 0.438377 0.479361
vt 0.467137 0.474588
vt 0.429597 0.596382
vt 0.473169 0.796905
vt 0.392156 0.375858
vt 0.443635 0.922419
vt 0.382936 0.483665
vt 0.169715 0.993702
vt 0.807518 0.572060
vt 0.476892 0.477187
vt 0.430700 0.594276
vt 0.482284 0.707339
vt 0.345868 0.481555
vt 0.379208 0.483361
vt 0.402302 0.387241
vt 0.469792 0.745940
vt 0.161534 0.957245
vt 0.719975 0.553199
vt 0.809341 0.563613
vt 0.807277 0.567209
vt 0.327367 0.486313
vt 0.948904 0.411245
vt 0.960462 0.410641
vt 0.948748 0.415126
vt 0.725002 0.971852
vt 0.715758 0.733862
vt 0.732113 0.000303
vt 0.697669 0.009504
vt 0.680520 0.000488
vt 0.950010 0.222264
vt 0.953401 0.220490
vt 0.959957 0.222290
vt 0.953543 0.217642
vt 0.960188 0.219668
vt 0.703480 0.791109
vt 0.734951 0.760673
vt 0.699204 0.801983
vt 0.113507 0.977927
vt 0.763814 0.559665
vt 0.790821 0.525030
vt 0.858477 0.008680
vt 0.816759 0.008680
vt 0.832454 0.002111
vt 0.037489 0.420111
vt 0.038998 0.418936
vt 0.038040 0.422002
vt 0.047319 0.418528
vt 0.810770 0.561344
vt 0.489689 0.472342
vt 0.289295 0.494126
vt 0.464841 0.833569
vt 0.474344 0.477371
vt 0.334198 0.488205
vt 0.420657 0.315389
vt 0.379484 0.438107
vt 0.382430 0.441920
vt 0.438876 0.925255
vt 0.374855 0.482236
vt 0.394296 0.374047
vt 0.474984 0.476892
vt 0.433392 0.926271
vt 0.469567 0.734407
vt 0.365417 0.483054
vt 0.474645 0.802013
vt 0.382957 0.474462
vt 0.469252 0.807914
vt 0.439699 0.477734
vt 0.522115 0.469295
vt 0.504356 0.466467
vt 0.471241 0.767969
vt 0.458113 0.471533
vt 0.314523 0.487840
vt 0.428110 0.476899
vt 0.479307 0.471505
vt 0.418978 0.309264
vt 0.412480 0.316380
vt 0.474617 0.726473
vt 0.484208 0.846461
vt 0.464092 0.799310
vt 0.474501 0.473755
vt 0.394422 0.380075
vt 0.472164 0.803766
vt 0.433699 0.475094
vt 0.311857 0.568373
vt 0.307208 0.561108
vt 0.310083 0.562315
vt 0.412993 0.319191
vt 0.482234 0.467943
vt 0.308168 0.564507
vt 0.294596 0.584448
vt 0.290562 0.565447
vt 0.393347 0.382721
vt 0.472221 0.672383
vt 0.481649 0.667538
vt 0.303531 0.486074
vt 0.467001 0.714021
vt 0.352590 0.479430
vt 0.471405 0.724194
vt 0.333213 0.480093
vt 0.331982 0.483492
vt 0.377674 0.477493
vt 0.407029 0.301983
vt 0.477160 0.470506
vt 0.368996 0.434096
vt 0.313616 0.568491
vt 0.339852 0.477938
vt 0.398857 0.468220
vt 0.379212 0.441732
vt 0.462729 0.796567
vt 0.379532 0.393300
vt 0.371912 0.439058
vt 0.378272 0.443711
vt 0.466273 0.108260
vt 0.447371 0.095448
vt 0.455827 0.088842
vt 0.313473 0.564484
vt 0.464913 0.696382
vt 0.465650 0.732253
vt 0.327528 0.480140
vt 0.313902 0.576106
vt 0.417572 0.285094
vt 0.367922 0.430551
vt 0.379460 0.404476
vt 0.410614 0.314027
vt 0.311722 0.584812
vt 0.454322 0.740711
vt 0.436122 0.469110
vt 0.374335 0.472153
vt 0.379493 0.472979
vt 0.426403 0.466957
vt 0.455971 0.468156
vt 0.366953 0.440785
vt 0.315987 0.570099
vt 0.451578 0.767196
vt 0.454398 0.802028
vt 0.315212 0.575849
vt 0.460359 0.730729
vt 0.456586 0.805358
vt 0.405549 0.471385
vt 0.476065 0.467879
vt 0.387984 0.376482
vt 0.402891 0.308527
vt 0.329339 0.477557
vt 0.432110 0.465235
vt 0.317517 0.577154
vt 0.460973 0.727093
vt 0.365500 0.437151
vt 0.376603 0.467383
vt 0.446270 0.458264
vt 0.386024 0.340433
vt 0.470405 0.468956
vt 0.384793 0.376833
vt 0.381471 0.366210
vt 0.479059 0.464678
vt 0.359908 0.409250
vt 0.274668 0.603002
vt 0.267888 0.590614
vt 0.275180 0.581590
vt 0.453667 0.799728
vt 0.282955 0.599563
vt 0.429360 0.462754
vt 0.442855 0.099957
vt 0.444156 0.096807
vt 0.389949 0.322453
vt 0.384137 0.373818
vt 0.480825 0.463721
vt 0.331641 0.566820
vt 0.320313 0.579027
vt 0.396455 0.305498
vt 0.477590 0.462818
vt 0.363309 0.395567
vt 0.382810 0.470713
vt 0.399387 0.315122
vt 0.448242 0.112494
vt 0.268284 0.596955
vt 0.397782 0.309794
vt 0.318001 0.581400
vt 0.261839 0.612854
vt 0.250473 0.611270
vt 0.258776 0.604003
vt 0.492140 0.463163
vt 0.351857 0.469729
vt 0.384764 0.468634
vt 0.433868 0.460708
vt 0.470152 0.463038
vt 0.377336 0.374134
vt 0.266517 0.609910
vt 0.269885 0.608002
vt 0.261212 0.598822
vt 0.267798 0.601824
vt 0.377852 0.465461
vt 0.450944 0.829127
vt 0.477148 0.119124
vt 0.468729 0.127982
vt 0.352557 0.417267
vt 0.300709 0.599237
vt 0.452260 0.701114
vt 0.446034 0.740451
vt 0.372425 0.463250
vt 0.449284 0.796735
vt 0.404399 0.462197
vt 0.443691 0.093308
vt 0.436401 0.101071
vt 0.275603 0.608761
vt 0.475541 0.133188
vt 0.484447 0.131244
vt 0.479911 0.133479
vt 0.441757 0.091770
vt 0.394513 0.310822
vt 0.482946 0.134010
vt 0.478252 0.138082
vt 0.436429 0.104101
vt 0.318384 0.585324
vt 0.290506 0.597123
vt 0.285977 0.594206
vt 0.451979 0.729373
vt 0.255200 0.621291
vt 0.424376 0.456019
vt 0.467446 0.457932
vt 0.373993 0.364685
vt 0.448074 0.734536
vt 0.381313 0.463016
vt 0.432192 0.103721
vt 0.482812 0.137219
vt 0.448579 0.125197
vt 0.323514 0.586069
vt 0.229534 0.638031
vt 0.235666 0.639395
vt 0.239281 0.644872
vt 0.441010 0.851826
vt 0.437730 0.831924
vt 0.493720 0.166584
vt 0.484718 0.157911
vt 0.503456 0.166865
vt 0.322051 0.587531
vt 0.312592 0.594617
vt 0.286163 0.595617
vt 0.447571 0.728248
vt 0.274728 0.611165
vt 0.438783 0.805243
vt 0.433014 0.456688
vt 0.436934 0.105624
vt 0.325426 0.586562
vt 0.287413 0.595766
vt 0.443552 0.731905
vt 0.436625 0.797644
vt 0.223784 0.655894
vt 0.231127 0.641894
vt 0.477008 0.141579
vt 0.485882 0.144258
vt 0.497584 0.148567
vt 0.286500 0.595584
vt 0.437162 0.745456
vt 0.504136 0.183164
vt 0.497850 0.182761
vt 0.495604 0.181345
vt 0.369152 0.369673
vt 0.369059 0.365404
vt 0.286818 0.596583
vt 0.490083 0.179237
vt 0.500234 0.174567
vt 0.497183 0.179719
vt 0.438148 0.737152
vt 0.438734 0.768236
vt 0.439968 0.800423
vt 0.436588 0.802640
vt 0.473251 0.138485
vt 0.368715 0.357994
vt 0.234381 0.634962
vt 0.246304 0.644410
vt 0.385819 0.307470
vt 0.380039 0.323539
vt 0.472265 0.142903
vt 0.281382 0.612514
vt 0.381793 0.309756
vt 0.241733 0.638642
vt 0.244716 0.645707
vt 0.467150 0.141322
vt 0.388912 0.299889
vt 0.384231 0.283921
vt 0.380373 0.303514
vt 0.471509 0.146724
vt 0.443876 0.681348
vt 0.277892 0.618819
vt 0.430996 0.707773
vt 0.435265 0.734383
vt 0.353758 0.397709
vt 0.252989 0.648002
vt 0.363518 0.332046
vt 0.423515 0.112558
vt 0.425745 0.095840
vt 0.421725 0.768893
vt 0.426923 0.111116
vt 0.429234 0.113871
vt 0.323195 0.591763
vt 0.235266 0.665197
vt 0.217380 0.674898
vt 0.327961 0.595850
vt 0.428984 0.744189
vt 0.379346 0.301279
vt 0.336763 0.595903
vt 0.332557 0.595913
vt 0.279993 0.617876
vt 0.427188 0.113742
vt 0.356704 0.377319
vt 0.413907 0.100584
vt 0.328695 0.593210
vt 0.226842 0.682303
vt 0.359342 0.361829
vt 0.344050 0.574696
vt 0.359979 0.356110
vt 0.466151 0.144440
vt 0.425586 0.130949
vt 0.297892 0.611217
vt 0.287747 0.623760
vt 0.484784 0.183422
vt 0.475794 0.176207
vt 0.487805 0.185813
vt 0.321478 0.603662
vt 0.422620 0.733137
vt 0.283218 0.624170
vt 0.428772 0.740569
vt 0.249750 0.651948
vt 0.358697 0.369029
vt 0.326953 0.598038
vt 0.289261 0.622917
vt 0.269296 0.637729
vt 0.419984 0.796803
vt 0.357742 0.357658
vt 0.465048 0.147956
vt 0.285442 0.624301
vt 0.424474 0.804618
vt 0.375357 0.304290
vt 0.428318 0.737860
vt 0.341737 0.383828
vt 0.420226 0.800386
vt 0.484487 0.185474
vt 0.446700 0.147187
vt 0.402786 0.109257
vt 0.355697 0.350470
vt 0.462478 0.151182
vt 0.350652 0.367058
vt 0.311875 0.617359
vt 0.253856 0.653600
vt 0.249020 0.675318
vt 0.479409 0.184389
vt 0.334069 0.602949
vt 0.459243 0.147155
vt 0.919062 0.784762
vt 0.905666 0.801043
vt 0.904523 0.772004
vt 0.255450 0.652760
vt 0.236623 0.689193
vt 0.421207 0.118196
vt 0.413703 0.742575
vt 0.403838 0.760722
vt 0.332534 0.604222
vt 0.351431 0.590872
vt 0.352370 0.586300
vt 0.413577 0.740404
vt 0.462340 0.160809
vt 0.455899 0.151548
vt 0.422930 0.122271
vt 0.300620 0.622337
vt 0.416303 0.737720
vt 0.878567 0.199338
vt 0.874253 0.197070
vt 0.867932 0.191382
vt 0.366397 0.311665
vt 0.367100 0.578434
vt 0.351140 0.357547
vt 0.458805 0.151847
vt 0.420294 0.122673
vt 0.332990 0.609029
vt 0.917865 0.777069
vt 0.920106 0.781062
vt 0.477412 0.191371
vt 0.467479 0.169592
vt 0.877278 0.204154
vt 0.851401 0.199653
vt 0.868328 0.196731
vt 0.416102 0.122568
vt 0.416375 0.116113
vt 0.336933 0.605399
vt 0.261613 0.657235
vt 0.868770 0.194676
vt 0.289914 0.632042
vt 0.283052 0.639761
vt 0.348736 0.355434
vt 0.260365 0.658620
vt 0.260535 0.662176
vt 0.879687 0.203479
vt 0.338289 0.347886
vt 0.450775 0.152912
vt 0.292463 0.632064
vt 0.476297 0.189501
vt 0.284917 0.654853
vt 0.272935 0.657777
vt 0.297160 0.632144
vt 0.918384 0.770783
vt 0.921604 0.780073
vt 0.451841 0.156296
vt 0.454340 0.156845
vt 0.415143 0.127621
vt 0.413014 0.738126
vt 0.399283 0.725803
vt 0.892437 0.186427
vt 0.902641 0.181875
vt 0.898720 0.192241
vt 0.470508 0.190063
vt 0.469876 0.188765
vt 0.465151 0.172986
vt 0.358602 0.608727
vt 0.928643 0.760224
vt 0.939043 0.774793
vt 0.871561 0.217420
vt 0.395581 0.125406
vt 0.326580 0.628617
vt 0.415573 0.130855
vt 0.269102 0.670213
vt 0.336935 0.611327
vt 0.299542 0.638054
vt 0.268850 0.664630
vt 0.914021 0.192554
vt 0.913167 0.182565
vt 0.914868 0.180285
vt 0.339937 0.610193
vt 0.469012 0.192272
vt 0.298816 0.640471
vt 0.887580 0.208372
vt 0.462391 0.190457
vt 0.901659 0.200019
vt 0.269671 0.668069
vt 0.372890 0.594434
vt 0.295270 0.650355
vt 0.915529 0.765714
vt 0.918888 0.764725
vt 0.888163 0.212421
vt 0.447634 0.156589
vt 0.430482 0.143812
vt 0.410038 0.133000
vt 0.341305 0.615253
vt 0.934144 0.759021
vt 0.910533 0.195143
vt 0.310192 0.637989
vt 0.347063 0.612477
vt 0.033042 0.994805
vt 0.033821 0.986211
vt 0.042957 0.983681
vt 0.449792 0.167864
vt 0.336080 0.357123
vt 0.050160 0.985532
vt 0.456157 0.174625
vt 0.911241 0.193473
vt 0.446936 0.160583
vt 0.339025 0.618612
vt 0.954256 0.763977
vt 0.952691 0.765693
vt 0.947582 0.757995
vt 0.948849 0.764580
vt 0.944231 0.756831
vt 0.465518 0.194583
vt 0.912654 0.192147
vt 0.180739 0.812321
vt 0.183439 0.814655
vt 0.176359 0.817335
vt 0.178145 0.823643
vt 0.172398 0.813814
vt 0.170891 0.808134
vt 0.879957 0.216699
vt 0.621527 0.372745
vt 0.612415 0.363134
vt 0.617455 0.365951
vt 0.613129 0.359663
vt 0.625691 0.362289
vt 0.628268 0.367327
vt 0.947214 0.764336
vt 0.937422 0.761330
vt 0.618790 0.372547
vt 0.622881 0.356972
vt 0.443753 0.157293
vt 0.339749 0.616434
vt 0.186132 0.818267
vt 0.181118 0.807319
vt 0.172007 0.817124
vt 0.167401 0.804750
vt 0.257675 0.683275
vt 0.623503 0.380868
vt 0.625326 0.379995
vt 0.633280 0.374150
vt 0.445421 0.159565
vt 0.189239 0.824101
vt 0.174435 0.823887
vt 0.176856 0.800226
vt 0.166649 0.799839
vt 0.163167 0.796830
vt 0.157805 0.788809
vt 0.624393 0.400436
vt 0.626197 0.387189
vt 0.627189 0.401291
vt 0.379341 0.117116
vt 0.162953 0.790690
vt 0.155993 0.788672
vt 0.160977 0.784171
vt 0.623731 0.391283
vt 0.635752 0.378846
vt 0.320397 0.628517
vt 0.941283 0.755804
vt 0.170918 0.790192
vt 0.161484 0.796730
vt 0.636891 0.399763
vt 0.621069 0.390707
vt 0.621001 0.379499
vt 0.608137 0.351750
vt 0.620506 0.352007
vt 0.179685 0.830404
vt 0.167062 0.813540
vt 0.637301 0.390019
vt 0.609944 0.368319
vt 0.430110 0.150928
vt 0.303097 0.639210
vt 0.190758 0.822235
vt 0.184619 0.832745
vt 0.175622 0.795687
vt 0.916515 0.760608
vt 0.167797 0.784269
vt 0.161379 0.781958
vt 0.604972 0.350706
vt 0.168507 0.820325
vt 0.154596 0.791482
vt 0.621596 0.402023
vt 0.638432 0.400104
vt 0.255085 0.693618
vt 0.616296 0.345993
vt 0.194825 0.828356
vt 0.170741 0.828677
vt 0.614255 0.374302
vt 0.605704 0.360380
vt 0.605455 0.356398
vt 0.190552 0.799764
vt 0.173242 0.830952
vt 0.274237 0.670484
vt 0.460136 0.192421
vt 0.606616 0.343471
vt 0.040197 0.978960
vt 0.150253 0.822823
vt 0.178420 0.781701
vt 0.156003 0.829010
vt 0.135539 0.825449
vt 0.154068 0.802928
vt 0.133891 0.808711
vt 0.584531 0.398201
vt 0.606733 0.390590
vt 0.586701 0.382892
vt 0.247812 0.698517
vt 0.648532 0.382882
vt 0.616692 0.381200
vt 0.598687 0.368838
vt 0.636708 0.367964
vt 0.619447 0.344641
vt 0.423207 0.144268
vt 0.194269 0.830794
vt 0.302168 0.646703
vt 0.184204 0.800419
vt 0.164849 0.809182
vt 0.161361 0.803593
vt 0.155072 0.796852
vt 0.616757 0.388347
vt 0.912950 0.198256
vt 0.602138 0.355022
vt 0.440849 0.161595
vt 0.336183 0.625413
vt 0.319056 0.633579
vt 0.175966 0.836607
vt 0.031911 0.984164
vt 0.032952 0.981310
vt 0.156761 0.836529
vt 0.456551 0.184806
vt 0.634497 0.346991
vt 0.344519 0.621679
vt 0.351681 0.614115
vt 0.287959 0.658005
vt 0.280076 0.665034
vt 0.265940 0.679665
vt 0.605174 0.409029
vt 0.612278 0.395485
vt 0.873788 0.221457
vt 0.646284 0.389102
vt 0.899894 0.205284
vt 0.304952 0.643561
vt 0.049259 0.980059
vt 0.189875 0.841580
vt 0.273957 0.672936
vt 0.908436 0.761961
vt 0.582464 0.372886
vt 0.616415 0.394895
vt 0.448089 0.170620
vt 0.639739 0.350924
vt 0.397448 0.130023
vt 0.415384 0.139300
vt 0.058276 0.983091
vt 0.147210 0.790872
vt 0.128742 0.829046
vt 0.616991 0.407675
vt 0.261383 0.688489
vt 0.651350 0.376781
vt 0.452540 0.177474
vt 0.599158 0.349333
vt 0.923554 0.183511
vt 0.921823 0.179610
vt 0.190065 0.838806
vt 0.036718 0.978330
vt 0.031558 0.981574
vt 0.925432 0.758152
vt 0.162974 0.775409
vt 0.889906 0.214436
vt 0.920743 0.191206
vt 0.935784 0.156104
vt 0.928964 0.150789
vt 0.933808 0.151660
vt 0.434160 0.156202
vt 0.615973 0.333309
vt 0.407903 0.137023
vt 0.205533 0.817487
vt 0.188156 0.846749
vt 0.933005 0.754391
vt 0.173744 0.776594
vt 0.619109 0.335926
vt 0.185773 0.792949
vt 0.903179 0.768618
vt 0.646909 0.398787
vt 0.248764 0.701301
vt 0.603218 0.339873
vt 0.642932 0.358251
vt 0.940999 0.751446
vt 0.183710 0.787402
vt 0.061050 0.977619
vt 0.200071 0.835470
vt 0.155182 0.843813
vt 0.647794 0.370043
vt 0.202978 0.809752
vt 0.579210 0.363707
vt 0.560129 0.392555
vt 0.634353 0.340165
vt 0.330177 0.633288
vt 0.322429 0.637899
vt 0.199449 0.807296
vt 0.034426 0.974838
vt 0.251771 0.704744
vt 0.457418 0.195862
vt 0.932542 0.146013
vt 0.940675 0.154197
vt 0.606229 0.332933
vt 0.437998 0.166649
vt 0.419103 0.149776
vt 0.354122 0.617769
vt 0.313668 0.643764
vt 0.195547 0.802743
vt 0.304540 0.650255
vt 0.290600 0.662470
vt 0.283897 0.669759
vt 0.914501 0.755158
vt 0.269967 0.683946
vt 0.883933 0.222786
vt 0.897444 0.217030
vt 0.452210 0.189730
vt 0.449408 0.180289
vt 0.297994 0.656096
vt 0.168291 0.770382
vt 0.258316 0.698506
vt 0.443714 0.173613
vt 0.425675 0.154623
vt 0.879939 0.228589
vt 0.907514 0.206248
vt 0.201427 0.831755
vt 0.652611 0.386979
vt 0.923575 0.197329
vt 0.040421 0.972524
vt 0.277395 0.676232
vt 0.587651 0.347162
vt 0.596483 0.341221
vt 0.927056 0.189689
vt 0.195305 0.844914
vt 0.921644 0.745204
vt 0.142949 0.858086
vt 0.131486 0.856953
vt 0.653809 0.397034
vt 0.925359 0.144055
vt 0.920382 0.151254
vt 0.411727 0.144438
vt 0.049915 0.973279
vt 0.180078 0.844652
vt 0.920966 0.207958
vt 0.163793 0.847444
vt 0.899520 0.763421
vt 0.348231 0.625102
vt 0.340571 0.630485
vt 0.191273 0.793937
vt 0.591676 0.331803
vt 0.559384 0.362442
vt 0.653256 0.371717
vt 0.651015 0.366289
vt 0.603957 0.327923
vt 0.656377 0.379298
vt 0.429817 0.160648
vt 0.647025 0.356310
vt 0.068977 0.983273
vt 0.071900 0.979357
vt 0.276655 0.689785
vt 0.206204 0.838350
vt 0.204166 0.839049
vt 0.666307 0.381672
vt 0.641864 0.343716
vt 0.319393 0.650306
vt 0.198350 0.799723
vt 0.289719 0.675789
vt 0.911332 0.748334
vt 0.179045 0.766996
vt 0.903861 0.750798
vt 0.665687 0.389965
vt 0.606862 0.323078
vt 0.644388 0.347869
vt 0.618188 0.325207
vt 0.915947 0.138372
vt 0.326378 0.645449
vt 0.037279 0.967780
vt 0.884995 0.231828
vt 0.660960 0.374474
vt 0.444273 0.185146
vt 0.431640 0.166485
vt 0.912099 0.149375
vt 0.637180 0.330996
vt 0.203202 0.805362
vt 0.297593 0.669817
vt 0.162208 0.856849
vt 0.268626 0.696634
vt 0.658058 0.377988
vt 0.438654 0.179005
vt 0.926892 0.137286
vt 0.197380 0.850728
vt 0.311999 0.656491
vt 0.182453 0.851771
vt 0.305737 0.663287
vt 0.873707 0.231176
vt 0.898332 0.222603
vt 0.658826 0.378382
vt 0.658496 0.378116
vt 0.913297 0.213785
vt 0.084361 0.970341
vt 0.082641 0.975671
vt 0.190139 0.778327
vt 0.930537 0.742646
vt 0.185283 0.769771
vt 0.554924 0.352676
vt 0.448193 0.193626
vt 0.906814 0.217833
vt 0.420601 0.159830
vt 0.212756 0.823676
vt 0.053048 0.966591
vt 0.658657 0.377995
vt 0.412967 0.152336
vt 0.033473 0.966829
vt 0.655149 0.354251
vt 0.931392 0.201437
vt 0.429462 0.169120
vt 0.936490 0.143844
vt 0.939184 0.152418
vt 0.064996 0.969962
vt 0.040851 0.963936
vt 0.150619 0.860128
vt 0.262964 0.703838
vt 0.452499 0.200498
vt 0.664501 0.367907
vt 0.075054 0.970127
vt 0.189467 0.773810
vt 0.257739 0.711640
vt 0.665612 0.353926
vt 0.931108 0.200948
vt 0.934245 0.200388
vt 0.208255 0.844521
vt 0.025504 0.973685
vt 0.336189 0.639135
vt 0.200040 0.780846
vt 0.142942 0.867057
vt 0.343301 0.633551
vt 0.216812 0.821034
vt 0.200962 0.852513
vt 0.282463 0.683426
vt 0.174385 0.760975
vt 0.658749 0.342221
vt 0.905296 0.144205
vt 0.085817 0.966839
vt 0.212403 0.847172
vt 0.332392 0.645586
vt 0.321268 0.653719
vt 0.039250 0.958877
vt 0.026569 0.969026
vt 0.931546 0.738304
vt 0.935977 0.739841
vt 0.914967 0.742846
vt 0.910122 0.220798
vt 0.896861 0.229135
vt 0.922132 0.212139
vt 0.934134 0.204258
vt 0.902924 0.138640
vt 0.347039 0.634705
vt 0.061474 0.965533
vt 0.049502 0.960014
vt 0.315324 0.660201
vt 0.037751 0.955735
vt 0.310292 0.667733
vt 0.302136 0.670341
vt 0.929959 0.735836
vt 0.291389 0.678394
vt 0.285354 0.685994
vt 0.896645 0.747762
vt 0.271395 0.699194
vt 0.891878 0.752229
vt 0.887152 0.242125
vt 0.883067 0.239846
vt 0.264182 0.706176
vt 0.259417 0.715750
vt 0.253964 0.720708
vt 0.251964 0.719296
vt 0.245345 0.726220
vt 0.244987 0.732236
vt 0.239335 0.737664
vt 0.240018 0.748607
vt 0.236405 0.748855
vt 0.937651 0.140360
vt 0.927406 0.131025
vt 0.230661 0.765337
vt 0.229427 0.761964
vt 0.226326 0.773260
vt 0.904008 0.152497
vt 0.063531 0.962986
vt 0.076323 0.963822
vt 0.333429 0.647971
vt 0.317670 0.660925
vt 0.940574 0.736360
vt 0.302074 0.673508
vt 0.292849 0.679587
vt 0.907844 0.742047
vt 0.279145 0.695056
vt 0.891928 0.746773
vt 0.899531 0.229907
vt 0.916093 0.220510
vt 0.664183 0.344743
vt 0.933908 0.208896
vt 0.943522 0.195974
vt 0.900390 0.137274
vt 0.085223 0.964975
vt 0.094074 0.965818
vt 0.344658 0.641613
vt 0.219657 0.828852
vt 0.203299 0.859480
vt 0.285377 0.688516
vt 0.272264 0.702512
vt 0.248203 0.731256
vt 0.253471 0.724954
vt 0.241664 0.748121
vt 0.924628 0.214671
vt 0.617266 0.313477
vt 0.230325 0.766952
vt 0.086623 0.962872
vt 0.667039 0.371981
vt 0.221385 0.782385
vt 0.605965 0.315003
vt 0.171186 0.859154
vt 0.146647 0.871121
vt 0.603128 0.307370
vt 0.236155 0.759084
vt 0.639201 0.317569
vt 0.864936 0.498987
vt 0.869922 0.490136
vt 0.874099 0.500653
vt 0.195006 0.774426
vt 0.905607 0.727781
vt 0.908588 0.242609
vt 0.626497 0.313332
vt 0.212102 0.850922
vt 0.184584 0.859378
vt 0.026316 0.960508
vt 0.035598 0.948799
vt 0.182865 0.758355
vt 0.574120 0.329980
vt 0.341326 0.653970
vt 0.310953 0.683447
vt 0.548058 0.343671
vt 0.661064 0.334628
vt 0.929712 0.215165
vt 0.925534 0.231667
vt 0.198082 0.864581
vt 0.210674 0.787953
vt 0.589017 0.321817
vt 0.241513 0.759157
vt 0.899672 0.121942
vt 0.109223 0.956753
vt 0.065172 0.950421
vt 0.043444 0.945041
vt 0.861393 0.512510
vt 0.295017 0.696633
vt 0.886675 0.731583
vt 0.934086 0.724248
vt 0.924561 0.722732
vt 0.673653 0.388465
vt 0.645722 0.321906
vt 0.333466 0.661693
vt 0.671776 0.375871
vt 0.088015 0.951738
vt 0.326300 0.668899
vt 0.319323 0.677266
vt 0.646576 0.331421
vt 0.237760 0.767092
vt 0.669605 0.363270
vt 0.940233 0.128919
vt 0.922925 0.113665
vt 0.194320 0.767619
vt 0.941450 0.219905
vt 0.856478 0.505645
vt 0.544347 0.334949
vt 0.659944 0.328506
vt 0.873057 0.484492
vt 0.870327 0.479200
vt 0.882349 0.465687
vt 0.285132 0.707564
vt 0.590561 0.311286
vt 0.606413 0.302809
vt 0.616899 0.304464
vt 0.867118 0.129177
vt 0.876526 0.124192
vt 0.877654 0.138338
vt 0.209352 0.863273
vt 0.280169 0.711916
vt 0.252373 0.746149
vt 0.255982 0.741242
vt 0.865917 0.484540
vt 0.671366 0.351916
vt 0.207900 0.779867
vt 0.177840 0.867972
vt 0.678057 0.377037
vt 0.267888 0.724703
vt 0.674184 0.362769
vt 0.120175 0.957285
vt 0.109787 0.954460
vt 0.857818 0.495355
vt 0.152246 0.880327
vt 0.193722 0.759270
vt 0.183523 0.748190
vt 0.120043 0.953739
vt 0.335571 0.662456
vt 0.040948 0.940787
vt 0.198273 0.767376
vt 0.892886 0.255983
vt 0.065603 0.948314
vt 0.216930 0.857853
vt 0.844458 0.556937
vt 0.846968 0.552427
vt 0.845283 0.557633
vt 0.208724 0.773685
vt 0.864609 0.569395
vt 0.201603 0.766762
vt 0.876048 0.603866
vt 0.681053 0.372791
vt 0.688049 0.379140
vt 0.690008 0.355850
vt 0.695469 0.356599
vt 0.677739 0.362092
vt 0.584074 0.312881
vt 0.853189 0.124830
vt 0.028663 0.954846
vt 0.215694 0.781185
vt 0.196362 0.758086
vt 0.194616 0.756909
vt 0.194498 0.756600
vt 0.194251 0.756128
vt 0.189672 0.745368
vt 0.996882 0.134581
vt 0.952038 0.153111
vt 0.962104 0.135807
vt 0.695737 0.355605
vt 0.954150 0.208730
vt 0.846179 0.544778
vt 0.848418 0.546559
vt 0.682207 0.365135
vt 0.683577 0.352850
vt 0.677578 0.355444
vt 0.190525 0.871456
vt 0.875244 0.576253
vt 0.859810 0.552073
vt 0.943919 0.147733
vt 0.675890 0.348111
vt 0.649239 0.312714
vt 0.860800 0.480677
vt 0.607870 0.043413
vt 0.605833 0.043705
vt 0.597844 0.036916
vt 0.853001 0.542674
vt 0.197332 0.757512
vt 0.689310 0.384531
vt 0.710871 0.360752
vt 0.686433 0.348140
vt 0.105943 0.940184
vt 0.850472 0.534698
vt 0.300143 0.704400
vt 0.612430 0.067667
vt 0.595149 0.038742
vt 0.852826 0.511704
vt 0.946879 0.099810
vt 0.709268 0.361799
vt 0.665582 0.333024
vt 0.915328 0.098571
vt 0.091042 0.935876
vt 0.130818 0.938015
vt 0.131831 0.953115
vt 0.607325 0.039970
vt 0.915637 0.719319
vt 0.702947 0.356130
vt 0.198370 0.880692
vt 0.836476 0.558370
vt 0.844212 0.542701
vt 0.272760 0.736717
vt 0.926137 0.248102
vt 0.675990 0.342102
vt 0.865561 0.472736
vt 0.877937 0.456990
vt 0.177693 0.877500
vt 0.291880 0.714900
vt 0.941141 0.236886
vt 0.606008 0.292212
vt 0.111564 0.937993
vt 0.334045 0.678636
vt 0.837955 0.553973
vt 0.156443 0.889980
vt 0.687341 0.347175
vt 0.246487 0.768430
vt 0.322647 0.681889
vt 0.842428 0.538599
vt 0.844857 0.532420
vt 0.647172 0.300537
vt 0.311848 0.696834
vt 0.538400 0.043158
vt 0.563716 0.032092
vt 0.286961 0.720320
vt 0.988902 0.343704
vt 0.998709 0.344604
vt 0.997195 0.346355
vt 0.678988 0.340022
vt 0.216421 0.770411
vt 0.611466 0.040022
vt 0.602567 0.034151
vt 0.593845 0.026098
vt 0.265410 0.735724
vt 0.676285 0.331612
vt 0.618017 0.294398
vt 0.919761 0.710582
vt 0.931775 0.710104
vt 0.621127 0.027632
vt 0.916759 0.254602
vt 0.210448 0.872241
vt 0.824096 0.546033
vt 0.563898 0.312855
vt 0.539552 0.323319
vt 0.715238 0.359417
vt 0.834329 0.114750
vt 0.834199 0.101962
vt 0.850688 0.106328
vt 0.662223 0.318956
vt 0.139378 0.931868
vt 0.143843 0.940110
vt 0.325630 0.690371
vt 0.989041 0.315551
vt 0.701758 0.347526
vt 0.584512 0.305839
vt 0.641595 0.295825
vt 0.843693 0.525383
vt 0.884152 0.717732
vt 0.260667 0.754062
vt 0.894345 0.103883
vt 0.717489 0.359143
vt 0.852271 0.498429
vt 0.846031 0.503849
vt 0.846067 0.520416
vt 0.949853 0.233075
vt 0.621768 0.290047
vt 0.859798 0.109616
vt 0.069303 0.932773
vt 0.048041 0.927385
vt 0.902488 0.714240
vt 0.906605 0.711573
vt 0.978285 0.316686
vt 0.983548 0.885329
vt 0.989772 0.889035
vt 0.984523 0.895315
vt 0.029679 0.918038
vt 0.324402 0.692665
vt 0.320617 0.694377
vt 0.264061 0.744780
vt 0.669155 0.316738
vt 0.974944 0.890226
vt 0.974027 0.894065
vt 0.829518 0.537944
vt 0.599383 0.023364
vt 0.689710 0.336648
vt 0.940132 0.097122
vt 0.872562 0.108755
vt 0.562101 0.022953
vt 0.901995 0.266688
vt 0.262371 0.751018
vt 0.979938 0.344894
vt 0.127240 0.929644
vt 0.264252 0.746039
vt 0.677898 0.325996
vt 0.935547 0.243160
vt 0.871498 0.452994
vt 0.849957 0.490361
vt 0.193938 0.880544
vt 0.601224 0.020356
vt 0.302044 0.707956
vt 0.265210 0.745822
vt 0.264406 0.745694
vt 0.854822 0.477492
vt 0.842123 0.516120
vt 0.294116 0.715706
vt 0.933415 0.082179
vt 0.167252 0.899896
vt 0.592523 0.017382
vt 0.269488 0.744316
vt 0.978222 0.332692
vt 0.725210 0.361382
vt 0.303706 0.707709
vt 0.297057 0.715781
vt 0.287792 0.721517
vt 0.819463 0.099315
vt 0.827126 0.102337
vt 0.821140 0.102377
vt 0.941061 0.239396
vt 0.580626 0.295908
vt 0.985404 0.898261
vt 0.274224 0.737668
vt 0.974623 0.906758
vt 0.827562 0.521707
vt 0.300062 0.716110
vt 0.611042 0.281516
vt 0.662929 0.305772
vt 0.141610 0.928634
vt 0.142826 0.931486
vt 0.595087 0.010915
vt 0.309137 0.710348
vt 0.495715 0.286821
vt 0.493605 0.281119
vt 0.502356 0.290178
vt 0.725557 0.363822
vt 0.942057 0.242369
vt 0.855225 0.105643
vt 0.869173 0.106376
vt 0.090101 0.927240
vt 0.047408 0.919928
vt 0.068627 0.926521
vt 0.816090 0.546442
vt 0.821684 0.539532
vt 0.283662 0.736805
vt 0.703805 0.342202
vt 0.711314 0.346359
vt 0.699869 0.339038
vt 0.946639 0.245512
vt 0.843970 0.098642
vt 0.852787 0.102514
vt 0.871796 0.103251
vt 0.138128 0.926449
vt 0.145180 0.927986
vt 0.598931 0.014976
vt 0.501479 0.275662
vt 0.521905 0.228372
vt 0.517991 0.235410
vt 0.511715 0.231939
vt 0.826490 0.096338
vt 0.931192 0.475773
vt 0.924846 0.480433
vt 0.935348 0.470904
vt 0.108894 0.928499
vt 0.968218 0.896823
vt 0.139447 0.924608
vt 0.820497 0.552906
vt 0.616376 0.019291
vt 0.901081 0.708310
vt 0.292739 0.726263
vt 0.679187 0.315229
vt 0.922210 0.083312
vt 0.930761 0.076888
vt 0.830244 0.530750
vt 0.919333 0.704002
vt 0.149619 0.934258
vt 0.149759 0.925807
vt 0.155790 0.933177
vt 0.713861 0.351716
vt 0.936560 0.247870
vt 0.892990 0.097767
vt 0.144147 0.925386
vt 0.820915 0.529840
vt 0.564621 0.015995
vt 0.905569 0.707746
vt 0.908026 0.705217
vt 0.901672 0.706181
vt 0.505715 0.242354
vt 0.925456 0.255649
vt 0.919525 0.260332
vt 0.833309 0.096046
vt 0.862050 0.099737
vt 0.870562 0.100546
vt 0.913618 0.091454
vt 0.214268 0.877814
vt 0.032298 0.910277
vt 0.507834 0.258485
vt 0.500069 0.258320
vt 0.519646 0.223192
vt 0.812216 0.538709
vt 0.808462 0.555364
vt 0.834005 0.507993
vt 0.971788 0.334308
vt 0.971704 0.335018
vt 0.717707 0.348012
vt 0.942356 0.247352
vt 0.696212 0.332910
vt 0.609434 0.278034
vt 0.669023 0.305877
vt 0.856494 0.099654
vt 0.495471 0.306005
vt 0.502573 0.303314
vt 0.911091 0.268183
vt 0.972018 0.328021
vt 0.728136 0.359105
vt 0.689941 0.324287
vt 0.585855 0.276777
vt 0.623593 0.279674
vt 0.600711 0.007660
vt 0.904148 0.272633
vt 0.552309 0.299249
vt 0.704694 0.335690
vt 0.953733 0.238603
vt 0.882886 0.712149
vt 0.975063 0.311980
vt 0.946225 0.248224
vt 0.711083 0.340617
vt 0.092599 0.924291
vt 0.082527 0.923366
vt 0.103877 0.924050
vt 0.118365 0.923929
vt 0.070309 0.924015
vt 0.059392 0.921782
vt 0.043135 0.912871
vt 0.129382 0.925348
vt 0.040944 0.912612
vt 0.033228 0.909214
vt 0.155176 0.919674
vt 0.910284 0.703949
vt 0.918276 0.702190
vt 0.490264 0.292340
vt 0.490051 0.289016
vt 0.912501 0.270719
vt 0.914617 0.267993
vt 0.510697 0.229052
vt 0.921675 0.260508
vt 0.512465 0.227757
vt 0.510521 0.226285
vt 0.929009 0.254703
vt 0.820016 0.095146
vt 0.831091 0.092689
vt 0.842213 0.094100
vt 0.849541 0.099681
vt 0.952191 0.243033
vt 0.931825 0.073529
vt 0.913054 0.089083
vt 0.879962 0.098371
vt 0.901917 0.091930
vt 0.900320 0.091339
vt 0.890436 0.095857
vt 0.844122 0.490532
vt 0.199811 0.889631
vt 0.183117 0.903849
vt 0.889468 0.707193
vt 0.882932 0.708635
vt 0.965829 0.310117
vt 0.905140 0.275845
vt 0.965786 0.344930
vt 0.933685 0.482319
vt 0.930531 0.478097
vt 0.939313 0.472321
vt 0.718776 0.351695
vt 0.716301 0.344032
vt 0.810043 0.544752
vt 0.957243 0.904047
vt 0.961773 0.888523
vt 0.140178 0.919482
vt 0.138269 0.921295
vt 0.612287 0.012338
vt 0.905090 0.698566
vt 0.481377 0.281846
vt 0.478206 0.269130
vt 0.919476 0.274069
vt 0.977975 0.546367
vt 0.985954 0.536856
vt 0.978195 0.551413
vt 0.072470 0.916983
vt 0.104778 0.920411
vt 0.978909 0.904885
vt 0.062791 0.911686
vt 0.121482 0.917623
vt 0.967705 0.901099
vt 0.134147 0.917697
vt 0.041701 0.901717
vt 0.148723 0.917753
vt 0.682128 0.219004
vt 0.681405 0.228945
vt 0.679218 0.232432
vt 0.532373 0.310484
vt 0.938949 0.258159
vt 0.950910 0.253534
vt 0.868213 0.097215
vt 0.656626 0.288614
vt 0.875540 0.093108
vt 0.879133 0.095485
vt 0.900145 0.082833
vt 0.461341 0.043181
vt 0.471557 0.036803
vt 0.470385 0.040551
vt 0.981509 0.535004
vt 0.101399 0.915378
vt 0.115457 0.916851
vt 0.118462 0.920340
vt 0.619207 0.010342
vt 0.622490 0.014503
vt 0.033638 0.896119
vt 0.927437 0.265472
vt 0.890471 0.088280
vt 0.083277 0.916130
vt 0.594161 0.007361
vt 0.143939 0.918568
vt 0.562925 0.005655
vt 0.899260 0.700101
vt 0.884076 0.701074
vt 0.919527 0.275555
vt 0.648984 0.285334
vt 0.459952 0.040794
vt 0.127345 0.916082
vt 0.599863 0.007356
vt 0.942632 0.468809
vt 0.834529 0.084682
vt 0.855049 0.091058
vt 0.214271 0.267055
vt 0.221486 0.264632
vt 0.228183 0.268146
vt 0.802349 0.551824
vt 0.811303 0.527071
vt 0.048957 0.903536
vt 0.818388 0.521610
vt 0.909110 0.282573
vt 0.692865 0.313404
vt 0.947421 0.253876
vt 0.842347 0.087676
vt 0.842750 0.091903
vt 0.702365 0.330480
vt 0.579886 0.275909
vt 0.896825 0.085029
vt 0.470895 0.050585
vt 0.477936 0.038409
vt 0.978585 0.526887
vt 0.804518 0.537842
vt 0.046263 0.904475
vt 0.670635 0.229013
vt 0.503851 0.219857
vt 0.511621 0.220430
vt 0.518628 0.213680
vt 0.524112 0.217073
vt 0.697253 0.325863
vt 0.860708 0.091383
vt 0.897891 0.081836
vt 0.469219 0.053063
vt 0.475963 0.049513
vt 0.462881 0.051220
vt 0.973673 0.550394
vt 0.985143 0.524473
vt 0.217100 0.275159
vt 0.226788 0.273330
vt 0.064480 0.912858
vt 0.838775 0.496779
vt 0.932840 0.063448
vt 0.923911 0.071286
vt 0.863265 0.087958
vt 0.864753 0.090930
vt 0.458434 0.036058
vt 0.975741 0.536467
vt 0.229592 0.278842
vt 0.694953 0.247995
vt 0.680104 0.240743
vt 0.682692 0.212271
vt 0.686036 0.206144
vt 0.712566 0.337349
vt 0.918787 0.076988
vt 0.909275 0.079979
vt 0.880889 0.089844
vt 0.463399 0.052187
vt 0.093764 0.915303
vt 0.962036 0.175109
vt 0.954084 0.175109
vt 0.954884 0.173287
vt 0.917196 0.275689
vt 0.844696 0.091447
vt 0.848586 0.092346
vt 0.980356 0.653511
vt 0.980615 0.661256
vt 0.974614 0.659876
vt 0.970016 0.664767
vt 0.974410 0.665202
vt 0.870949 0.092453
vt 0.472319 0.062987
vt 0.478558 0.030550
vt 0.236551 0.265200
vt 0.805587 0.556752
vt 0.723180 0.212826
vt 0.698049 0.302874
vt 0.577302 0.285798
vt 0.704041 0.330253
vt 0.630166 0.275011
vt 0.469152 0.029397
vt 0.232628 0.262549
vt 0.851977 0.468870
vt 0.847914 0.471727
vt 0.315756 0.265628
vt 0.307874 0.268489
vt 0.311026 0.262136
vt 0.136704 0.915679
vt 0.485219 0.297948
vt 0.678819 0.213744
vt 0.968247 0.658775
vt 0.970393 0.665396
vt 0.969675 0.665964
vt 0.919601 0.075972
vt 0.467466 0.063689
vt 0.975490 0.528145
vt 0.241670 0.273435
vt 0.117343 0.915437
vt 0.616797 0.009081
vt 0.679531 0.248752
vt 0.971879 0.651607
vt 0.713887 0.337043
vt 0.479074 0.060011
vt 0.971240 0.546121
vt 0.259251 0.269646
vt 0.253868 0.263184
vt 0.263466 0.261944
vt 0.269239 0.268138
vt 0.293429 0.263553
vt 0.976147 0.916870
vt 0.480445 0.105000
vt 0.473364 0.087880
vt 0.484817 0.101881
vt 0.479806 0.087211
vt 0.474364 0.079372
vt 0.469688 0.080042
vt 0.472003 0.069506
vt 0.479383 0.079625
vt 0.463212 0.065458
vt 0.220871 0.259905
vt 0.245789 0.268925
vt 0.253902 0.266473
vt 0.198129 0.889845
vt 0.615277 0.272287
vt 0.645494 0.278619
vt 0.485367 0.108311
vt 0.484242 0.088566
vt 0.468327 0.088491
vt 0.467605 0.078286
vt 0.467824 0.066033
vt 0.273197 0.271187
vt 0.288334 0.258214
vt 0.295401 0.266470
vt 0.298333 0.265156
vt 0.097564 0.895205
vt 0.803384 0.528927
vt 0.106246 0.895792
vt 0.068132 0.891597
vt 0.092820 0.894901
vt 0.117182 0.895462
vt 0.090241 0.894774
vt 0.078455 0.894707
vt 0.091714 0.894387
vt 0.052569 0.883719
vt 0.045196 0.889098
vt 0.062428 0.886058
vt 0.059347 0.884084
vt 0.124999 0.894835
vt 0.048014 0.877094
vt 0.135672 0.893786
vt 0.650375 0.267875
vt 0.680811 0.258387
vt 0.671577 0.262866
vt 0.043653 0.878662
vt 0.651867 0.247187
vt 0.140506 0.889995
vt 0.036401 0.880018
vt 0.681595 0.256889
vt 0.887581 0.689105
vt 0.040810 0.879653
vt 0.647644 0.239984
vt 0.644828 0.229632
vt 0.917930 0.294773
vt 0.670931 0.185426
vt 0.650303 0.214199
vt 0.923610 0.289122
vt 0.686244 0.192511
vt 0.025839 0.872635
vt 0.030852 0.876722
vt 0.023148 0.872055
vt 0.934313 0.281009
vt 0.655405 0.197997
vt 0.021830 0.870943
vt 0.019081 0.870236
vt 0.658487 0.190183
vt 0.940463 0.276528
vt 0.842185 0.056837
vt 0.847413 0.059905
vt 0.834338 0.068046
vt 0.947017 0.272394
vt 0.508946 0.211716
vt 0.922405 0.043618
vt 0.917644 0.048414
vt 0.855567 0.063081
vt 0.911964 0.052861
vt 0.863251 0.063048
vt 0.865987 0.065507
vt 0.861627 0.063447
vt 0.911394 0.054049
vt 0.904681 0.059634
vt 0.873596 0.065758
vt 0.883024 0.065719
vt 0.913524 0.076903
vt 0.897161 0.062778
vt 0.888570 0.065096
vt 0.890920 0.064579
vt 0.711629 0.333103
vt 0.225108 0.121204
vt 0.220890 0.114355
vt 0.225927 0.108982
vt 0.478569 0.075870
vt 0.456018 0.053031
vt 0.451886 0.045431
vt 0.963588 0.554356
vt 0.962803 0.557727
vt 0.218748 0.283592
vt 0.246068 0.279199
vt 0.260576 0.274957
vt 0.265455 0.258201
vt 0.293619 0.258108
vt 0.295313 0.258112
vt 0.991108 0.922750
vt 0.968100 0.921453
vt 0.977292 0.646947
vt 0.218373 0.118978
vt 0.486388 0.112050
vt 0.975144 0.517017
vt 0.248830 0.259081
vt 0.250340 0.256083
vt 0.304801 0.260437
vt 0.799797 0.544327
vt 0.613068 0.002802
vt 0.820788 0.510949
vt 0.348379 0.256886
vt 0.344096 0.252163
vt 0.347297 0.253321
vt 0.992706 0.638629
vt 0.985695 0.647539
vt 0.981593 0.641647
vt 0.967873 0.670011
vt 0.966470 0.666039
vt 0.223076 0.121792
vt 0.480165 0.112726
vt 0.231277 0.113720
vt 0.463269 0.080748
vt 0.482736 0.048347
vt 0.456511 0.054308
vt 0.217880 0.258851
vt 0.258490 0.256531
vt 0.300950 0.270460
vt 0.322946 0.262686
vt 0.320258 0.260148
vt 0.322362 0.260169
vt 0.066768 0.888917
vt 0.345235 0.259165
vt 0.342601 0.255411
vt 0.946086 0.469003
vt 0.936150 0.495025
vt 0.944385 0.460091
vt 0.699045 0.320851
vt 0.953065 0.732828
vt 0.945340 0.732916
vt 0.947026 0.727721
vt 0.474025 0.104460
vt 0.236928 0.098925
vt 0.485845 0.080499
vt 0.460707 0.066857
vt 0.297584 0.270178
vt 0.840505 0.486159
vt 0.618018 0.004648
vt 0.066727 0.888432
vt 0.109071 0.615051
vt 0.096904 0.609805
vt 0.107168 0.604574
vt 0.995730 0.831538
vt 0.996681 0.833255
vt 0.957758 0.829465
vt 0.681541 0.304193
vt 0.704838 0.322366
vt 0.944498 0.725582
vt 0.948027 0.721292
vt 0.663898 0.291245
vt 0.458099 0.066672
vt 0.485321 0.031909
vt 0.449243 0.042565
vt 0.243012 0.256877
vt 0.267624 0.254099
vt 0.067108 0.887676
vt 0.024195 0.854987
vt 0.956111 0.726506
vt 0.957305 0.726760
vt 0.463036 0.070941
vt 0.484774 0.073206
vt 0.301478 0.254392
vt 0.341254 0.255942
vt 0.719052 0.271265
vt 0.045736 0.844623
vt 0.993224 0.862209
vt 0.995477 0.865156
vt 0.963654 0.865074
vt 0.231409 0.283861
vt 0.231654 0.257611
vt 0.959613 0.910858
vt 0.812215 0.513770
vt 0.588979 0.000897
vt 0.846532 0.049776
vt 0.998813 0.873131
vt 0.965996 0.870222
vt 0.962622 0.661072
vt 0.232288 0.118354
vt 0.461420 0.079344
vt 0.279664 0.275287
vt 0.967009 0.920732
vt 0.833686 0.490211
vt 0.442771 0.279865
vt 0.227053 0.125295
vt 0.970228 0.724981
vt 0.986352 0.732089
vt 0.968625 0.729048
vt 0.984374 0.726320
vt 0.996878 0.729425
vt 0.243316 0.282716
vt 0.282896 0.253225
vt 0.804766 0.518336
vt 0.318660 0.272564
vt 0.460361 0.226891
vt 0.711806 0.328941
vt 0.457524 0.072803
vt 0.260578 0.278154
vt 0.302948 0.275346
vt 0.310791 0.273135
vt 0.118274 0.863723
vt 0.560290 0.000212
vt 0.131796 0.885926
vt 0.120943 0.612833
vt 0.104368 0.643578
vt 0.087278 0.611408
vt 0.966903 0.654424
vt 0.230037 0.125984
vt 0.238678 0.111588
vt 0.245127 0.094160
vt 0.290755 0.252756
vt 0.058083 0.861457
vt 0.858923 0.999990
vt 0.857076 0.993121
vt 0.892202 0.995017
vt 0.258438 0.251565
vt 0.075152 0.862066
vt 0.017869 0.851846
vt 0.999325 0.879907
vt 0.669269 0.295545
vt 0.246506 0.254012
vt 0.324857 0.268160
vt 0.131908 0.885354
vt 0.039146 0.840344
vt 0.699329 0.316759
vt 0.626210 0.264507
vt 0.957404 0.721408
vt 0.485844 0.060101
vt 0.451427 0.055626
vt 0.449988 0.054546
vt 0.965614 0.530057
vt 0.084271 0.861077
vt 0.049103 0.845660
vt 0.997964 0.815167
vt 0.997715 0.823866
vt 0.957006 0.823509
vt 0.946471 0.456176
vt 0.996365 0.725515
vt 0.251156 0.096854
vt 0.248475 0.087538
vt 0.455928 0.079381
vt 0.960866 0.548608
vt 0.969310 0.521594
vt 0.219288 0.254407
vt 0.291958 0.252313
vt 0.330122 0.262977
vt 0.043614 0.842938
vt 0.570044 0.281347
vt 0.984436 0.628593
vt 0.707876 0.314680
vt 0.955342 0.552768
vt 0.201611 0.901893
vt 0.576781 0.263548
vt 0.466857 0.021099
vt 0.444870 0.032077
vt 0.231622 0.253825
vt 0.722104 0.232567
vt 0.973323 0.642255
vt 0.960409 0.656559
vt 0.232037 0.129212
vt 0.250594 0.098314
vt 0.998024 0.721823
vt 0.455215 0.068419
vt 0.265226 0.058674
vt 0.268366 0.051378
vt 0.274001 0.058993
vt 0.965726 0.523958
vt 0.264230 0.281750
vt 0.822919 0.496891
vt 0.849826 0.042683
vt 0.996431 0.842147
vt 0.996742 0.850928
vt 0.961627 0.838490
vt 0.608064 0.254744
vt 0.235654 0.121554
vt 0.263498 0.067714
vt 0.256478 0.077823
vt 0.258583 0.065748
vt 0.221714 0.289411
vt 0.290651 0.279139
vt 0.796546 0.521966
vt 0.345971 0.265368
vt 0.332396 0.271544
vt 0.048106 0.643658
vt 0.039750 0.643855
vt 0.046791 0.625044
vt 0.959050 0.719623
vt 0.989014 0.720605
vt 0.279192 0.055245
vt 0.263791 0.248816
vt 0.127013 0.869873
vt 0.044874 0.844030
vt 0.066733 0.656824
vt 0.052828 0.622304
vt 0.063453 0.617704
vt 0.999598 0.881672
vt 0.963590 0.877224
vt 0.976022 0.635949
vt 0.964080 0.651191
vt 0.951535 0.554235
vt 0.216283 0.251585
vt 0.254287 0.284356
vt 0.258250 0.248693
vt 0.121001 0.613500
vt 0.453795 0.245438
vt 0.032875 0.835829
vt 0.943282 0.722688
vt 0.943023 0.716186
vt 0.948277 0.716983
vt 0.255302 0.089756
vt 0.235402 0.251170
vt 0.277862 0.248602
vt 0.349773 0.261178
vt 0.371226 0.246796
vt 0.121053 0.614169
vt 0.974831 0.803438
vt 0.998065 0.798862
vt 0.995756 0.804061
vt 0.980558 0.809066
vt 0.950065 0.458166
vt 0.959008 0.479432
vt 0.963934 0.514496
vt 0.247579 0.249329
vt 0.851358 0.452219
vt 0.297865 0.247195
vt 0.728529 0.253539
vt 0.699252 0.311287
vt 0.966507 0.645136
vt 0.982154 0.718582
vt 0.446390 0.055969
vt 0.263883 0.286110
vt 0.288464 0.248683
vt 0.090479 0.649333
vt 0.074915 0.614258
vt 0.525477 0.274930
vt 0.656403 0.273325
vt 0.654446 0.272907
vt 0.243604 0.288569
vt 0.305071 0.279956
vt 0.312518 0.278919
vt 0.956179 0.920925
vt 0.210057 0.912369
vt 0.077214 0.653750
vt 0.971223 0.717710
vt 0.449327 0.068608
vt 0.221764 0.252655
vt 0.271040 0.284578
vt 0.290105 0.247530
vt 0.957785 0.714776
vt 0.235024 0.128420
vt 0.996127 0.719093
vt 0.262771 0.081769
vt 0.445384 0.046334
vt 0.810182 0.503418
vt 0.910670 0.000249
vt 0.938319 0.000249
vt 0.931689 0.008573
vt 0.567936 0.255552
vt 0.628516 0.254376
vt 0.244304 0.113628
vt 0.446846 0.062312
vt 0.268174 0.072599
vt 0.956516 0.541933
vt 0.232469 0.289533
vt 0.196449 0.915882
vt 0.060524 0.657272
vt 0.958035 0.828559
vt 0.443548 0.055371
vt 0.291781 0.284664
vt 0.962546 0.716087
vt 0.131947 0.630343
vt 0.450216 0.072508
vt 0.825022 0.468144
vt 0.829102 0.467696
vt 0.446352 0.263070
vt 0.969383 0.639071
vt 0.960758 0.844858
vt 0.976918 0.589797
vt 0.988978 0.592832
vt 0.969259 0.595287
vt 0.257503 0.290622
vt 0.264710 0.286903
vt 0.314185 0.305352
vt 0.318548 0.307210
vt 0.314753 0.313564
vt 0.056221 0.850497
vt 0.958254 0.817540
vt 0.959870 0.647830
vt 0.611407 0.254584
vt 0.232166 0.136316
vt 0.228994 0.134592
vt 0.242590 0.122744
vt 0.325869 0.275332
vt 0.971189 0.470320
vt 0.259813 0.095390
vt 0.261333 0.243649
vt 0.826008 0.484378
vt 0.115695 0.641522
vt 0.173087 0.931069
vt 0.948489 0.710896
vt 0.960896 0.934949
vt 0.209949 0.894117
vt 0.979333 0.793129
vt 0.966436 0.797685
vt 0.216432 0.247775
vt 0.243572 0.245414
vt 0.304256 0.300109
vt 0.306827 0.304392
vt 0.304606 0.306733
vt 0.709279 0.278500
vt 0.683792 0.289129
vt 0.235279 0.131006
vt 0.962379 0.711004
vt 0.251456 0.109428
vt 0.445465 0.080816
vt 0.447446 0.075412
vt 0.961849 0.521027
vt 0.263805 0.286739
vt 0.800289 0.508740
vt 0.063291 0.656136
vt 0.968425 0.630061
vt 0.701890 0.304454
vt 0.996870 0.857597
vt 0.769358 0.000226
vt 0.813079 0.000226
vt 0.811805 0.006628
vt 0.259366 0.102022
vt 0.275232 0.063795
vt 0.277179 0.244847
vt 0.997921 0.712566
vt 0.441282 0.041093
vt 0.242958 0.295072
vt 0.245896 0.244159
vt 0.273275 0.290604
vt 0.305350 0.285738
vt 0.319467 0.281741
vt 0.321569 0.312906
vt 0.964562 0.799875
vt 0.975718 0.711870
vt 0.248924 0.117930
vt 0.982804 0.714367
vt 0.274187 0.074080
vt 0.951788 0.542266
vt 0.232825 0.294932
vt 0.258702 0.244067
vt 0.294115 0.305101
vt 0.313638 0.286213
vt 0.206525 0.912099
vt 0.578915 0.257115
vt 0.958203 0.707186
vt 0.351727 0.263711
vt 0.366569 0.255449
vt 0.954196 0.452996
vt 0.672069 0.275446
vt 0.239633 0.132148
vt 0.989449 0.714381
vt 0.996460 0.714579
vt 0.443477 0.068575
vt 0.440629 0.057810
vt 0.228777 0.246391
vt 0.095239 0.859695
vt 0.107767 0.861507
vt 0.957284 0.830927
vt 0.625847 0.254868
vt 0.291266 0.289627
vt 0.961031 0.807471
vt 0.944718 0.445763
vt 0.937058 0.709669
vt 0.937038 0.715984
vt 0.950541 0.572378
vt 0.938185 0.556461
vt 0.933105 0.544373
vt 0.960609 0.641861
vt 0.269472 0.085115
vt 0.306080 0.295141
vt 0.128935 0.641708
vt 0.952251 0.444192
vt 0.238443 0.133514
vt 0.946929 0.705937
vt 0.245685 0.124080
vt 0.439958 0.044974
vt 0.314184 0.297485
vt 0.722574 0.257720
vt 0.111461 0.640720
vt 0.108810 0.642100
vt 0.848342 0.043884
vt 0.943242 0.708904
vt 0.234222 0.138543
vt 0.265778 0.294465
vt 0.291589 0.302017
vt 0.277581 0.306805
vt 0.302198 0.291252
vt 0.821581 0.472781
vt 0.068842 0.859541
vt 0.742622 0.200052
vt 0.704892 0.300565
vt 0.964527 0.636135
vt 0.971731 0.564051
vt 0.960468 0.573341
vt 0.239424 0.143472
vt 0.241150 0.137269
vt 0.242289 0.138250
vt 0.441953 0.077546
vt 0.435592 0.057206
vt 0.954382 0.517393
vt 0.957252 0.513122
vt 0.626110 0.004489
vt 0.649286 0.000148
vt 0.682864 0.009119
vt 0.641245 0.247489
vt 0.940325 0.542793
vt 0.948087 0.543873
vt 0.935103 0.535526
vt 0.941747 0.535815
vt 0.255672 0.297580
vt 0.276081 0.306033
vt 0.279492 0.301976
vt 0.968479 0.240441
vt 0.956737 0.250612
vt 0.966897 0.230502
vt 0.345505 0.273067
vt 0.965383 0.874498
vt 0.699823 0.299904
vt 0.236187 0.141665
vt 0.996185 0.708996
vt 0.956362 0.528356
vt 0.261897 0.301337
vt 0.262366 0.307238
vt 0.260916 0.306162
vt 0.271492 0.301765
vt 0.205018 0.913451
vt 0.964023 0.577229
vt 0.269119 0.094733
vt 0.439676 0.066299
vt 0.955490 0.533944
vt 0.956203 0.524138
vt 0.245676 0.305470
vt 0.229047 0.243320
vt 0.272728 0.294905
vt 0.278745 0.295978
vt 0.298965 0.296623
vt 0.450811 0.206798
vt 0.956946 0.859067
vt 0.959911 0.704290
vt 0.971210 0.707870
vt 0.259742 0.105655
vt 0.255402 0.114078
vt 0.327455 0.280297
vt 0.945599 0.441629
vt 0.955826 0.646430
vt 0.242811 0.135473
vt 0.250419 0.126059
vt 0.984741 0.707951
vt 0.986580 0.708141
vt 0.998567 0.699429
vt 0.997341 0.707482
vt 0.994248 0.701651
vt 0.270189 0.100448
vt 0.275010 0.087018
vt 0.245601 0.300581
vt 0.319677 0.290622
vt 0.801435 0.501938
vt 0.439138 0.958196
vt 0.422743 0.987569
vt 0.417646 0.989334
vt 0.971368 0.703899
vt 0.275270 0.096865
vt 0.272493 0.095928
vt 0.440429 0.081892
vt 0.272633 0.095613
vt 0.273071 0.095278
vt 0.297855 0.068692
vt 0.292917 0.068655
vt 0.296581 0.061865
vt 0.284905 0.064717
vt 0.950340 0.520688
vt 0.942641 0.516356
vt 0.938738 0.524284
vt 0.265272 0.298773
vt 0.977045 0.244978
vt 0.975571 0.230907
vt 0.960093 0.793161
vt 0.958309 0.788689
vt 0.980500 0.787844
vt 0.048030 0.664932
vt 0.022848 0.633740
vt 0.960097 0.856219
vt 0.944929 0.571691
vt 0.284483 0.086729
vt 0.066767 0.857509
vt 0.955139 0.640191
vt 0.946706 0.701280
vt 0.987829 0.584051
vt 0.975833 0.586855
vt 0.320318 0.300340
vt 0.097776 0.859782
vt 0.334969 0.281790
vt 0.283481 0.067519
vt 0.944583 0.526875
vt 0.788927 0.476871
vt 0.936104 0.705889
vt 0.985083 0.701909
vt 0.287771 0.076971
vt 0.290411 0.080407
vt 0.948624 0.538794
vt 0.967905 0.946781
vt 0.940220 0.917870
vt 0.322879 0.310091
vt 0.951769 0.645570
vt 0.939983 0.700499
vt 0.279059 0.077306
vt 0.296310 0.072605
vt 0.953678 0.939893
vt 0.787951 0.492836
vt 0.347185 0.274606
vt 0.423926 0.988598
vt 0.429111 0.986889
vt 0.423417 0.993651
vt 0.548514 0.259521
vt 0.960372 0.634701
vt 0.799494 0.501680
vt 0.958654 0.627537
vt 0.272311 0.000088
vt 0.269091 0.000948
vt 0.267611 0.000000
vt 0.952637 0.528219
vt 0.945230 0.936764
vt 0.794291 0.503694
vt 0.963196 0.797450
vt 0.739140 0.270229
vt 0.291384 0.071025
vt 0.141034 0.638580
vt 0.626699 0.010643
vt 0.961263 0.853390
vt 0.946075 0.641631
vt 0.327064 0.287951
vt 0.426529 0.986541
vt 0.445333 0.959674
vt 0.427587 0.992934
vt 0.998829 0.421294
vt 0.032979 0.672969
vt 0.935359 0.701677
vt 0.324851 0.305074
vt 0.329475 0.311309
vt 0.326275 0.314882
vt 0.118040 0.648023
vt 0.101591 0.658195
vt 0.090162 0.651858
vt 0.064215 0.661507
vt 0.326161 0.294057
vt 0.068844 0.669781
vt 0.409694 0.209231
vt 0.049017 0.673671
vt 0.201185 0.933016
vt 0.209398 0.924855
vt 0.126993 0.656681
vt 0.142344 0.647284
vt 0.089359 0.669604
vt 0.953805 0.633166
vt 0.946299 0.635116
vt 0.976957 0.956774
vt 0.032308 0.682983
vt 0.030774 0.673088
vt 0.217028 0.931877
vt 0.326446 0.301066
vt 0.144050 0.658507
vt 0.752388 0.233744
vt 0.064529 0.676528
vt 0.555605 0.000243
vt 0.525996 0.002826
vt 0.498664 0.000091
vt 0.029305 0.675031
vt 0.433269 0.990953
vt 0.434508 0.984995
vt 0.104549 0.853319
vt 0.121706 0.858582
vt 0.333979 0.289653
vt 0.413742 0.269362
vt 0.105446 0.667567
vt 0.424618 0.233285
vt 0.045376 0.687118
vt 0.958092 0.879663
vt 0.955536 0.868966
vt 0.330948 0.308672
vt 0.354448 0.267839
vt 0.354901 0.273113
vt 0.119532 0.664235
vt 0.090363 0.673508
vt 0.432435 0.954725
vt 0.033901 0.695659
vt 0.933679 0.702457
vt 0.557824 0.243150
vt 0.946374 0.940184
vt 0.331304 0.310251
vt 0.132188 0.663381
vt 0.935645 0.431525
vt 0.950502 0.860357
vt 0.950627 0.879191
vt 0.126428 0.853317
vt 0.596643 0.242455
vt 0.129294 0.020252
vt 0.099055 0.026949
vt 0.126169 0.017184
vt 0.924202 0.430257
vt 0.435824 0.985020
vt 0.438927 0.987396
vt 0.953516 0.626356
vt 0.948436 0.871906
vt 0.933349 0.695223
vt 0.950012 0.742337
vt 0.967444 0.761086
vt 0.949210 0.751274
vt 0.112585 0.848342
vt 0.090151 0.854395
vt 0.374621 0.261554
vt 0.953763 0.841675
vt 0.098057 0.847341
vt 0.032843 0.805119
vt 0.048314 0.795515
vt 0.032752 0.808096
vt 0.334582 0.319330
vt 0.060134 0.690426
vt 0.065852 0.849613
vt 0.332759 0.303636
vt 0.353006 0.278499
vt 0.121429 0.678075
vt 0.494191 0.000009
vt 0.466504 0.004876
vt 0.437661 0.002393
vt 0.441135 0.990158
vt 0.952236 0.828364
vt 0.945494 0.851313
vt 0.120760 0.848829
vt 0.332433 0.296234
vt 0.931101 0.422821
vt 0.945834 0.626962
vt 0.946494 0.631383
vt 0.943741 0.626237
vt 0.939210 0.631013
vt 0.944671 0.861219
vt 0.081267 0.843621
vt 0.101569 0.683428
vt 0.938857 0.939800
vt 0.139251 0.673097
vt 0.072726 0.685539
vt 0.075077 0.017592
vt 0.066525 0.020343
vt 0.068922 0.017292
vt 0.213172 0.933096
vt 0.124797 0.848257
vt 0.124700 0.848807
vt 0.345713 0.286902
vt 0.954780 0.813952
vt 0.946106 0.828608
vt 0.073281 0.012267
vt 0.448177 0.969732
vt 0.946355 0.836665
vt 0.050437 0.703171
vt 0.945833 0.738608
vt 0.962716 0.748655
vt 0.125004 0.847698
vt 0.336629 0.308317
vt 0.315215 0.002971
vt 0.364894 0.002971
vt 0.364385 0.008804
vt 0.420213 0.194395
vt 0.954779 0.803123
vt 0.965233 0.746420
vt 0.629110 0.244636
vt 0.983462 0.252111
vt 0.976991 0.261899
vt 0.978760 0.246608
vt 0.116794 0.840507
vt 0.065952 0.840935
vt 0.346887 0.284214
vt 0.765722 0.278289
vt 0.748624 0.281118
vt 0.044593 0.838466
vt 0.086256 0.684324
vt 0.938444 0.878584
vt 0.961774 0.589859
vt 0.338294 0.307160
vt 0.343023 0.318252
vt 0.400680 0.268087
vt 0.030272 0.829867
vt 0.953169 0.791101
vt 0.947853 0.816824
vt 0.073416 0.009031
vt 0.080827 0.013100
vt 0.943443 0.843346
vt 0.969309 0.264148
vt 0.050970 0.833753
vt 0.144162 0.019716
vt 0.929190 0.424297
vt 0.105732 0.837544
vt 0.156910 0.671206
vt 0.148034 0.662730
vt 0.074982 0.025598
vt 0.038957 0.709035
vt 0.936677 0.866676
vt 0.936083 0.859973
vt 0.956758 0.266036
vt 0.037030 0.826209
vt 0.946589 0.796863
vt 0.096277 0.837359
vt 0.031807 0.093709
vt 0.041563 0.086997
vt 0.044018 0.095092
vt 0.767803 0.275759
vt 0.067080 0.692805
vt 0.776651 0.220125
vt 0.135933 0.020756
vt 0.961942 0.194816
vt 0.963402 0.212097
vt 0.959732 0.195763
vt 0.350312 0.284496
vt 0.409748 0.247567
vt 0.185195 0.961320
vt 0.570640 0.236616
vt 0.947011 0.782692
vt 0.512719 0.249523
vt 0.077744 0.694339
vt 0.582697 0.240209
vt 0.082740 0.833898
vt 0.979535 0.264872
vt 0.991580 0.245275
vt 0.115972 0.689286
vt 0.098618 0.695145
vt 0.778980 0.205008
vt 0.939667 0.810006
vt 0.937590 0.827307
vt 0.984752 0.760098
vt 0.958282 0.769258
vt 0.068839 0.830036
vt 0.080211 0.023305
vt 0.070259 0.028930
vt 0.956994 0.191603
vt 0.987149 0.184861
vt 0.978256 0.749546
vt 0.935558 0.853363
vt 0.150848 0.682223
vt 0.346774 0.292174
vt 0.131558 0.688767
vt 0.057634 0.825931
vt 0.264950 0.007076
vt 0.287599 0.003095
vt 0.314461 0.008681
vt 0.939710 0.818954
vt 0.995294 0.754614
vt 0.970503 0.271371
vt 0.338705 0.308167
vt 0.009683 0.091616
vt 0.018339 0.085909
vt 0.021554 0.086738
vt 0.119585 0.696580
vt 0.063235 0.709386
vt 0.083672 0.013318
vt 0.449715 0.976090
vt 0.080238 0.020686
vt 0.936589 0.841464
vt 0.998873 0.280869
vt 0.980713 0.281282
vt 0.988539 0.271819
vt 0.004263 0.067659
vt 0.128415 0.699584
vt 0.125411 0.702539
vt 0.048290 0.821659
vt 0.113583 0.702818
vt 0.404101 0.226704
vt 0.096646 0.705857
vt 0.087604 0.711624
vt 0.083545 0.711621
vt 0.072510 0.715018
vt 0.935944 0.510426
vt 0.944107 0.502435
vt 0.965873 0.506553
vt 0.145905 0.022018
vt 0.052259 0.718044
vt 0.039191 0.724901
vt 0.938873 0.834541
vt 0.031826 0.084680
vt 0.033222 0.088976
vt 0.143144 0.695024
vt 0.937617 0.785456
vt 0.451803 0.972072
vt 0.105018 0.830614
vt 0.120834 0.831727
vt 0.936897 0.801267
vt 0.062522 0.721588
vt 0.085178 0.023564
vt 0.153728 0.690605
vt 0.937093 0.793054
vt 0.054327 0.728951
vt 0.929802 0.868034
vt 0.040860 0.086012
vt 0.767392 0.282611
vt 0.012022 0.070794
vt 0.971811 0.504941
vt 0.960301 0.502402
vt 0.939366 0.406018
vt 0.946941 0.401744
vt 0.964390 0.404812
vt 0.091381 0.828227
vt 0.162323 0.687434
vt 0.132242 0.713218
vt 0.146725 0.013107
vt 0.158518 0.027212
vt 0.043758 0.730476
vt 0.929416 0.849672
vt 0.103258 0.825735
vt 0.115146 0.824951
vt 0.339997 0.309470
vt 0.341235 0.311752
vt 0.084902 0.017284
vt 0.040517 0.084338
vt 0.768295 0.272778
vt 0.034864 0.818553
vt 0.935766 0.815569
vt 0.552793 0.243285
vt 0.028950 0.732902
vt 0.024138 0.083717
vt 0.015963 0.063925
vt 0.107143 0.737048
vt 0.056283 0.753788
vt 0.924562 0.856792
vt 0.071546 0.821986
vt 0.027126 0.813929
vt 0.013204 0.797014
vt 0.028180 0.795876
vt 0.969772 0.498094
vt 0.452525 0.973718
vt 0.929544 0.827539
vt 0.100421 0.824214
vt 0.944316 0.181019
vt 0.939267 0.179187
vt 0.951185 0.179253
vt 0.095222 0.740452
vt 0.088076 0.012892
vt 0.457001 0.977371
vt 0.925169 0.847724
vt 0.036633 0.081761
vt 0.022561 0.066029
vt 0.973383 0.496921
vt 0.973806 0.501658
vt 0.086109 0.033257
vt 0.086610 0.024058
vt 0.086538 0.019502
vt 0.921064 0.940849
vt 0.093480 0.824275
vt 0.083663 0.822223
vt 0.984389 0.383430
vt 0.987031 0.383822
vt 0.984693 0.387562
vt 0.136798 0.710948
vt 0.092345 0.741669
vt 0.968012 0.493455
vt 0.945984 0.488571
vt 0.031410 0.082895
vt 0.049644 0.813464
vt 0.971743 0.381421
vt 0.133937 0.713367
vt 0.021562 0.062519
vt 0.533758 0.240142
vt 0.088625 0.016075
vt 0.924376 0.838642
vt 0.029844 0.064787
vt 0.031872 0.062736
vt 0.967410 0.388301
vt 0.132056 0.723785
vt 0.027453 0.066058
vt 0.955404 0.165630
vt 0.955996 0.168979
vt 0.948888 0.160773
vt 0.489525 0.987009
vt 0.475219 0.987375
vt 0.975042 0.500685
vt 0.468388 0.980140
vt 0.107489 0.009435
vt 0.106142 0.011958
vt 0.972673 0.491383
vt 0.102987 0.018929
vt 0.929427 0.812914
vt 0.925626 0.829311
vt 0.934640 0.571984
vt 0.074745 0.818349
vt 0.947266 0.987554
vt 0.944542 0.990792
vt 0.921467 0.987587
vt 0.026828 0.062774
vt 0.957212 0.106563
vt 0.963431 0.106779
vt 0.956638 0.108956
vt 0.968161 0.486110
vt 0.929479 0.797860
vt 0.088282 0.801806
vt 0.973260 0.377339
vt 0.956257 0.161085
vt 0.958309 0.161677
vt 0.038206 0.812269
vt 0.925160 0.822979
vt 0.948201 0.596942
vt 0.064400 0.814567
vt 0.929366 0.784383
vt 0.176936 0.686675
vt 0.180004 0.715553
vt 0.963143 0.180891
vt 0.955939 0.180891
vt 0.959257 0.179316
vt 0.489305 0.984403
vt 0.469439 0.977544
vt 0.925311 0.809621
vt 0.113057 0.010203
vt 0.971938 0.613242
vt 0.953160 0.618014
vt 0.952261 0.956932
vt 0.051551 0.811346
vt 0.962925 0.160716
vt 0.964139 0.164226
vt 0.974900 0.493593
vt 0.925428 0.800351
vt 0.994468 0.747719
vt 0.088142 0.426677
vt 0.065326 0.424687
vt 0.096487 0.423696
vt 0.350977 0.328407
vt 0.352015 0.343269
vt 0.047351 0.810427
vt 0.019871 0.102080
vt 0.037205 0.101583
vt 0.026190 0.105717
vt 0.042494 0.106173
vt 0.968851 0.480141
vt 0.974395 0.479922
vt 0.973198 0.483843
vt 0.055224 0.104668
vt 0.923131 0.792152
vt 0.921821 0.817479
vt 0.342432 0.310556
vt 0.770483 0.285511
vt 0.773835 0.256419
vt 0.062186 0.752045
vt 0.949508 0.974869
vt 0.125351 0.727941
vt 0.025901 0.058906
vt 0.027455 0.057430
vt 0.930632 0.410610
vt 0.944490 0.416141
vt 0.930167 0.415910
vt 0.461846 0.971700
vt 0.459480 0.966492
vt 0.940077 0.586740
vt 0.942751 0.604055
vt 0.160948 0.718092
vt 0.145909 0.721412
vt 0.059077 0.751889
vt 0.024542 0.060768
vt 0.965298 0.167738
vt 0.976167 0.485104
vt 0.021469 0.052512
vt 0.408828 0.183350
vt 0.074169 0.748378
vt 0.905663 0.829236
vt 0.940360 0.591038
vt 0.984350 0.504127
vt 0.948501 0.964221
vt 0.841891 0.376024
vt 0.839153 0.363335
vt 0.844067 0.363421
vt 0.869883 0.174747
vt 0.899769 0.160853
vt 0.907038 0.174702
vt 0.134316 0.713731
vt 0.024928 0.057167
vt 0.026839 0.056082
vt 0.988076 0.368344
vt 0.134205 0.714742
vt 0.020437 0.140414
vt 0.018541 0.105109
vt 0.983256 0.485235
vt 0.937037 0.582979
vt 0.974598 0.481960
vt 0.060659 0.140908
vt 0.056110 0.106021
vt 0.066712 0.105536
vt 0.905845 0.810262
vt 0.042117 0.758768
vt 0.191973 0.716211
vt 0.944110 0.411469
vt 0.965892 0.162087
vt 0.966246 0.165814
vt 0.975777 0.479224
vt 0.008852 0.811756
vt 0.929117 0.579208
vt 0.961938 0.274457
vt 0.942593 0.955589
vt 0.972614 0.275368
vt 0.025799 0.822588
vt 0.133642 0.724417
vt 0.980161 0.472824
vt 0.959636 0.358724
vt 0.165631 0.717140
vt 0.396316 0.242455
vt 0.835511 0.357960
vt 0.832415 0.364902
vt 0.775298 0.236332
vt 0.052999 0.141407
vt 0.786194 0.203487
vt 0.100250 0.802490
vt 0.906047 0.848610
vt 0.034396 0.762946
vt 0.019873 0.737298
vt 0.937550 0.585475
vt 0.995890 0.748730
vt 0.354479 0.328350
vt 0.951342 0.193196
vt 0.947519 0.204147
vt 0.937775 0.965130
vt 0.974649 0.275883
vt 0.056267 0.141044
vt 0.057712 0.282000
vt 0.030699 0.278262
vt 0.035085 0.271268
vt 0.768669 0.295318
vt 0.855973 0.375516
vt 0.852114 0.375914
vt 0.849380 0.345785
vt 0.930999 0.392419
vt 0.953557 0.392189
vt 0.948794 0.966702
vt 0.201577 0.957138
vt 0.847430 0.355467
vt 0.848529 0.376602
vt 0.456830 0.958609
vt 0.990050 0.501211
vt 0.940979 0.961742
vt 0.865252 0.373959
vt 0.861149 0.361661
vt 0.864038 0.361848
vt 0.962730 0.982780
vt 0.022535 0.365082
vt 0.034127 0.375714
vt 0.000637 0.362585
vt 0.021293 0.349533
vt 0.000000 0.353578
vt 0.870731 0.354817
vt 0.870409 0.374169
vt 0.978962 0.975746
vt 0.069502 0.794677
vt 0.131755 0.739351
vt 0.115233 0.749460
vt 0.123682 0.733272
vt 0.091784 0.749751
vt 0.856314 0.346566
vt 0.858903 0.375968
vt 0.711122 0.830633
vt 0.678548 0.842123
vt 0.694953 0.820963
vt 0.156688 0.726412
vt 0.709622 0.801234
vt 0.719435 0.817073
vt 0.075718 0.754084
vt 0.156922 0.737937
vt 0.145932 0.743755
vt 0.129308 0.749310
vt 0.100517 0.758026
vt 0.753519 0.766808
vt 0.743378 0.769490
vt 0.740248 0.767317
vt 0.007166 0.378001
vt 0.819457 0.359842
vt 0.823715 0.378793
vt 0.090005 0.760113
vt 0.072938 0.764279
vt 0.050377 0.764505
vt 0.024259 0.774003
vt 0.997930 0.756494
vt 0.942781 0.615927
vt 0.177256 0.722798
vt 0.171088 0.732140
vt 0.790100 0.278430
vt 0.119730 0.754070
vt 0.111538 0.755836
vt 0.799570 0.219171
vt 0.429158 0.936467
vt 0.755540 0.748854
vt 0.762696 0.769004
vt 0.746729 0.746386
vt 0.784783 0.303476
vt 0.392429 0.221130
vt 0.935882 0.184528
vt 0.729235 0.803757
vt 0.729137 0.784943
vt 0.839266 0.347880
vt 0.012372 0.292207
vt 0.029832 0.314469
vt 0.052994 0.287896
vt 0.185653 0.730959
vt 0.782735 0.286327
vt 0.660905 0.120358
vt 0.648757 0.117808
vt 0.648855 0.114487
vt 0.076868 0.794450
vt 0.022986 0.816288
vt 0.058441 0.788656
vt 0.205816 0.462537
vt 0.221589 0.456116
vt 0.217357 0.470726
vt 0.031242 0.774118
vt 0.061229 0.770190
vt 0.776777 0.772202
vt 0.766583 0.722620
vt 0.787921 0.740228
vt 0.192847 0.723260
vt 0.034111 0.383089
vt 0.004769 0.388815
vt 0.143418 0.757654
vt 0.212681 0.492682
vt 0.222978 0.489216
vt 0.222953 0.493825
vt 0.224864 0.498601
vt 0.213397 0.499685
vt 0.109366 0.768466
vt 0.395572 0.183017
vt 0.433394 0.938541
vt 0.047205 0.774561
vt 0.216445 0.503017
vt 0.224324 0.504339
vt 0.789624 0.736995
vt 0.790505 0.747033
vt 0.206282 0.717909
vt 0.859877 0.346255
vt 0.797706 0.734907
vt 0.123698 0.764803
vt 0.820969 0.350660
vt 0.917856 0.010457
vt 0.884733 0.010457
vt 0.898309 0.002302
vt 0.156982 0.751454
vt 0.065990 0.794832
vt 0.089292 0.770998
vt 0.944694 0.162490
vt 0.912618 0.172881
vt 0.909232 0.160751
vt 0.015785 0.785776
vt 0.033699 0.781026
vt 0.239845 0.555007
vt 0.224560 0.563427
vt 0.237092 0.554175
vt 0.652936 0.101807
vt 0.033317 0.141496
vt 0.853118 0.345949
vt 0.827553 0.349974
vt 0.384361 0.203291
vt 0.876332 0.008577
vt 0.853370 0.000245
vt 0.880084 0.001825
vt 0.225628 0.559714
vt 0.917556 0.997524
vt 0.903503 0.999891
vt 0.896522 0.995017
vt 0.739287 0.789633
vt 0.787450 0.256301
vt 0.233350 0.546233
vt 0.904895 0.990267
vt 0.168183 0.746758
vt 0.185229 0.098464
vt 0.188574 0.100206
vt 0.184844 0.098738
vt 0.186352 0.089411
vt 0.830965 0.351324
vt 0.059930 0.308896
vt 0.915329 0.991402
vt 0.930748 0.998828
vt 0.181814 0.740118
vt 0.749566 0.774364
vt 0.956191 0.988190
vt 0.964134 0.994835
vt 0.950012 0.995078
vt 0.185612 0.098228
vt 0.789460 0.308641
vt 0.866055 0.343554
vt 0.076487 0.139104
vt 0.053455 0.048151
vt 0.040668 0.044008
vt 0.055000 0.043350
vt 0.208236 0.728634
vt 0.196901 0.737909
vt 0.072489 0.776329
vt 0.206682 0.474530
vt 0.666217 0.105770
vt 0.052907 0.422434
vt 0.061751 0.429832
vt 0.038853 0.429908
vt 0.015772 0.787750
vt 0.799242 0.745108
vt 0.800768 0.734782
vt 0.192316 0.113849
vt 0.185992 0.107630
vt 0.062883 0.279996
vt 0.168687 0.041292
vt 0.162319 0.032421
vt 0.165012 0.028308
vt 0.852648 1.000000
vt 0.814690 1.000000
vt 0.847936 0.994095
vt 0.691295 0.424634
vt 0.695404 0.417398
vt 0.702809 0.431840
vt 0.674608 0.096649
vt 0.813217 0.237660
vt 0.221825 0.549625
vt 0.663048 0.128031
vt 0.193747 0.099269
vt 0.008322 0.138985
vt 0.164397 0.017857
vt 0.175043 0.028948
vt 0.698992 0.844622
vt 0.703115 0.849781
vt 0.046200 0.785659
vt 0.058793 0.782346
vt 0.332725 0.238395
vt 0.315769 0.242071
vt 0.325913 0.231082
vt 0.803166 0.739623
vt 0.200275 0.110332
vt 0.833441 0.346878
vt 0.888998 0.000640
vt 0.641808 0.124895
vt 0.651499 0.132987
vt 0.147338 0.765170
vt 0.230937 0.541812
vt 0.230398 0.515856
vt 0.214135 0.521412
vt 0.362328 0.220364
vt 0.116890 0.775779
vt 0.179068 0.047171
vt 0.313301 0.233666
vt 0.718546 0.444255
vt 0.721444 0.455590
vt 0.707944 0.443967
vt 0.714604 0.435129
vt 0.201276 0.098001
vt 0.190679 0.072447
vt 0.185940 0.080145
vt 0.812303 0.348028
vt 0.174674 0.050751
vt 0.046424 0.354349
vt 0.843145 0.348548
vt 0.177249 0.056722
vt 0.173874 0.054685
vt 0.092952 0.779456
vt 0.075348 0.783967
vt 0.640969 0.143476
vt 0.664741 0.149248
vt 0.654661 0.151743
vt 0.710902 0.427127
vt 0.172306 0.751501
vt 0.200710 0.089962
vt 0.801569 0.274768
vt 0.183427 0.070607
vt 0.183988 0.042273
vt 0.173611 0.023076
vt 0.179036 0.016039
vt 0.144412 0.780587
vt 0.136375 0.782608
vt 0.140005 0.779115
vt 0.843723 0.342396
vt 0.107357 0.784364
vt 0.117268 0.785429
vt 0.393125 0.181172
vt 0.726102 0.471199
vt 0.728132 0.456377
vt 0.739589 0.472575
vt 0.744726 0.477978
vt 0.746870 0.493918
vt 0.193186 0.056534
vt 0.109020 0.789116
vt 0.920960 0.508581
vt 0.924138 0.508403
vt 0.923096 0.512352
vt 0.338372 0.228024
vt 0.228159 0.524067
vt 0.752076 0.492810
vt 0.749289 0.474489
vt 0.751434 0.485904
vt 0.199345 0.079787
vt 0.196396 0.069350
vt 0.113430 0.226565
vt 0.131551 0.250203
vt 0.110639 0.234359
vt 0.273672 0.229530
vt 0.280733 0.227838
vt 0.269802 0.233460
vt 0.319776 0.401966
vt 0.344411 0.397462
vt 0.315975 0.403803
vt 0.738885 0.461012
vt 0.296497 0.226865
vt 0.279330 0.239387
vt 0.062599 0.276737
vt 0.708928 0.850014
vt 0.347467 0.233867
vt 0.206196 0.506691
vt 0.746301 0.468070
vt 0.147818 0.229176
vt 0.151320 0.244255
vt 0.136873 0.236943
vt 0.289414 0.225440
vt 0.292175 0.233241
vt 0.182019 0.021336
vt 0.744075 0.461139
vt 0.824668 0.340913
vt 0.916049 0.507432
vt 0.912982 0.473350
vt 0.281023 0.213364
vt 0.294579 0.224201
vt 0.304863 0.237934
vt 0.309780 0.225817
vt 0.202263 0.494538
vt 0.210454 0.530007
vt 0.669123 0.135725
vt 0.800071 0.753218
vt 0.743211 0.458400
vt 0.192076 0.040093
vt 0.298402 0.223355
vt 0.042035 0.262874
vt 0.076276 0.268059
vt 0.047748 0.257372
vt 0.349220 0.224072
vt 0.235597 0.592654
vt 0.220095 0.588425
vt 0.268070 0.580185
vt 0.706759 0.417954
vt 0.211665 0.105146
vt 0.092399 0.227683
vt 0.111253 0.241981
vt 0.105350 0.244659
vt 0.331094 0.401062
vt 0.210594 0.515143
vt 0.725464 0.436007
vt 0.703395 0.409248
vt 0.043291 0.370537
vt 0.068067 0.273216
vt 0.186503 0.029153
vt 0.327270 0.223469
vt 0.672317 0.127171
vt 0.676899 0.116347
vt 0.739537 0.450929
vt 0.669541 0.089942
vt 0.127098 0.231729
vt 0.138651 0.245142
vt 0.296322 0.223006
vt 0.309706 0.220271
vt 0.212380 0.552133
vt 0.666813 0.156185
vt 0.651022 0.166455
vt 0.209390 0.096295
vt 0.207739 0.079021
vt 0.892068 0.471137
vt 0.907351 0.506424
vt 0.901324 0.507821
vt 0.296148 0.222620
vt 0.791837 0.757205
vt 0.790563 0.759235
vt 0.209868 0.085824
vt 0.860231 0.337552
vt 0.296156 0.221115
vt 0.733416 0.436847
vt 0.206372 0.069579
vt 0.738678 0.810330
vt 0.817153 0.341697
vt 0.204839 0.061890
vt 0.200493 0.052541
vt 0.324454 0.218475
vt 0.342859 0.218452
vt 0.718800 0.423018
vt 0.730760 0.432929
vt 0.837681 0.337925
vt 0.315910 0.406077
vt 0.333460 0.401477
vt 0.058882 0.258731
vt 0.663525 0.174977
vt 0.723279 0.422160
vt 0.758981 0.775180
vt 0.831685 0.340008
vt 0.848494 0.337504
vt 0.853715 0.336206
vt 0.856746 0.337707
vt 0.334002 0.216411
vt 0.215584 0.563572
vt 0.760585 0.409509
vt 0.749739 0.794763
vt 0.780070 0.458354
vt 0.715711 0.843741
vt 0.771260 0.434625
vt 0.412527 0.031296
vt 0.439008 0.030136
vt 0.418233 0.046007
vt 0.423931 0.063084
vt 0.431027 0.080352
vt 0.407885 0.069737
vt 0.191024 0.030881
vt 0.047874 0.380945
vt 0.212174 0.088439
vt 0.051571 0.391228
vt 0.030418 0.394583
vt 0.195702 0.041568
vt 0.191797 0.021724
vt 0.710283 0.405525
vt 0.216162 0.089634
vt 0.196792 0.477068
vt 0.342442 0.214635
vt 0.356508 0.216565
vt 0.316382 0.184972
vt 0.209109 0.567902
vt 0.216236 0.098650
vt 0.053498 0.368360
vt 0.896463 0.470337
vt 0.842923 0.332827
vt 0.907303 0.472848
vt 0.726016 0.832225
vt 0.715229 0.407037
vt 0.891023 0.471542
vt 0.889733 0.470674
vt 0.054014 0.335066
vt 0.209086 0.075786
vt 0.824497 0.332031
vt 0.352031 0.213614
vt 0.207364 0.552154
vt 0.763568 0.416073
vt 0.100936 0.223732
vt 0.200069 0.035830
vt 0.353997 0.213764
vt 0.796623 0.765690
vt 0.779055 0.780114
vt 0.772130 0.781214
vt 0.714128 0.404079
vt 0.709417 0.396955
vt 0.211704 0.071283
vt 0.767153 0.424620
vt 0.681720 0.110882
vt 0.705538 0.397706
vt 0.041455 0.360791
vt 0.215934 0.078607
vt 0.089020 0.228397
vt 0.423977 0.018624
vt 0.819703 0.332903
vt 0.814078 0.333722
vt 0.204043 0.045657
vt 0.361840 0.212822
vt 0.801363 0.758548
vt 0.098540 0.242585
vt 0.917283 0.475531
vt 0.196052 0.506256
vt 0.746788 0.379670
vt 0.217733 0.083641
vt 0.218338 0.089719
vt 0.831391 0.330039
vt 0.201484 0.032963
vt 0.197589 0.026651
vt 0.414362 0.016459
vt 0.433262 0.014846
vt 0.402120 0.016805
vt 0.217352 0.064201
vt 0.806943 0.327454
vt 0.803191 0.337963
vt 0.208923 0.053270
vt 0.219604 0.077424
vt 0.217992 0.072737
vt 0.849961 0.331515
vt 0.206214 0.042316
vt 0.797993 0.769039
vt 0.218151 0.070978
vt 0.403868 0.053087
vt 0.209225 0.049943
vt 0.207090 0.044220
vt 0.079269 0.294021
vt 0.670907 0.177679
vt 0.680376 0.135723
vt 0.846286 0.327980
vt 0.213440 0.057104
vt 0.132053 0.225512
vt 0.206251 0.566360
vt 0.281660 0.192289
vt 0.674874 0.160355
vt 0.717882 0.858081
vt 0.188298 0.503002
vt 0.679723 0.152415
vt 0.753744 0.396442
vt 0.760377 0.802424
vt 0.858324 0.327487
vt 0.187360 0.479310
vt 0.191719 0.495052
vt 0.195368 0.533056
vt 0.391342 0.017962
vt 0.861195 0.329794
vt 0.233918 0.022791
vt 0.271629 0.194252
vt 0.213673 0.593313
vt 0.193124 0.527057
vt 0.060192 0.391959
vt 0.086353 0.228544
vt 0.402850 0.063926
vt 0.316593 0.400162
vt 0.058816 0.379027
vt 0.744170 0.807269
vt 0.061512 0.252369
vt 0.202322 0.557503
vt 0.771845 0.437219
vt 0.802809 0.325214
vt 0.239475 0.036099
vt 0.195652 0.545539
vt 0.747782 0.381984
vt 0.250250 0.071845
vt 0.825732 0.324580
vt 0.103347 0.222536
vt 0.810543 0.324479
vt 0.814296 0.324127
vt 0.685177 0.130840
vt 0.864701 0.327990
vt 0.181308 0.461323
vt 0.723774 0.853272
vt 0.087867 0.220802
vt 0.751093 0.817435
vt 0.114094 0.219510
vt 0.126095 0.220860
vt 0.817466 0.325089
vt 0.216464 0.597460
vt 0.196186 0.571025
vt 0.803993 0.760177
vt 0.695406 0.116811
vt 0.237662 0.066532
vt 0.348604 0.175813
vt 0.198950 0.568240
vt 0.691461 0.161566
vt 0.686577 0.166155
vt 0.068339 0.362215
vt 0.852920 0.322458
vt 0.737760 0.838704
vt 0.359520 0.172605
vt 0.369759 0.211014
vt 0.330514 0.180772
vt 0.321686 0.183468
vt 0.089994 0.216145
vt 0.886937 0.472206
vt 0.247688 0.050643
vt 0.820530 0.325326
vt 0.146796 0.225288
vt 0.197117 0.593130
vt 0.675689 0.180938
vt 0.778012 0.453066
vt 0.124385 0.215763
vt 0.117199 0.214081
vt 0.081448 0.316140
vt 0.869710 0.311307
vt 0.237608 0.028872
vt 0.144791 0.222546
vt 0.389110 0.023335
vt 0.192813 0.516512
vt 0.236481 0.092146
vt 0.840045 0.316841
vt 0.109996 0.209221
vt 0.783037 0.788499
vt 0.355987 0.173571
vt 0.206951 0.611047
vt 0.219480 0.610273
vt 0.198950 0.558743
vt 0.833812 0.734256
vt 0.845754 0.750833
vt 0.835054 0.744175
vt 0.774866 0.444568
vt 0.143507 0.210517
vt 0.296173 0.190238
vt 0.193491 0.569328
vt 0.582145 0.057443
vt 0.590636 0.054942
vt 0.592025 0.057562
vt 0.692886 0.140448
vt 0.735976 0.364258
vt 0.704222 0.390347
vt 0.076218 0.221519
vt 0.388153 0.035481
vt 0.804827 0.311577
vt 0.131735 0.211026
vt 0.308953 0.407697
vt 0.304269 0.404566
vt 0.300127 0.401647
vt 0.291319 0.190727
vt 0.323805 0.182975
vt 0.696510 0.136331
vt 0.077925 0.212728
vt 0.686865 0.181681
vt 0.823888 0.733995
vt 0.771961 0.809847
vt 0.169450 0.420610
vt 0.161873 0.423241
vt 0.166618 0.421068
vt 0.166027 0.422927
vt 0.197336 0.563310
vt 0.197275 0.563887
vt 0.396140 0.011404
vt 0.888108 0.461412
vt 0.904285 0.463427
vt 0.864908 0.313311
vt 0.126527 0.207049
vt 0.919683 0.467538
vt 0.365369 0.170449
vt 0.301967 0.412324
vt 0.312821 0.410555
vt 0.204918 0.599347
vt 0.165908 0.423329
vt 0.165158 0.428466
vt 0.846153 0.735338
vt 0.833539 0.727708
vt 0.079922 0.210538
vt 0.074743 0.224854
vt 0.117851 0.206668
vt 0.267981 0.194517
vt 0.266869 0.191038
vt 0.303008 0.413110
vt 0.094847 0.293019
vt 0.306144 0.187374
vt 0.795281 0.784312
vt 0.889357 0.454242
vt 0.915426 0.457077
vt 0.097557 0.268491
vt 0.186031 0.510809
vt 0.848576 0.747913
vt 0.781312 0.453686
vt 0.787495 0.464714
vt 0.848415 0.303281
vt 0.904236 0.455812
vt 0.369954 0.166896
vt 0.185373 0.585131
vt 0.780409 0.439717
vt 0.793582 0.454345
vt 0.795138 0.470603
vt 0.304745 0.392774
vt 0.266587 0.183327
vt 0.275552 0.187546
vt 0.179275 0.479403
vt 0.173207 0.428180
vt 0.577170 0.067515
vt 0.705431 0.175447
vt 0.070774 0.229278
vt 0.092641 0.203365
vt 0.762449 0.825272
vt 0.389867 0.063045
vt 0.256534 0.186864
vt 0.293872 0.408753
vt 0.202421 0.628667
vt 0.185681 0.519811
vt 0.080536 0.198451
vt 0.290738 0.185100
vt 0.094683 0.285379
vt 0.094772 0.283338
vt 0.075576 0.382914
vt 0.792367 0.443223
vt 0.797841 0.456071
vt 0.299536 0.392094
vt 0.825117 0.309495
vt 0.278090 0.180500
vt 0.570513 0.055408
vt 0.070833 0.354752
vt 0.124136 0.200679
vt 0.212441 0.629266
vt 0.173223 0.418896
vt 0.837032 0.718134
vt 0.853009 0.308732
vt 0.162324 0.420601
vt 0.954944 0.369811
vt 0.961989 0.387509
vt 0.956639 0.382848
vt 0.848477 0.724514
vt 0.770863 0.420066
vt 0.787882 0.433390
vt 0.073773 0.396656
vt 0.056392 0.418371
vt 0.893748 0.443798
vt 0.904026 0.446901
vt 0.313273 0.419641
vt 0.300342 0.420868
vt 0.193482 0.601227
vt 0.819634 0.714813
vt 0.707337 0.120609
vt 0.914172 0.446134
vt 0.289597 0.178464
vt 0.309077 0.181213
vt 0.165493 0.411630
vt 0.586881 0.068590
vt 0.857199 0.741814
vt 0.885745 0.440892
vt 0.872419 0.445858
vt 0.268385 0.172848
vt 0.180633 0.420748
vt 0.809115 0.781828
vt 0.778223 0.422511
vt 0.077864 0.200491
vt 0.245088 0.042775
vt 0.199736 0.641110
vt 0.259254 0.176064
vt 0.569673 0.073183
vt 0.563947 0.057326
vt 0.690610 0.174851
vt 0.066458 0.213365
vt 0.090462 0.183613
vt 0.249033 0.067475
vt 0.832640 0.303897
vt 0.296656 0.395931
vt 0.340866 0.177184
vt 0.187994 0.428151
vt 0.703410 0.144538
vt 0.795587 0.795670
vt 0.787157 0.427268
vt 0.792924 0.435266
vt 0.200223 0.658810
vt 0.805901 0.796866
vt 0.068722 0.210057
vt 0.727188 0.338290
vt 0.738609 0.354652
vt 0.925694 0.445167
vt 0.301404 0.175159
vt 0.835096 0.715333
vt 0.863746 0.435442
vt 0.858830 0.441396
vt 0.071607 0.220852
vt 0.859737 0.305005
vt 0.545928 0.068550
vt 0.547910 0.061730
vt 0.556159 0.061608
vt 0.814585 0.735304
vt 0.764976 0.404613
vt 0.540133 0.055644
vt 0.076795 0.414386
vt 0.073840 0.192636
vt 0.249334 0.068889
vt 0.350026 0.176058
vt 0.286426 0.422093
vt 0.282981 0.411634
vt 0.779615 0.412809
vt 0.784025 0.419714
vt 0.742508 0.372504
vt 0.871377 0.436448
vt 0.287462 0.169837
vt 0.311550 0.174148
vt 0.839776 0.703993
vt 0.064160 0.193260
vt 0.060154 0.205612
vt 0.108573 0.182248
vt 0.872560 0.318211
vt 0.877120 0.303627
vt 0.305279 0.434966
vt 0.193908 0.616125
vt 0.851347 0.713558
vt 0.796030 0.422768
vt 0.057697 0.189715
vt 0.287084 0.408067
vt 0.273479 0.170776
vt 0.105325 0.277969
vt 0.327437 0.177331
vt 0.538881 0.071390
vt 0.511793 0.068805
vt 0.185532 0.417965
vt 0.804416 0.443323
vt 0.801607 0.431063
vt 0.080102 0.392304
vt 0.710510 0.115415
vt 0.789641 0.806299
vt 0.904374 0.441586
vt 0.274887 0.423549
vt 0.195638 0.419066
vt 0.772877 0.402627
vt 0.811123 0.296963
vt 0.287154 0.431986
vt 0.065127 0.176721
vt 0.046776 0.198249
vt 0.074357 0.379623
vt 0.057682 0.207389
vt 0.783576 0.816666
vt 0.146871 0.177733
vt 0.321333 0.173405
vt 0.941515 0.379280
vt 0.047146 0.184730
vt 0.806615 0.298382
vt 0.269758 0.413592
vt 0.183468 0.408164
vt 0.756825 0.388145
vt 0.048143 0.201253
vt 0.916335 0.436639
vt 0.236636 0.026628
vt 0.189304 0.629983
vt 0.710494 0.151256
vt 0.768044 0.393216
vt 0.854282 0.425449
vt 0.875745 0.431378
vt 0.844727 0.290190
vt 0.324970 0.174141
vt 0.317535 0.171142
vt 0.866280 0.712826
vt 0.711967 0.132194
vt 0.083018 0.368493
vt 0.075322 0.178924
vt 0.088756 0.366311
vt 0.892166 0.433245
vt 0.325446 0.173761
vt 0.325255 0.173568
vt 0.308743 0.164382
vt 0.325662 0.173260
vt 0.933225 0.374556
vt 0.722345 0.160413
vt 0.044781 0.175867
vt 0.036244 0.194268
vt 0.789554 0.410730
vt 0.040142 0.223711
vt 0.863001 0.425631
vt 0.822391 0.290064
vt 0.251203 0.166779
vt 0.261793 0.165599
vt 0.298119 0.166485
vt 0.546713 0.080052
vt 0.129515 0.183484
vt 0.904886 0.435735
vt 0.193454 0.651364
vt 0.331806 0.168865
vt 0.592059 0.091712
vt 0.838697 0.698243
vt 0.852445 0.704604
vt 0.749829 0.373462
vt 0.737460 0.349339
vt 0.737077 0.352163
vt 0.729750 0.340082
vt 0.369876 0.018649
vt 0.355919 0.172278
vt 0.105559 0.287157
vt 0.257607 0.432186
vt 0.962890 0.376261
vt 0.949755 0.356013
vt 0.880561 0.429077
vt 0.056708 0.235156
vt 0.296237 0.377905
vt 0.317307 0.439904
vt 0.094667 0.258209
vt 0.272997 0.402146
vt 0.261480 0.425043
vt 0.196125 0.430017
vt 0.032493 0.178041
vt 0.782478 0.400257
vt 0.716582 0.125661
vt 0.870227 0.423982
vt 0.490840 0.050612
vt 0.510777 0.055429
vt 0.341302 0.165984
vt 0.183524 0.601164
vt 0.564110 0.087988
vt 0.759698 0.377974
vt 0.848558 0.417111
vt 0.816888 0.295990
vt 0.286051 0.378986
vt 0.271591 0.164184
vt 0.353244 0.169559
vt 0.514039 0.078426
vt 0.196635 0.417809
vt 0.801393 0.420915
vt 0.856717 0.417871
vt 0.189710 0.657176
vt 0.198216 0.421002
vt 0.197967 0.419733
vt 0.854879 0.690194
vt 0.856621 0.705549
vt 0.025270 0.188321
vt 0.034989 0.196845
vt 0.737681 0.342862
vt 0.864358 0.297898
vt 0.362528 0.043459
vt 0.102403 0.300200
vt 0.356502 0.172056
vt 0.286343 0.162622
vt 0.259926 0.414925
vt 0.201922 0.430177
vt 0.812674 0.710120
vt 0.804045 0.722188
vt 0.028677 0.191857
vt 0.791326 0.406965
vt 0.090655 0.341067
vt 0.884903 0.299041
vt 0.241531 0.417421
vt 0.247896 0.427992
vt 0.844108 0.684111
vt 0.188471 0.642435
vt 0.214127 0.419805
vt 0.097636 0.405738
vt 0.741616 0.361776
vt 0.886281 0.406426
vt 0.838707 0.287495
vt 0.368047 0.165385
vt 0.280475 0.387468
vt 0.321704 0.161377
vt 0.573979 0.085984
vt 0.019610 0.172507
vt 0.776439 0.386505
vt 0.845198 0.412656
vt 0.849328 0.287168
vt 0.279379 0.134960
vt 0.299776 0.159720
vt 0.260225 0.394290
vt 0.329792 0.159717
vt 0.206733 0.417562
vt 0.215183 0.417782
vt 0.220403 0.429538
vt 0.857020 0.694300
vt 0.860364 0.686473
vt 0.094655 0.382003
vt 0.372319 0.010774
vt 0.189429 0.669799
vt 0.189213 0.682648
vt 0.232961 0.428814
vt 0.822653 0.685617
vt 0.853247 0.672375
vt 0.864525 0.675107
vt 0.010781 0.170527
vt 0.026477 0.166281
vt 0.013585 0.183299
vt 0.021840 0.189032
vt 0.801895 0.412965
vt 0.751045 0.363040
vt 0.358576 0.162071
vt 0.184528 0.611366
vt 0.834800 0.678543
vt 0.863609 0.662613
vt 0.871738 0.666502
vt 0.792704 0.401352
vt 0.044617 0.237064
vt 0.737301 0.352778
vt 0.094440 0.329453
vt 0.293040 0.376844
vt 0.374377 0.164685
vt 0.226258 0.418430
vt 0.865574 0.676757
vt 0.044480 0.161578
vt 0.028146 0.196358
vt 0.804012 0.802529
vt 0.085741 0.392970
vt 0.881776 0.310964
vt 0.294661 0.445137
vt 0.345855 0.157888
vt 0.540894 0.083931
vt 0.715558 0.148608
vt 0.871099 0.747042
vt 0.086104 0.378598
vt 0.866552 0.389092
vt 0.742191 0.345616
vt 0.373755 0.159179
vt 0.107963 0.291581
vt 0.310541 0.158318
vt 0.229269 0.416087
vt 0.012460 0.161896
vt 0.030771 0.213553
vt 0.376596 0.163624
vt 0.288078 0.134868
vt 0.339222 0.156457
vt 0.259659 0.443662
vt 0.239412 0.438303
vt 0.927126 0.377251
vt 0.906438 0.381212
vt 0.915264 0.371059
vt 0.027355 0.197066
vt 0.776408 0.323854
vt 0.781977 0.322006
vt 0.781838 0.336071
vt 0.383030 0.160395
vt 0.358509 0.159318
vt 0.961676 0.349380
vt 0.945991 0.349040
vt 0.806677 0.705667
vt 0.863191 0.656405
vt 0.781254 0.385712
vt 0.075322 0.167147
vt 0.799402 0.809083
vt 0.956397 0.782075
vt 0.950586 0.777548
vt 0.958446 0.775405
vt 0.943853 0.774020
vt 0.118232 0.286830
vt 0.114172 0.280831
vt 0.278151 0.440077
vt 0.224908 0.437266
vt 0.922684 0.357239
vt 0.745912 0.354433
vt 0.101297 0.171519
vt 0.827307 0.288224
vt 0.857207 0.287229
vt 0.303229 0.373361
vt 0.157669 0.399356
vt 0.194026 0.400524
vt 0.896771 0.376313
vt 0.050611 0.158948
vt 0.020954 0.207047
vt 0.767292 0.369136
vt 0.817099 0.391181
vt 0.723871 0.117129
vt 0.738385 0.334926
vt 0.900804 0.399526
vt 0.319180 0.156460
vt 0.795869 0.710259
vt 0.063441 0.169541
vt 0.954284 0.007899
vt 0.940791 0.010684
vt 0.942886 0.004854
vt 0.365772 0.030291
vt 0.384341 0.154396
vt 0.126147 0.257470
vt 0.870659 0.702991
vt 0.030972 0.154126
vt 0.875673 0.704411
vt 0.729892 0.130293
vt 0.852605 0.287046
vt 0.371908 0.155792
vt 0.326922 0.155374
vt 0.875908 0.694449
vt 0.880578 0.679070
vt 0.773671 0.371727
vt 0.179452 0.632418
vt 0.273698 0.388649
vt 0.353770 0.151562
vt 0.250617 0.398796
vt 0.234454 0.400097
vt 0.204000 0.401787
vt 0.812215 0.687914
vt 0.843887 0.655653
vt 0.779343 0.718741
vt 0.012964 0.200376
vt 0.794432 0.822263
vt 0.181223 0.666248
vt 0.127917 0.167826
vt 0.180477 0.648365
vt 0.347135 0.154043
vt 0.334657 0.154600
vt 0.559572 0.101272
vt 0.000384 0.193058
vt 0.086878 0.165095
vt 0.175675 0.681571
vt 0.870218 0.285864
vt 0.266330 0.136265
vt 0.116545 0.294336
vt 0.801576 0.374979
vt 0.177339 0.609457
vt 0.953013 0.326447
vt 0.064196 0.152822
vt 0.859422 0.386142
vt 0.804838 0.281820
vt 0.110781 0.299475
vt 0.109243 0.300460
vt 0.526701 0.088328
vt 0.216080 0.399531
vt 0.014882 0.148029
vt 0.746062 0.343076
vt 0.832374 0.284633
vt 0.251248 0.135713
vt 0.365185 0.151150
vt 0.315216 0.451100
vt 0.342591 0.152467
vt 0.291437 0.455147
vt 0.547588 0.097969
vt 0.760025 0.357717
vt 0.752532 0.351927
vt 0.953283 0.001968
vt 0.964471 0.010792
vt 0.739634 0.331095
vt 0.375172 0.150493
vt 0.173196 0.626433
vt 0.127679 0.273968
vt 0.516426 0.091995
vt 0.335953 0.138508
vt 0.551434 0.092354
vt 0.924479 0.350726
vt 0.099825 0.371939
vt 0.164072 0.384292
vt 0.170577 0.389624
vt 0.257297 0.449932
vt 0.877232 0.686434
vt 0.096430 0.387608
vt 0.875328 0.391198
vt 0.886071 0.393494
vt 0.243936 0.450046
vt 0.908621 0.359678
vt 0.072989 0.155681
vt 0.767404 0.325350
vt 0.044585 0.243185
vt 0.118190 0.324759
vt 0.506694 0.101413
vt 0.310822 0.135087
vt 0.885398 0.668290
vt 0.370620 0.009181
vt 0.828358 0.673858
vt 0.790802 0.344566
vt 0.038632 0.242357
vt 0.927775 0.400460
vt 0.386484 0.145855
vt 0.501816 0.084220
vt 0.743917 0.333394
vt 0.119079 0.289002
vt 0.030666 0.147671
vt 0.762008 0.341499
vt 0.755241 0.329550
vt 0.748798 0.339113
vt 0.174268 0.654590
vt 0.393195 0.146617
vt 0.884325 0.282699
vt 0.375952 0.145572
vt 0.152752 0.379272
vt 0.156974 0.366562
vt 0.934940 0.347841
vt 0.104389 0.470485
vt 0.101688 0.488711
vt 0.092999 0.472363
vt 0.033502 0.222858
vt 0.097078 0.379338
vt 0.363924 0.028068
vt 0.399288 0.139443
vt 0.398253 0.143366
vt 0.357594 0.048575
vt 0.119311 0.298249
vt 0.180688 0.387411
vt 0.939536 0.329944
vt 0.803185 0.352709
vt 0.809814 0.382306
vt 0.174371 0.643574
vt 0.284930 0.371803
vt 0.363115 0.143136
vt 0.347049 0.139907
vt 0.531110 0.104594
vt 0.727184 0.158447
vt 0.876848 0.271432
vt 0.384771 0.140523
vt 0.152544 0.167237
vt 0.146149 0.359276
vt 0.154201 0.359007
vt 0.226411 0.451564
vt 0.903121 0.363980
vt 0.821569 0.675813
vt 0.061681 0.444052
vt 0.056199 0.443241
vt 0.056179 0.440006
vt 0.755400 0.343891
vt 0.171155 0.674158
vt 0.744555 0.328221
vt 0.031092 0.255874
vt 0.034567 0.260493
vt 0.170421 0.366044
vt 0.891638 0.361625
vt 0.011539 0.203710
vt 0.737893 0.143408
vt 0.019880 0.212619
vt 0.764665 0.350092
vt 0.100336 0.162595
vt 0.864835 0.273530
vt 0.893309 0.292927
vt 0.015515 0.275814
vt 0.018603 0.279466
vt 0.151809 0.355407
vt 0.174402 0.380478
vt 0.073767 0.443150
vt 0.081362 0.460833
vt 0.783505 0.345200
vt 0.774033 0.355041
vt 0.116142 0.163413
vt 0.342089 0.138750
vt 0.912686 0.352661
vt 0.088123 0.472271
vt 0.085800 0.458068
vt 0.370024 0.143924
vt 0.121767 0.288110
vt 0.247730 0.392865
vt 0.198524 0.397275
vt 0.797158 0.355465
vt 0.257945 0.387634
vt 0.318935 0.135383
vt 0.264805 0.462492
vt 0.225409 0.396238
vt 0.782816 0.701033
vt 0.041340 0.440314
vt 0.101301 0.388525
vt 0.738696 0.131550
vt 0.042782 0.434248
vt 0.111007 0.353618
vt 0.133090 0.158732
vt 0.162189 0.362222
vt 0.519184 0.109385
vt 0.267852 0.378561
vt 0.329331 0.136735
vt 0.895652 0.676179
vt 0.907296 0.685920
vt 0.891528 0.683598
vt 0.089906 0.158387
vt 0.354993 0.141587
vt 0.303656 0.460770
vt 0.245010 0.455614
vt 0.109886 0.514083
vt 0.104889 0.506561
vt 0.112707 0.506574
vt 0.796550 0.367955
vt 0.025541 0.230039
vt 0.185513 0.382914
vt 0.944622 0.681384
vt 0.932831 0.687098
vt 0.926846 0.683598
vt 0.773552 0.717181
vt 0.774770 0.706061
vt 0.918080 0.687531
vt 0.061781 0.451463
vt 0.784552 0.362331
vt 0.822379 0.264448
vt 0.119274 0.307680
vt 0.803108 0.689074
vt 0.880210 0.692594
vt 0.113132 0.158237
vt 0.184100 0.371350
vt 0.951211 0.318672
vt 0.959897 0.321405
vt 0.753417 0.716278
vt 0.033361 0.439631
vt 0.032087 0.434113
vt 0.028133 0.256166
vt 0.845527 0.271699
vt 0.813559 0.263967
vt 0.300071 0.135048
vt 0.195768 0.389734
vt 0.234385 0.389618
vt 0.848148 0.381329
vt 0.822893 0.777195
vt 0.825117 0.790461
vt 0.819672 0.778747
vt 0.178846 0.369426
vt 0.211868 0.394439
vt 0.095086 0.488866
vt 0.810535 0.357989
vt 0.945571 0.675551
vt 0.916191 0.677643
vt 0.290942 0.353364
vt 0.329135 0.463180
vt 0.308884 0.464646
vt 0.075747 0.472571
vt 0.955451 0.672609
vt 0.057954 0.456045
vt 0.044322 0.454551
vt 0.014810 0.255785
vt 0.859175 0.268872
vt 0.120791 0.306065
vt 0.548507 0.109857
vt 0.203947 0.392109
vt 0.117249 0.526121
vt 0.112166 0.531703
vt 0.101210 0.527335
vt 0.250079 0.376909
vt 0.905047 0.351660
vt 0.854650 0.270461
vt 0.227758 0.457134
vt 0.112329 0.550629
vt 0.103718 0.538182
vt 0.104613 0.369078
vt 0.882200 0.258873
vt 0.272341 0.355955
vt 0.190560 0.373611
vt 0.271875 0.469089
vt 0.889241 0.356501
vt 0.321890 0.476322
vt 0.196933 0.375539
vt 0.227353 0.374696
vt 0.746136 0.135195
vt 0.893912 0.658491
vt 0.884653 0.652025
vt 0.914894 0.385854
vt 0.910079 0.336950
vt 0.083502 0.485289
vt 0.067099 0.464966
vt 0.063125 0.459926
vt 0.954640 0.653116
vt 0.947013 0.657479
vt 0.929107 0.664696
vt 0.902699 0.662661
vt 0.842809 0.275278
vt 0.260140 0.365201
vt 0.286216 0.478247
vt 0.239767 0.371707
vt 0.207805 0.376909
vt 0.772986 0.700657
vt 0.938506 0.662013
vt 0.910891 0.664764
vt 0.917794 0.665374
vt 0.122959 0.382416
vt 0.029349 0.445346
vt 0.828696 0.780199
vt 0.811174 0.265387
vt 0.248163 0.369650
vt 0.216152 0.376180
vt 0.940179 0.323674
vt 0.834055 0.793251
vt 0.850392 0.257495
vt 0.231370 0.469849
vt 0.826339 0.804363
vt 0.147057 0.266460
vt 0.524565 0.117494
vt 0.253976 0.469250
vt 0.096831 0.516761
vt 0.834410 0.802489
vt 0.092049 0.508116
vt 0.099770 0.546676
vt 0.835997 0.809836
vt 0.838823 0.817645
vt 0.243940 0.467842
vt 0.126462 0.407049
vt 0.031435 0.454386
vt 0.870847 0.260691
vt 0.898605 0.340980
vt 0.086809 0.495386
vt 0.057556 0.465429
vt 0.740819 0.713541
vt 0.740477 0.707519
vt 0.835827 0.786210
vt 0.069185 0.474783
vt 0.103066 0.429694
vt 0.940435 0.306278
vt 0.133373 0.331823
vt 0.964171 0.301851
vt 0.955765 0.296082
vt 0.928801 0.324860
vt 0.895135 0.274771
vt 0.838236 0.841712
vt 0.828649 0.828403
vt 0.155861 0.292768
vt 0.964244 0.288326
vt 0.956001 0.288534
vt 0.884574 0.344284
vt 0.077811 0.485628
vt 0.835826 0.773387
vt 0.839895 0.779329
vt 0.865402 0.788927
vt 0.825700 0.264801
vt 0.134308 0.310649
vt 0.094634 0.526964
vt 0.113005 0.371179
vt 0.953211 0.293181
vt 0.947829 0.301690
vt 0.105190 0.558648
vt 0.090243 0.556236
vt 0.044042 0.464700
vt 0.754808 0.700647
vt 0.131042 0.312949
vt 0.156434 0.285222
vt 0.929480 0.311761
vt 0.897957 0.336134
vt 0.082492 0.503898
vt 0.091421 0.566168
vt 0.833395 0.261882
vt 0.847575 0.837035
vt 0.910988 0.331332
vt 0.090363 0.516723
vt 0.119341 0.364317
vt 0.247594 0.477986
vt 0.086247 0.540171
vt 0.953561 0.275853
vt 0.270433 0.487138
vt 0.049922 0.478966
vt 0.095106 0.587215
vt 0.073447 0.588238
vt 0.091938 0.581384
vt 0.846837 0.770484
vt 0.854086 0.254970
vt 0.830016 0.262446
vt 0.864516 0.795777
vt 0.887760 0.263758
vt 0.846898 0.825583
vt 0.058984 0.489085
vt 0.043056 0.472256
vt 0.865305 0.261484
vt 0.880796 0.323242
vt 0.075561 0.569813
vt 0.034186 0.466264
vt 0.864877 0.805350
vt 0.924052 0.313376
vt 0.259224 0.488361
vt 0.238631 0.491104
vt 0.908944 0.317720
vt 0.905673 0.320272
vt 0.077616 0.579173
vt 0.845952 0.763521
vt 0.868602 0.818186
vt 0.507480 0.130458
vt 0.939950 0.288895
vt 0.905179 0.328378
vt 0.900989 0.319506
vt 0.082274 0.529489
vt 0.076673 0.550553
vt 0.126407 0.376118
vt 0.068933 0.498573
vt 0.849395 0.851662
vt 0.250862 0.489272
vt 0.895191 0.326514
vt 0.932628 0.297155
vt 0.922572 0.300062
vt 0.891685 0.322164
vt 0.076936 0.520116
vt 0.066350 0.502494
vt 0.768876 0.124831
vt 0.865292 0.783469
vt 0.146501 0.307349
vt 0.071962 0.512008
vt 0.128325 0.413840
vt 0.863996 0.768882
vt 0.839344 0.258024
vt 0.863354 0.824782
vt 0.074573 0.560445
vt 0.913178 0.305221
vt 0.133234 0.355535
vt 0.864856 0.838567
vt 0.073059 0.532112
vt 0.074378 0.541803
vt 0.850564 0.871206
vt 0.864176 0.870989
vt 0.852550 0.882524
vt 0.053966 0.500780
vt 0.039921 0.487074
vt 0.769412 0.138119
vt 0.854022 0.866039
vt 0.849716 0.863433
vt 0.894905 0.314264
vt 0.061607 0.516809
vt 0.056918 0.508783
vt 0.131059 0.400715
vt 0.123322 0.372140
vt 0.865909 0.775465
vt 0.491180 0.123302
vt 0.498049 0.120019
vt 0.853403 0.890740
vt 0.865415 0.881175
vt 0.866165 0.890407
vt 0.854645 0.865963
vt 0.860272 0.880316
vt 0.065857 0.524590
vt 0.862542 0.761300
vt 0.855349 0.865786
vt 0.116649 0.153018
vt 0.113076 0.140373
vt 0.122197 0.137672
vt 0.024473 0.477366
vt 0.858932 0.252713
vt 0.947655 0.281075
vt 0.864084 0.861240
vt 0.103053 0.145997
vt 0.101744 0.156455
vt 0.096300 0.145160
vt 0.885890 0.316024
vt 0.363700 0.075530
vt 0.348783 0.053360
vt 0.357029 0.054050
vt 0.051982 0.493083
vt 0.046409 0.494509
vt 0.032943 0.483833
vt 0.845362 0.250550
vt 0.863723 0.246182
vt 0.864213 0.852151
vt 0.051412 0.493421
vt 0.164520 0.279944
vt 0.162165 0.283270
vt 0.050814 0.493771
vt 0.773639 0.128686
vt 0.804780 0.252590
vt 0.153184 0.105357
vt 0.157326 0.110491
vt 0.150722 0.110831
vt 0.128489 0.406848
vt 0.130247 0.414247
vt 0.344831 0.063570
vt 0.348323 0.044742
vt 0.949262 0.175120
vt 0.925395 0.175120
vt 0.946871 0.168354
vt 0.160184 0.286723
vt 0.965981 0.688270
vt 0.964670 0.693146
vt 0.960176 0.685908
vt 0.144541 0.317944
vt 0.071609 0.579700
vt 0.139157 0.336746
vt 0.165237 0.282848
vt 0.072329 0.552082
vt 0.139923 0.127600
vt 0.136057 0.123076
vt 0.143732 0.117959
vt 0.130932 0.132394
vt 0.068522 0.535391
vt 0.049657 0.502492
vt 0.042946 0.491579
vt 0.942242 0.693757
vt 0.166516 0.279482
vt 0.042317 0.491932
vt 0.131181 0.419239
vt 0.290740 0.095164
vt 0.294316 0.090732
vt 0.311533 0.106574
vt 0.160698 0.291708
vt 0.147158 0.108931
vt 0.041925 0.492558
vt 0.023685 0.483108
vt 0.132090 0.375759
vt 0.068842 0.543573
vt 0.039206 0.493392
vt 0.133260 0.403263
vt 0.866608 0.758846
vt 0.153936 0.317701
vt 0.069800 0.570615
vt 0.876050 0.247673
vt 0.142717 0.334845
vt 0.147239 0.099843
vt 0.128478 0.127569
vt 0.120203 0.131253
vt 0.100882 0.141823
vt 0.062722 0.584539
vt 0.134064 0.417926
vt 0.964083 0.685335
vt 0.957401 0.680248
vt 0.071779 0.607372
vt 0.034004 0.523642
vt 0.872412 0.768403
vt 0.140565 0.356862
vt 0.874393 0.825650
vt 0.137335 0.359317
vt 0.313921 0.058169
vt 0.335256 0.087690
vt 0.309104 0.064430
vt 0.876397 0.838774
vt 0.170282 0.285708
vt 0.137710 0.109604
vt 0.329700 0.090122
vt 0.309012 0.077360
vt 0.139570 0.414851
vt 0.275405 0.118958
vt 0.289435 0.111239
vt 0.290334 0.117376
vt 0.170922 0.279657
vt 0.882823 0.856385
vt 0.047834 0.549913
vt 0.138005 0.381001
vt 0.140357 0.420675
vt 0.312874 0.114927
vt 0.288206 0.100057
vt 0.044627 0.561633
vt 0.143025 0.393570
vt 0.875040 0.768935
vt 0.868325 0.779618
vt 0.867841 0.792557
vt 0.306235 0.088400
vt 0.318332 0.103980
vt 0.145872 0.339280
vt 0.342407 0.073734
vt 0.320160 0.054161
vt 0.320699 0.049390
vt 0.868153 0.808618
vt 0.871061 0.816724
vt 0.154133 0.320563
vt 0.048829 0.574810
vt 0.872306 0.775165
vt 0.339094 0.109876
vt 0.334907 0.079638
vt 0.165484 0.295044
vt 0.889336 0.828749
vt 0.889931 0.880930
vt 0.039387 0.530437
vt 0.045069 0.553680
vt 0.875857 0.798617
vt 0.138574 0.403088
vt 0.889550 0.760693
vt 0.023899 0.501985
vt 0.166583 0.292168
vt 0.596334 0.120014
vt 0.594669 0.113293
vt 0.602004 0.101446
vt 0.358236 0.075974
vt 0.138291 0.405747
vt 0.881437 0.747049
vt 0.878714 0.778422
vt 0.876664 0.784557
vt 0.152479 0.331330
vt 0.090173 0.117630
vt 0.029655 0.508154
vt 0.046906 0.592826
vt 0.143270 0.367235
vt 0.875262 0.812213
vt 0.885551 0.821039
vt 0.172074 0.094888
vt 0.041990 0.538344
vt 0.138469 0.378452
vt 0.844686 0.966922
vt 0.845403 0.973455
vt 0.837160 0.960107
vt 0.880832 0.812126
vt 0.884718 0.846130
vt 0.045505 0.576584
vt 0.045486 0.066170
vt 0.036638 0.055874
vt 0.042769 0.060319
vt 0.372059 0.083211
vt 0.129164 0.097673
vt 0.575835 0.109387
vt 0.572475 0.106041
vt 0.586251 0.100390
vt 0.062555 0.611134
vt 0.887169 0.767528
vt 0.886007 0.775218
vt 0.877409 0.789879
vt 0.878796 0.806120
vt 0.838281 0.956860
vt 0.893522 0.840675
vt 0.172284 0.289353
vt 0.104665 0.115242
vt 0.100712 0.118539
vt 0.132855 0.092028
vt 0.141405 0.410528
vt 0.316766 0.123914
vt 0.370806 0.064666
vt 0.119593 0.104043
vt 0.113507 0.110193
vt 0.144704 0.087686
vt 0.028691 0.517213
vt 0.148359 0.416160
vt 0.318187 0.130005
vt 0.604487 0.104201
vt 0.603214 0.121053
vt 0.605876 0.118253
vt 0.176926 0.298525
vt 0.023959 0.509284
vt 0.356911 0.107590
vt 0.616261 0.117402
vt 0.624004 0.100431
vt 0.847863 0.950018
vt 0.916842 0.547305
vt 0.919692 0.540688
vt 0.923008 0.549264
vt 0.888231 0.866711
vt 0.338127 0.121980
vt 0.899990 0.820548
vt 0.836964 0.969997
vt 0.827919 0.970048
vt 0.841553 0.985992
vt 0.831065 0.983935
vt 0.840316 0.989737
vt 0.828201 0.986921
vt 0.911632 0.538776
vt 0.019382 0.505173
vt 0.040631 0.054063
vt 0.885193 0.788424
vt 0.892386 0.777703
vt 0.895738 0.771558
vt 0.883481 0.795915
vt 0.897737 0.777393
vt 0.884392 0.802069
vt 0.897249 0.814616
vt 0.892995 0.813450
vt 0.887652 0.807787
vt 0.920267 0.559624
vt 0.915807 0.558032
vt 0.186479 0.287520
vt 0.046484 0.058256
vt 0.358560 0.089138
vt 0.162016 0.079145
vt 0.047399 0.613784
vt 0.588913 0.099622
vt 0.581041 0.108685
vt 0.911893 0.532037
vt 0.042707 0.575996
vt 0.099412 0.117185
vt 0.098862 0.117289
vt 0.098245 0.117443
vt 0.024807 0.516943
vt 0.040962 0.569044
vt 0.051710 0.060832
vt 0.918071 0.563682
vt 0.123689 0.094885
vt 0.099133 0.111875
vt 0.039173 0.541172
vt 0.024614 0.522180
vt 0.586069 0.120124
vt 0.042321 0.601285
vt 0.039532 0.579029
vt 0.056419 0.070135
vt 0.046139 0.082338
vt 0.238265 0.187637
vt 0.241673 0.195424
vt 0.227792 0.195573
vt 0.379246 0.084546
vt 0.130045 0.084992
vt 0.033134 0.548124
vt 0.603594 0.135959
vt 0.127591 0.064781
vt 0.123678 0.066727
vt 0.119460 0.050027
vt 0.062030 0.100733
vt 0.059659 0.082982
vt 0.127265 0.083468
vt 0.149065 0.079181
vt 0.907462 0.561126
vt 0.911048 0.549779
vt 0.079801 0.107056
vt 0.077843 0.112810
vt 0.105843 0.104281
vt 0.018896 0.509132
vt 0.045154 0.600299
vt 0.230523 0.200320
vt 0.246312 0.154607
vt 0.238948 0.161176
vt 0.227131 0.156117
vt 0.217002 0.170316
vt 0.233562 0.169327
vt 0.218410 0.176368
vt 0.809874 0.994321
vt 0.039165 0.560323
vt 0.111440 0.089951
vt 0.019082 0.515531
vt 0.021999 0.520946
vt 0.558554 0.115261
vt 0.555404 0.106129
vt 0.053135 0.056751
vt 0.575764 0.125504
vt 0.023565 0.591523
vt 0.109872 0.056758
vt 0.611523 0.138774
vt 0.822648 0.984665
vt 0.159236 0.076418
vt 0.086956 0.099820
vt 0.027814 0.574555
vt 0.072043 0.100923
vt 0.817708 0.973323
vt 0.923206 0.565430
vt 0.021172 0.538389
vt 0.045849 0.614730
vt 0.061281 0.055177
vt 0.025945 0.564212
vt 0.607253 0.134144
vt 0.150058 0.046462
vt 0.337417 0.114250
vt 0.114202 0.069263
vt 0.921036 0.567779
vt 0.074129 0.106175
vt 0.902514 0.538582
vt 0.078168 0.052423
vt 0.061566 0.046817
vt 0.059796 0.048519
vt 0.899367 0.626557
vt 0.906366 0.635774
vt 0.900951 0.641218
vt 0.954106 0.102090
vt 0.954106 0.099650
vt 0.963001 0.101104
vt 0.043121 0.613637
vt 0.230465 0.152433
vt 0.234416 0.176551
vt 0.825246 0.950223
vt 0.927106 0.569681
vt 0.058242 0.053110
vt 0.567491 0.116495
vt 0.166888 0.051924
vt 0.815568 0.988548
vt 0.165593 0.076832
vt 0.096991 0.092253
vt 0.071690 0.059533
vt 0.907939 0.624211
vt 0.034100 0.619316
vt 0.099589 0.055000
vt 0.071489 0.078205
vt 0.085724 0.042332
vt 0.912128 0.632259
vt 0.037166 0.619239
vt 0.170657 0.065041
vt 0.186493 0.291948
vt 0.897685 0.535362
vt 0.930366 0.642334
vt 0.923471 0.639919
vt 0.925594 0.633758
vt 0.548621 0.129473
vt 0.545935 0.118118
vt 0.554742 0.120534
vt 0.039124 0.620989
vt 0.579772 0.148544
vt 0.096555 0.071810
vt 0.377454 0.096125
vt 0.173549 0.066959
vt 0.808249 0.991710
vt 0.898972 0.528935
vt 0.892431 0.632727
vt 0.892772 0.642940
vt 0.553601 0.111962
vt 0.043218 0.619942
vt 0.803190 0.978779
vt 0.792927 0.987872
vt 0.799785 0.999535
vt 0.917776 0.578724
vt 0.912174 0.577396
vt 0.562740 0.131693
vt 0.084533 0.074890
vt 0.901436 0.549641
vt 0.919458 0.635015
vt 0.539120 0.150859
vt 0.539939 0.128764
vt 0.545305 0.129613
vt 0.529826 0.140997
vt 0.519927 0.129389
vt 0.223631 0.159173
vt 0.234489 0.165199
vt 0.883443 0.647232
vt 0.886141 0.635619
vt 0.222205 0.184710
vt 0.235948 0.181836
vt 0.520088 0.157681
vt 0.830208 0.945598
vt 0.915303 0.620009
vt 0.830476 0.936846
vt 0.371874 0.097749
vt 0.549823 0.156446
vt 0.515830 0.131071
vt 0.517104 0.156972
vt 0.797146 0.957469
vt 0.920386 0.621346
vt 0.334027 0.125835
vt 0.880474 0.635871
vt 0.571356 0.149161
vt 0.625890 0.138173
vt 0.360513 0.104099
vt 0.835274 0.930912
vt 0.906091 0.574585
vt 0.909853 0.617370
vt 0.366776 0.101500
vt 0.218910 0.165133
vt 0.885602 0.535795
vt 0.931186 0.633340
vt 0.899704 0.614832
vt 0.594345 0.151335
vt 0.781878 0.974770
vt 0.327218 0.125990
vt 0.224187 0.214946
vt 0.224444 0.209846
vt 0.228692 0.218045
vt 0.222263 0.210139
vt 0.218204 0.196832
vt 0.227878 0.144721
vt 0.215839 0.183585
vt 0.209733 0.157957
vt 0.332447 0.129494
vt 0.206776 0.163371
vt 0.206265 0.164210
vt 0.805379 0.949360
vt 0.202029 0.175851
vt 0.205494 0.161672
vt 0.899079 0.577764
vt 0.887489 0.538424
vt 0.895088 0.550420
vt 0.216466 0.200226
vt 0.226430 0.142771
vt 0.898207 0.566216
vt 0.912133 0.608698
vt 0.528212 0.158107
vt 0.186017 0.176421
vt 0.889395 0.604226
vt 0.512141 0.154818
vt 0.184042 0.161027
vt 0.883302 0.619943
vt 0.218236 0.229164
vt 0.211280 0.224978
vt 0.200699 0.208900
vt 0.902275 0.588017
vt 0.883590 0.549402
vt 0.879240 0.620280
vt 0.884153 0.615190
vt 0.910473 0.601610
vt 0.823592 0.925276
vt 0.910450 0.589546
vt 0.229613 0.218885
vt 0.181520 0.231055
vt 0.544007 0.160489
vt 0.897807 0.600806
vt 0.903047 0.599249
vt 0.349390 0.113186
vt 0.213663 0.225200
vt 0.612624 0.149879
vt 0.342610 0.119245
vt 0.382854 0.094606
vt 0.190861 0.148374
vt 0.915615 0.593868
vt 0.186951 0.159753
vt 0.188819 0.156203
vt 0.622487 0.144156
vt 0.337426 0.126691
vt 0.336077 0.130987
vt 0.583287 0.153613
vt 0.573815 0.154337
vt 0.341655 0.124789
vt 0.386106 0.094973
vt 0.380609 0.098164
vt 0.921439 0.587819
vt 0.794403 0.950115
vt 0.792017 0.952661
vt 0.927089 0.621055
vt 0.577532 0.157200
vt 0.587503 0.158092
vt 0.808057 0.933902
vt 0.891475 0.565398
vt 0.918268 0.609832
vt 0.563568 0.154403
vt 0.618297 0.151932
vt 0.830871 0.928482
vt 0.376538 0.099889
vt 0.782006 0.961958
vt 0.570387 0.161253
vt 0.602655 0.160614
vt 0.347865 0.119248
vt 0.339494 0.130183
vt 0.384927 0.098831
vt 0.811050 0.940236
vt 0.782090 0.954997
vt 0.787714 0.952112
vt 0.587618 0.162260
vt 0.622202 0.147852
vt 0.370808 0.103867
vt 0.891067 0.580524
vt 0.888499 0.556995
vt 0.565116 0.164658
vt 0.609424 0.154503
vt 0.617547 0.154747
vt 0.342460 0.127457
vt 0.382075 0.100190
vt 0.816144 0.933733
vt 0.347487 0.123461
vt 0.353214 0.114759
vt 0.377343 0.103070
vt 0.821651 0.928059
vt 0.806572 0.930430
vt 0.189496 0.150450
vt 0.185915 0.222661
vt 0.797553 0.935570
vt 0.601708 0.164258
vt 0.922535 0.611389
vt 0.216433 0.129060
vt 0.364379 0.107101
vt 0.874576 0.624248
vt 0.879947 0.614334
vt 0.566011 0.170535
vt 0.218870 0.230926
vt 0.558372 0.163283
vt 0.342385 0.131595
vt 0.359430 0.111630
vt 0.886329 0.577319
vt 0.382973 0.106918
vt 0.887861 0.570949
vt 0.880213 0.610857
vt 0.618237 0.161698
vt 0.347675 0.130983
vt 0.369061 0.108113
vt 0.772386 0.961100
vt 0.804708 0.928901
vt 0.769943 0.951700
vt 0.929390 0.619397
vt 0.354237 0.117234
vt 0.540363 0.169333
vt 0.926118 0.586582
vt 0.819737 0.922759
vt 0.763815 0.953179
vt 0.883003 0.553420
vt 0.883492 0.565114
vt 0.865658 0.628728
vt 0.865708 0.628067
vt 0.344280 0.133375
vt 0.378702 0.108799
vt 0.386934 0.104592
vt 0.814664 0.920678
vt 0.869133 0.617855
vt 0.579406 0.172664
vt 0.622511 0.158435
vt 0.361758 0.112836
vt 0.807106 0.925612
vt 0.878227 0.552126
vt 0.879805 0.555998
vt 0.621363 0.167114
vt 0.617242 0.168801
vt 0.353200 0.127825
vt 0.935807 0.592570
vt 0.870416 0.614523
vt 0.363444 0.121261
vt 0.063084 0.005012
vt 0.046576 0.006810
vt 0.033939 0.005097
vt 0.519384 0.184181
vt 0.824491 0.919896
vt 0.883262 0.569154
vt 0.036273 0.011410
vt 0.184458 0.146049
vt 0.864243 0.625017
vt 0.552026 0.175395
vt 0.356744 0.126217
vt 0.062454 0.013409
vt 0.175022 0.183524
vt 0.935130 0.620765
vt 0.815553 0.912042
vt 0.219057 0.237116
vt 0.861441 0.628605
vt 0.375069 0.111801
vt 0.783577 0.939733
vt 0.587270 0.177123
vt 0.630627 0.163830
vt 0.371821 0.115004
vt 0.825881 0.910781
vt 0.820035 0.909444
vt 0.772589 0.943873
vt 0.608124 0.180976
vt 0.062482 0.037753
vt 0.060865 0.039245
vt 0.052066 0.034468
vt 0.026715 0.034162
vt 0.787384 0.077656
vt 0.797941 0.075790
vt 0.786634 0.107861
vt 0.360952 0.123595
vt 0.524073 0.177937
vt 0.791629 0.921487
vt 0.545704 0.183757
vt 0.031096 0.028650
vt 0.794986 0.112606
vt 0.750216 0.954354
vt 0.829507 0.141772
vt 0.832656 0.120090
vt 0.838419 0.122449
vt 0.572169 0.181031
vt 0.634370 0.175284
vt 0.051551 0.031595
vt 0.056368 0.027139
vt 0.023833 0.032131
vt 0.776493 0.940236
vt 0.635493 0.172706
vt 0.821692 0.900907
vt 0.779787 0.935764
vt 0.577452 0.178920
vt 0.559518 0.185666
vt 0.182503 0.209554
vt 0.752067 0.943573
vt 0.876512 0.561874
vt 0.582676 0.179311
vt 0.784017 0.081278
vt 0.781280 0.931918
vt 0.361897 0.131155
vt 0.829924 0.904398
vt 0.828526 0.895795
vt 0.168258 0.146149
vt 0.171080 0.156670
vt 0.805380 0.908463
vt 0.863431 0.621124
vt 0.780994 0.078275
vt 0.779536 0.112549
vt 0.851916 0.132956
vt 0.159266 0.180902
vt 0.644519 0.173017
vt 0.792567 0.063998
vt 0.368199 0.121645
vt 0.841097 0.889320
vt 0.834510 0.897196
vt 0.837437 0.888027
vt 0.824502 0.131299
vt 0.773049 0.936124
vt 0.803088 0.071278
vt 0.064650 0.032892
vt 0.021146 0.025465
vt 0.577710 0.181704
vt 0.556571 0.184391
vt 0.780646 0.074505
vt 0.858959 0.635044
vt 0.849999 0.622800
vt 0.646850 0.175844
vt 0.827872 0.892057
vt 0.162856 0.137028
vt 0.156385 0.143382
vt 0.812133 0.893258
vt 0.753385 0.940410
vt 0.845944 0.874256
vt 0.845678 0.871922
vt 0.832310 0.887669
vt 0.157344 0.132615
vt 0.778404 0.098359
vt 0.582095 0.186060
vt 0.769113 0.116006
vt 0.815395 0.050122
vt 0.814119 0.066239
vt 0.769090 0.932585
vt 0.535324 0.184181
vt 0.843239 0.152833
vt 0.163770 0.185290
vt 0.632295 0.198979
vt 0.985451 0.031737
vt 1.000000 0.023417
vt 0.995765 0.030431
vt 0.831777 0.878688
vt 0.841319 0.867611
vt 0.766957 0.910832
vt 0.579583 0.198633
vt 0.648391 0.181894
vt 0.816735 0.138486
vt 0.176003 0.213642
vt 0.175324 0.212552
vt 0.818084 0.879493
vt 0.984616 0.082330
vt 0.990615 0.080087
vt 0.992573 0.092936
vt 0.815037 0.880419
vt 0.551033 0.191091
vt 0.762140 0.076203
vt 0.175372 0.228621
vt 0.195490 0.256738
vt 0.985236 0.039098
vt 0.749864 0.945109
vt 0.819418 0.058014
vt 0.821927 0.047347
vt 0.775770 0.906905
vt 0.765265 0.072246
vt 0.974968 0.033507
vt 0.989237 0.014825
vt 0.648542 0.189170
vt 0.797637 0.054954
vt 0.960314 0.095377
vt 0.968791 0.077888
vt 0.531559 0.186901
vt 0.778509 0.053441
vt 0.824351 0.867135
vt 0.758736 0.111273
vt 0.511049 0.187355
vt 0.783137 0.903035
vt 0.552258 0.197679
vt 0.167149 0.231277
vt 0.756627 0.075099
vt 0.831437 0.858498
vt 0.836125 0.859074
vt 0.511135 0.190978
vt 0.529444 0.192004
vt 0.983031 0.073357
vt 0.740201 0.941447
vt 0.948864 0.030831
vt 0.940496 0.017722
vt 0.545803 0.196181
vt 0.856245 0.142068
vt 0.858404 0.137979
vt 0.739259 0.068660
vt 0.744284 0.075565
vt 0.739063 0.086783
vt 0.753682 0.108661
vt 0.743963 0.068779
vt 0.726843 0.107669
vt 0.882322 0.157313
vt 0.734262 0.112678
vt 0.738716 0.110941
vt 0.505722 0.194071
vt 0.760317 0.906935
vt 0.721912 0.066637
vt 0.741010 0.065425
vt 0.824776 0.844739
vt 0.157342 0.182855
vt 0.873347 0.159520
vt 0.786842 0.155879
vt 0.787455 0.151681
vt 0.790220 0.153725
vt 0.613929 0.209888
vt 0.708388 0.102706
vt 0.541500 0.200625
vt 0.507383 0.198048
vt 0.164292 0.235900
vt 0.543518 0.204178
vt 0.721828 0.062389
vt 0.749388 0.071448
vt 0.744290 0.107308
vt 0.522452 0.201185
vt 0.763886 0.151040
vt 0.708097 0.060862
vt 0.849541 0.149439
vt 0.809290 0.146142
vt 0.711097 0.109792
vt 0.700442 0.057540
vt 0.701806 0.054646
vt 0.536161 0.209760
vt 0.697327 0.084466
vt 0.508261 0.206756
vt 0.542466 0.208687
vt 0.830326 0.166904
vt 0.698236 0.110413
vt 0.938827 0.079726
vt 0.793118 0.878871
vt 0.705135 0.054714
vt 0.811216 0.861221
vt 0.492603 0.207207
vt 0.571928 0.220800
vt 0.757728 0.061557
vt 0.941327 0.030316
vt 0.938965 0.076031
vt 0.806532 0.170507
vt 0.799052 0.153245
vt 0.948492 0.075041
vt 0.861140 0.233227
vt 0.851128 0.221434
vt 0.861949 0.230740
vt 0.817134 0.847244
vt 0.965301 0.066455
vt 0.806030 0.150197
vt 0.744229 0.147154
vt 0.762268 0.155092
vt 0.624830 0.215648
vt 0.788074 0.052286
vt 0.854762 0.156908
vt 0.844756 0.153893
vt 0.959548 0.074127
vt 0.728650 0.925905
vt 0.645523 0.207273
vt 0.863503 0.172601
vt 0.853835 0.156242
vt 0.851451 0.154066
vt 0.958417 0.034750
vt 0.804793 0.872207
vt 0.850759 0.216299
vt 0.862424 0.224036
vt 0.762902 0.909241
vt 0.750027 0.909180
vt 0.836667 0.163058
vt 0.679813 0.431534
vt 0.654965 0.412081
vt 0.668750 0.402727
vt 0.850020 0.210185
vt 0.803614 0.182203
vt 0.790723 0.167840
vt 0.649934 0.019676
vt 0.646804 0.042021
vt 0.635304 0.016893
vt 0.753000 0.892332
vt 0.735781 0.168191
vt 0.816142 0.842893
vt 0.854894 0.185829
vt 0.820339 0.174833
vt 0.588524 0.227191
vt 0.626369 0.031919
vt 0.745288 0.908025
vt 0.666376 0.018616
vt 0.664140 0.034916
vt 0.644194 0.211976
vt 0.776743 0.873584
vt 0.837844 0.216869
vt 0.803627 0.855519
vt 0.828996 0.171281
vt 0.791810 0.865925
vt 0.773850 0.183221
vt 0.802897 0.837883
vt 0.756020 0.171950
vt 0.772347 0.052037
vt 0.847811 0.192759
vt 0.635425 0.223940
vt 0.842032 0.197637
vt 0.790354 0.851783
vt 0.277216 0.746834
vt 0.307138 0.735933
vt 0.303349 0.739523
vt 0.613909 0.228376
vt 0.673656 0.430277
vt 0.322882 0.729761
vt 0.746976 0.171397
vt 0.665918 0.428946
vt 0.275958 0.749019
vt 0.655926 0.420208
vt 0.313009 0.739675
vt 0.758325 0.876684
vt 0.757837 0.176474
vt 0.294896 0.748782
vt 0.329496 0.734901
vt 0.643293 0.409286
vt 0.683567 0.443904
vt 0.652370 0.041327
vt 0.619662 0.055286
vt 0.836928 0.205639
vt 0.813286 0.183819
vt 0.745048 0.897893
vt 0.742602 0.905313
vt 0.662443 0.436877
vt 0.661714 0.044849
vt 0.633623 0.228301
vt 0.734668 0.172238
vt 0.652505 0.431163
vt 0.642384 0.425283
vt 0.676396 0.446039
vt 0.602688 0.232535
vt 0.687284 0.445792
vt 0.835711 0.210950
vt 0.795171 0.833830
vt 0.783450 0.863466
vt 0.801544 0.186475
vt 0.323139 0.745060
vt 0.748753 0.180490
vt 0.807764 0.187889
vt 0.268745 0.760356
vt 0.269625 0.752306
vt 0.740551 0.180775
vt 0.297456 0.753013
vt 0.630463 0.420317
vt 0.644485 0.048132
vt 0.783846 0.846038
vt 0.753080 0.886226
vt 0.741026 0.891114
vt 0.770625 0.185331
vt 0.655074 0.444573
vt 0.665119 0.453596
vt 0.668217 0.055994
vt 0.656397 0.053644
vt 0.596642 0.234125
vt 0.635080 0.055943
vt 0.689288 0.455435
vt 0.770697 0.861517
vt 0.642219 0.437733
vt 0.352872 0.739976
vt 0.759766 0.187753
vt 0.283138 0.761663
vt 0.678217 0.457907
vt 0.777678 0.830427
vt 0.638644 0.056514
vt 0.754036 0.869100
vt 0.329003 0.748934
vt 0.308718 0.757041
vt 0.631144 0.434908
vt 0.623033 0.237717
vt 0.644692 0.446866
vt 0.658315 0.063251
vt 0.260181 0.770239
vt 0.256013 0.760717
vt 0.691243 0.464271
vt 0.605113 0.237255
vt 0.764267 0.845576
vt 0.753872 0.876084
vt 0.348392 0.749499
vt 0.666430 0.467959
vt 0.624817 0.067058
vt 0.832472 0.215931
vt 0.793173 0.194240
vt 0.750605 0.189846
vt 0.787430 0.194738
vt 0.618935 0.428303
vt 0.640620 0.065709
vt 0.816812 0.203883
vt 0.750987 0.878864
vt 0.744214 0.882138
vt 0.266815 0.775698
vt 0.324078 0.758195
vt 0.644789 0.458541
vt 0.739250 0.193697
vt 0.614842 0.243853
vt 0.756173 0.857209
vt 0.937815 0.911928
vt 0.919480 0.920216
vt 0.934944 0.906290
vt 0.680291 0.471763
vt 0.651284 0.072713
vt 0.286191 0.766158
vt 0.619358 0.412865
vt 0.652754 0.467429
vt 0.373176 0.752867
vt 0.688326 0.476444
vt 0.795550 0.198879
vt 0.246021 0.776984
vt 0.257382 0.777652
vt 0.632872 0.446803
vt 0.609552 0.417162
vt 0.660527 0.073444
vt 0.628341 0.067939
vt 0.766797 0.830186
vt 0.747655 0.867640
vt 0.917837 0.906733
vt 0.255073 0.785818
vt 0.700052 0.470657
vt 0.633061 0.459896
vt 0.242754 0.784570
vt 0.931035 0.894244
vt 0.620879 0.443405
vt 0.714532 0.474180
vt 0.706082 0.485298
vt 0.756382 0.848431
vt 0.919411 0.883150
vt 0.931184 0.880864
vt 0.293468 0.770105
vt 0.337194 0.759720
vt 0.641077 0.078690
vt 0.827108 0.227339
vt 0.720060 0.481595
vt 0.310817 0.769401
vt 0.667419 0.479815
vt 0.914206 0.893167
vt 0.677349 0.486732
vt 0.217616 0.802762
vt 0.227807 0.790948
vt 0.230241 0.799168
vt 0.240650 0.796309
vt 0.609477 0.437557
vt 0.605576 0.429394
vt 0.278496 0.778571
vt 0.363546 0.760824
vt 0.657954 0.479025
vt 0.620634 0.070558
vt 0.801249 0.208907
vt 0.621767 0.073171
vt 0.695853 0.491677
vt 0.618056 0.459515
vt 0.636487 0.474177
vt 0.684805 0.491062
vt 0.715129 0.493807
vt 0.267074 0.788592
vt 0.812431 0.223334
vt 0.223557 0.818101
vt 0.793767 0.201192
vt 0.901783 0.913566
vt 0.650334 0.087995
vt 0.911419 0.925007
vt 0.586102 0.425889
vt 0.656684 0.091283
vt 0.727059 0.496822
vt 0.614111 0.447447
vt 0.825715 0.228644
vt 0.915261 0.872187
vt 0.384939 0.770480
vt 0.329732 0.770625
vt 0.639785 0.484919
vt 0.296615 0.780280
vt 0.629609 0.081793
vt 0.899459 0.954086
vt 0.902891 0.944838
vt 0.908958 0.951273
vt 0.910443 0.935890
vt 0.902337 0.923721
vt 0.906648 0.934332
vt 0.661342 0.493808
vt 0.607191 0.080408
vt 0.609788 0.072387
vt 0.233111 0.812304
vt 0.281839 0.783402
vt 0.351756 0.767505
vt 0.650584 0.489776
vt 0.608270 0.455237
vt 0.593698 0.436244
vt 0.704461 0.505856
vt 0.897635 0.902115
vt 0.253692 0.799895
vt 0.618945 0.478243
vt 0.598313 0.449223
vt 0.637454 0.091633
vt 0.244250 0.808439
vt 0.625898 0.092084
vt 0.611231 0.090703
vt 0.692915 0.505492
vt 0.888987 0.932700
vt 0.900842 0.878672
vt 0.668102 0.503102
vt 0.679748 0.506299
vt 0.316424 0.782181
vt 0.644625 0.101374
vt 0.713098 0.508377
vt 0.894976 0.888451
vt 0.890400 0.944486
vt 0.376310 0.780785
vt 0.585528 0.418812
vt 0.574186 0.422155
vt 0.349348 0.780497
vt 0.624061 0.489903
vt 0.656464 0.502530
vt 0.885669 0.922115
vt 0.272462 0.802961
vt 0.643179 0.503717
vt 0.576063 0.436827
vt 0.633597 0.102167
vt 0.363245 0.784061
vt 0.238828 0.827085
vt 0.286729 0.798084
vt 0.332601 0.784728
vt 0.605889 0.474866
vt 0.887023 0.965262
vt 0.884573 0.955203
vt 0.720405 0.521211
vt 0.581272 0.447660
vt 0.249632 0.821435
vt 0.261822 0.812012
vt 0.301955 0.790155
vt 0.388624 0.787456
vt 0.399377 0.785276
vt 0.686654 0.518638
vt 0.229356 0.838018
vt 0.662421 0.513680
vt 0.594305 0.466819
vt 0.630972 0.501018
vt 0.881238 0.910682
vt 0.587151 0.457836
vt 0.650482 0.511419
vt 0.879877 0.976705
vt 0.887278 0.979982
vt 0.881137 0.989032
vt 0.707757 0.522660
vt 0.695960 0.521443
vt 0.672435 0.518714
vt 0.569705 0.431951
vt 0.869266 0.943667
vt 0.879618 0.984867
vt 0.879326 0.984842
vt 0.875121 0.898678
vt 0.878989 0.984903
vt 0.321930 0.797187
vt 0.551898 0.429142
vt 0.564348 0.418208
vt 0.868864 0.954308
vt 0.307385 0.803479
vt 0.557449 0.437158
vt 0.676794 0.532736
vt 0.604255 0.495547
vt 0.563727 0.446900
vt 0.413376 0.793720
vt 0.404716 0.803821
vt 0.556998 0.418402
vt 0.622586 0.510020
vt 0.371144 0.795439
vt 0.593863 0.479265
vt 0.576731 0.464277
vt 0.282725 0.813156
vt 0.642721 0.521601
vt 0.653433 0.524860
vt 0.868429 0.964940
vt 0.870379 0.930875
vt 0.252650 0.833849
vt 0.389436 0.800929
vt 0.341141 0.795279
vt 0.867809 0.976086
vt 0.269067 0.822573
vt 0.633034 0.516552
vt 0.418385 0.821364
vt 0.613441 0.502541
vt 0.231370 0.858850
vt 0.222145 0.850600
vt 0.293721 0.809890
vt 0.544149 0.419795
vt 0.665480 0.529204
vt 0.689026 0.535246
vt 0.239003 0.848521
vt 0.871309 0.916446
vt 0.224642 0.870259
vt 0.601622 0.494260
vt 0.599680 0.501655
vt 0.238097 0.974721
vt 0.243274 0.966651
vt 0.246061 0.967350
vt 0.577267 0.467780
vt 0.234123 0.954386
vt 0.226032 0.938856
vt 0.235588 0.954459
vt 0.566826 0.456066
vt 0.561848 0.448358
vt 0.554773 0.437696
vt 0.221397 0.926377
vt 0.227848 0.939835
vt 0.549103 0.429670
vt 0.540641 0.422018
vt 0.865392 0.977383
vt 0.865379 0.966188
vt 0.865904 0.950925
vt 0.867001 0.932054
vt 0.868723 0.928857
vt 0.868368 0.915116
vt 0.872105 0.897529
vt 0.416787 0.821973
vt 0.408528 0.812745
vt 0.400188 0.808407
vt 0.382689 0.801877
vt 0.331995 0.798518
vt 0.368249 0.798960
vt 0.353632 0.798255
vt 0.591331 0.479905
vt 0.222788 0.926612
vt 0.219631 0.912008
vt 0.220944 0.912235
vt 0.218124 0.897761
vt 0.219440 0.897977
vt 0.220753 0.885352
vt 0.253193 0.854779
vt 0.284345 0.830045
vt 0.252816 0.980166
vt 0.283256 0.990899
vt 0.273598 0.996556
vt 0.567883 0.477084
vt 0.524505 0.419918
vt 0.532334 0.412899
vt 0.232508 0.893449
vt 0.236174 0.880166
vt 0.408110 0.835530
vt 0.391248 0.823461
vt 0.259993 0.968946
vt 0.530083 0.429739
vt 0.852762 0.964960
vt 0.860406 0.894958
vt 0.235792 0.931516
vt 0.233057 0.919126
vt 0.851940 0.953642
vt 0.853762 0.941197
vt 0.432876 0.853494
vt 0.419372 0.857351
vt 0.414656 0.845368
vt 0.379177 0.818126
vt 0.343796 0.811939
vt 0.242103 0.944289
vt 0.551313 0.456308
vt 0.543526 0.446741
vt 0.241737 0.869763
vt 0.302662 0.821428
vt 0.324246 0.813786
vt 0.300182 0.999565
vt 0.266508 0.843459
vt 0.271889 0.980905
vt 0.538318 0.437520
vt 0.367543 0.813699
vt 0.558042 0.467474
vt 0.231185 0.905413
vt 0.855255 0.925205
vt 0.853546 0.911525
vt 0.574315 0.485901
vt 0.252163 0.957702
vt 0.398962 0.829724
vt 0.243675 0.935806
vt 0.407484 0.884115
vt 0.426180 0.879210
vt 0.252963 0.869741
vt 0.319763 0.833118
vt 0.245401 0.924854
vt 0.239738 0.909460
vt 0.286476 0.968930
vt 0.352942 0.845165
vt 0.309470 0.985278
vt 0.519619 0.455061
vt 0.551471 0.493094
vt 0.287925 0.850165
vt 0.542605 0.484715
vt 0.338485 0.841657
vt 0.325333 0.990440
vt 0.316619 0.845953
vt 0.410554 0.901060
vt 0.427064 0.901198
vt 0.275079 0.955011
vt 0.510835 0.448776
vt 0.369346 0.844525
vt 0.266836 0.939484
vt 0.260553 0.899782
vt 0.306397 0.854629
vt 0.528960 0.467132
vt 0.258980 0.918956
vt 0.258615 0.908562
vt 0.274685 0.875580
vt 0.407886 0.918953
vt 0.288885 0.855359
vt 0.541352 0.470647
vt 0.426775 0.917190
vt 0.422444 0.933599
vt 0.406816 0.934740
vt 0.265569 0.890175
vt 0.262148 0.928365
vt 0.401152 0.870336
vt 0.292832 0.859495
vt 0.298652 0.976604
vt 0.387424 0.859077
vt 0.400692 0.956980
vt 0.395655 0.858853
vt 0.403606 0.894510
vt 0.292726 0.869090
vt 0.313832 0.981312
vt 0.346728 0.990180
vt 0.347538 0.985830
vt 0.373017 0.979362
vt 0.264332 0.915113
vt 0.399033 0.938543
vt 0.330045 0.851042
vt 0.295704 0.967057
vt 0.279471 0.952928
vt 0.271023 0.899742
vt 0.277267 0.883210
vt 0.371985 0.856987
vt 0.391183 0.967681
vt 0.272698 0.934406
vt 0.393169 0.885722
vt 0.372728 0.969887
vt 0.319822 0.975793
vt 0.288369 0.951649
vt 0.397090 0.911436
vt 0.345413 0.977428
vt 0.272805 0.923287
vt 0.352259 0.863858
vt 0.382476 0.949489
vt 0.387134 0.933017
vt 0.287757 0.896948
vt 0.295207 0.877618
vt 0.318240 0.870532
vt 0.374563 0.875253
vt 0.286983 0.918953
vt 0.311976 0.953409
vt 0.294522 0.940345
vt 0.327165 0.966155
vt 0.353958 0.964532
vt 0.376455 0.907499
vt 0.316888 0.893640
vt 0.367135 0.943460
vt 0.304522 0.916685
vt 0.333203 0.955912
vt 0.307337 0.934578
vt 0.337284 0.892078
vt 0.352630 0.895876
vt 0.321095 0.937573
vt 0.344732 0.940179
vt 0.354018 0.922272
vt 0.324778 0.912285
vt 0.684429 0.916427
vt 0.511034 0.717888
vt 0.286306 0.595496
vt 0.658513 0.378055
vt 0.264292 0.745953
vt 0.325316 0.173706
s 1
usemtl Material_01
f 23/1/1 4294/2/2 5508/3/3
f 1595/4/4 2090/5/5 5509/6/3
f 1595/4/4 2288/7/6 2090/5/5
f 4281/8/7 5502/9/8 466/10/9
f 1634/11/10 3227/12/11 4617/13/12
f 2340/14/13 4617/13/12 6278/15/14
f 4294/2/2 1594/16/15 5508/3/3
f 1595/4/4 3756/17/16 2288/7/6
f 2531/18/17 3384/19/18 4281/8/7
f 3384/19/18 5502/9/8 4281/8/7
f 5502/9/8 842/20/19 466/10/9
f 296/21/20 2062/22/21 2531/18/17
f 1927/23/22 2063/24/23 3227/12/11
f 1634/11/10 1927/23/22 3227/12/11
f 293/25/24 4294/2/2 23/1/1
f 2340/14/13 4610/26/25 4617/13/12
f 569/27/26 2340/14/13 6278/15/14
f 569/27/26 6278/15/14 5430/28/27
f 3756/17/16 1595/4/4 5589/29/28
f 955/30/29 2288/7/6 3756/17/16
f 959/31/30 3664/32/31 3341/33/32
f 1824/34/33 5466/35/34 2390/36/35
f 2531/18/17 4281/8/7 296/21/20
f 66/37/36 3511/38/37 842/20/19
f 4617/13/12 4610/26/25 1634/11/10
f 2018/39/38 6278/15/14 4617/13/12
f 6278/15/14 5417/40/39 5430/28/27
f 569/27/26 5430/28/27 4407/41/40
f 1509/42/41 955/30/29 3756/17/16
f 1509/42/41 2296/43/42 955/30/29
f 4043/44/43 4972/45/44 4407/41/40
f 2296/43/42 1509/42/41 6105/46/45
f 717/47/46 5090/48/47 4719/49/48
f 6105/46/45 4720/50/49 643/51/50
f 4720/50/49 5569/52/51 643/51/50
f 5090/48/47 4690/53/52 4719/49/48
f 3757/54/53 5441/55/54 5569/52/51
f 5672/56/55 959/31/30 3341/33/32
f 1680/57/56 3400/58/57 3039/59/58
f 3664/32/31 511/60/59 3341/33/32
f 2197/61/60 5719/62/61 801/63/62
f 5449/64/63 3401/65/64 2528/66/65
f 2528/66/65 4612/67/66 2210/68/67
f 423/69/68 2390/36/35 453/70/69
f 1823/71/70 423/69/68 2692/72/71
f 423/69/68 453/70/69 2692/72/71
f 466/10/9 2867/73/72 4281/8/7
f 842/20/19 3511/38/37 466/10/9
f 1509/42/41 276/74/73 6105/46/45
f 715/75/74 5027/76/75 6105/46/45
f 6105/46/45 5027/76/75 3048/77/76
f 161/78/77 717/47/46 4719/49/48
f 4720/50/49 6105/46/45 3048/77/76
f 3048/77/76 276/74/73 4720/50/49
f 5242/79/78 3757/54/53 5569/52/51
f 5196/80/79 5672/56/55 4689/81/52
f 5672/56/55 3361/82/80 4689/81/52
f 3757/54/53 3400/58/57 1680/57/56
f 3664/32/31 2428/83/81 511/60/59
f 3039/59/58 3400/58/57 3796/84/82
f 801/63/62 511/60/59 2197/61/60
f 3040/85/83 4662/86/84 1450/87/85
f 1450/87/85 4662/86/84 4082/88/86
f 3401/65/64 5449/64/63 5719/62/61
f 4782/89/87 4096/90/88 3615/91/89
f 2528/66/65 2210/68/67 5449/64/63
f 4096/90/88 5466/35/34 3615/91/89
f 1823/71/70 5906/92/90 4611/93/91
f 2390/36/35 423/69/68 1824/34/33
f 453/70/69 2390/36/35 5466/35/34
f 1823/71/70 2692/72/71 5906/92/90
f 2531/18/17 2062/22/21 3495/94/92
f 3495/94/92 2062/22/21 1928/95/93
f 2633/96/94 3511/38/37 66/37/36
f 1866/97/95 2633/96/94 66/37/36
f 4617/13/12 3117/98/96 2018/39/38
f 2340/14/13 569/27/26 1072/99/97
f 6278/15/14 2018/39/38 1408/100/98
f 2090/5/5 2288/7/6 3225/101/99
f 1509/42/41 3756/17/16 2871/102/100
f 2296/43/42 6105/46/45 6009/103/101
f 161/78/77 4043/44/43 717/47/46
f 715/75/74 6105/46/45 276/74/73
f 715/75/74 276/74/73 5027/76/75
f 5027/76/75 276/74/73 3048/77/76
f 6105/46/45 643/51/50 6009/103/101
f 6009/103/101 643/51/50 2916/104/102
f 643/51/50 5569/52/51 5441/55/54
f 4689/81/52 242/105/103 4718/106/104
f 3039/59/58 799/107/105 1680/57/56
f 2428/83/81 2197/61/60 511/60/59
f 5719/62/61 1948/108/106 801/63/62
f 4082/88/86 4455/109/107 4782/89/87
f 2528/66/65 5216/110/108 4612/67/66
f 4611/93/91 5215/111/108 1823/71/70
f 794/112/109 423/69/68 1823/71/70
f 466/10/9 3511/38/37 2867/73/72
f 293/25/24 4984/113/110 1866/97/95
f 23/1/1 4984/113/110 293/25/24
f 855/114/111 5589/29/28 1595/4/4
f 5508/3/3 2089/115/5 1093/116/112
f 4720/50/49 1987/117/113 5569/52/51
f 5196/80/79 959/31/30 5672/56/55
f 799/107/105 3757/54/53 1680/57/56
f 959/31/30 2428/83/81 3664/32/31
f 2929/118/114 3341/33/32 511/60/59
f 2929/118/114 511/60/59 801/63/62
f 4082/88/86 4662/86/84 4455/109/107
f 5449/64/63 1948/108/106 5719/62/61
f 1644/119/115 5502/9/8 3384/19/18
f 66/37/36 842/20/19 1755/120/116
f 66/37/36 1755/120/116 1866/97/95
f 4984/113/110 2633/96/94 1866/97/95
f 3288/121/117 1595/4/4 4293/122/2
f 1408/100/98 5917/123/118 6278/15/14
f 2089/115/5 3226/124/99 1093/116/112
f 6256/125/119 5140/126/120 569/27/26
f 6278/15/14 5917/123/118 5417/40/39
f 3485/127/121 569/27/26 4407/41/40
f 3225/101/99 2288/7/6 955/30/29
f 3485/127/121 4407/41/40 4972/45/44
f 1509/42/41 6217/128/122 2581/129/123
f 2152/130/124 4043/44/43 161/78/77
f 717/47/46 6176/131/125 5090/48/47
f 1987/117/113 4720/50/49 276/74/73
f 643/51/50 5441/55/54 2916/104/102
f 5242/79/78 3400/58/57 3757/54/53
f 4663/132/84 3039/59/58 3796/84/82
f 5216/110/108 2528/66/65 848/133/126
f 1824/34/33 4625/134/127 5466/35/34
f 5817/135/128 3384/19/18 2531/18/17
f 3495/94/92 5817/135/128 2531/18/17
f 1866/97/95 4279/136/129 293/25/24
f 293/25/24 4279/136/129 4294/2/2
f 5589/29/28 2871/102/100 3756/17/16
f 4407/41/40 5430/28/27 5037/137/130
f 4043/44/43 2152/130/124 4972/45/44
f 4043/44/43 4260/138/131 717/47/46
f 4690/53/52 5090/48/47 6176/131/125
f 6175/139/132 5196/80/79 4689/81/52
f 242/105/103 4689/81/52 3361/82/80
f 2428/83/81 1457/140/133 2197/61/60
f 1457/140/133 5719/62/61 2197/61/60
f 4082/88/86 4782/89/87 4731/141/134
f 4731/141/134 4782/89/87 3615/91/89
f 4662/86/84 4197/142/135 4455/109/107
f 5215/111/108 5188/143/136 1823/71/70
f 4782/89/87 3824/144/137 4096/90/88
f 4096/90/88 2484/145/138 5466/35/34
f 5906/92/90 2024/146/139 4611/93/91
f 3494/147/92 1927/23/22 5653/148/140
f 1634/11/10 5653/148/140 1927/23/22
f 4610/26/25 2340/14/13 4309/149/141
f 3288/121/117 855/114/111 1595/4/4
f 1072/99/97 569/27/26 5140/126/120
f 3485/127/121 6256/125/119 569/27/26
f 2871/102/100 1743/150/142 1509/42/41
f 5037/137/130 5430/28/27 5417/40/39
f 1743/150/142 6217/128/122 1509/42/41
f 3485/127/121 4972/45/44 2004/151/143
f 4407/41/40 5037/137/130 4043/44/43
f 5037/137/130 4260/138/131 4043/44/43
f 2004/151/143 4972/45/44 2152/130/124
f 1509/42/41 2581/129/123 276/74/73
f 4646/152/144 3361/82/80 5672/56/55
f 5392/153/145 799/107/105 3039/59/58
f 5672/56/55 3341/33/32 4646/152/144
f 1450/87/85 3291/154/146 3040/85/83
f 3501/155/147 4646/152/144 3341/33/32
f 2929/118/114 3501/155/147 3341/33/32
f 1457/140/133 2536/156/148 5719/62/61
f 2536/156/148 3401/65/64 5719/62/61
f 2536/156/148 848/133/126 2528/66/65
f 1948/108/106 5449/64/63 4408/157/149
f 4455/109/107 805/158/150 4782/89/87
f 1823/71/70 5188/143/136 794/112/109
f 5376/159/151 1824/34/33 423/69/68
f 452/160/152 2210/68/67 4612/67/66
f 5466/35/34 2484/145/138 453/70/69
f 2692/72/71 1662/161/153 5906/92/90
f 3384/19/18 5817/135/128 1644/119/115
f 3227/12/11 3117/98/96 4617/13/12
f 6025/162/154 5417/40/39 5917/123/118
f 955/30/29 2296/43/42 6168/163/155
f 4719/49/48 2637/164/156 161/78/77
f 4719/49/48 243/165/157 2637/164/156
f 5242/79/78 5569/52/51 4114/166/158
f 2780/167/159 4663/132/84 3796/84/82
f 3401/65/64 2536/156/148 2528/66/65
f 3615/91/89 1334/168/160 4731/141/134
f 452/160/152 4612/67/66 2025/169/139
f 107/170/161 5817/135/128 3495/94/92
f 1755/120/116 4279/136/129 1866/97/95
f 209/171/162 1634/11/10 4610/26/25
f 4278/172/129 3288/121/117 4293/122/2
f 3228/173/163 2062/22/21 3266/174/164
f 1072/99/97 4309/149/141 2340/14/13
f 1408/100/98 2839/175/165 5917/123/118
f 6025/162/154 2839/175/165 5417/40/39
f 2581/129/123 1987/117/113 276/74/73
f 2637/164/156 2152/130/124 161/78/77
f 1987/117/113 4114/166/158 5569/52/51
f 6175/139/132 2593/176/166 5196/80/79
f 5441/55/54 3757/54/53 799/107/105
f 959/31/30 5196/80/79 435/177/167
f 3039/59/58 3292/178/168 5392/153/145
f 4082/88/86 5405/179/169 1450/87/85
f 4663/132/84 2780/167/159 4198/180/170
f 1948/108/106 4435/181/171 801/63/62
f 4197/142/135 1650/182/172 4455/109/107
f 5376/159/151 423/69/68 794/112/109
f 4455/109/107 1650/182/172 805/158/150
f 5449/64/63 2210/68/67 4408/157/149
f 4782/89/87 805/158/150 3824/144/137
f 3971/183/173 1662/161/153 2692/72/71
f 1644/119/115 3460/184/174 5502/9/8
f 5502/9/8 3683/185/175 842/20/19
f 3683/185/175 1755/120/116 842/20/19
f 106/186/176 3494/147/92 5653/148/140
f 1634/11/10 209/171/162 5653/148/140
f 4309/149/141 209/171/162 4610/26/25
f 2633/96/94 3428/187/177 3511/38/37
f 3117/98/96 3227/12/11 5125/188/178
f 1712/189/179 2018/39/38 3117/98/96
f 2018/39/38 1712/189/179 1408/100/98
f 23/1/1 5508/3/3 1093/116/112
f 6025/162/154 5917/123/118 2839/175/165
f 6009/103/101 6168/163/155 2296/43/42
f 2916/104/102 5441/55/54 3241/190/180
f 2593/176/166 435/177/167 5196/80/79
f 959/31/30 3160/191/181 2428/83/81
f 801/63/62 4039/192/182 2929/118/114
f 4435/181/171 4039/192/182 801/63/62
f 5376/159/151 6020/193/183 1824/34/33
f 4408/157/149 2210/68/67 452/160/152
f 3824/144/137 2484/145/138 4096/90/88
f 453/70/69 3971/183/173 2692/72/71
f 3460/184/174 3683/185/175 5502/9/8
f 296/21/20 4281/8/7 3563/194/184
f 3266/174/164 2062/22/21 296/21/20
f 3265/195/185 5125/188/178 3227/12/11
f 4984/113/110 560/196/186 2633/96/94
f 955/30/29 6168/163/155 3225/101/99
f 3646/197/187 3485/127/121 2004/151/143
f 4260/138/131 6176/131/125 717/47/46
f 5441/55/54 799/107/105 3241/190/180
f 435/177/167 3160/191/181 959/31/30
f 2929/118/114 4039/192/182 3501/155/147
f 4731/141/134 5405/179/169 4082/88/86
f 4625/134/127 1824/34/33 6020/193/183
f 5906/92/90 1662/161/153 2024/146/139
f 453/70/69 2484/145/138 1974/198/188
f 1974/198/188 3971/183/173 453/70/69
f 3563/194/184 4281/8/7 2867/73/72
f 3266/174/164 296/21/20 688/199/189
f 2867/73/72 3511/38/37 3428/187/177
f 5125/188/178 1712/189/179 3117/98/96
f 1093/116/112 4984/113/110 23/1/1
f 5417/40/39 2839/175/165 5037/137/130
f 2380/200/190 6168/163/155 6009/103/101
f 6009/103/101 2916/104/102 2380/200/190
f 5392/153/145 3292/178/168 799/107/105
f 5405/179/169 3291/154/146 1450/87/85
f 2428/83/81 3160/191/181 1457/140/133
f 4625/134/127 1334/168/160 3615/91/89
f 4625/134/127 3615/91/89 5466/35/34
f 848/133/126 5190/201/191 5216/110/108
f 4408/157/149 4435/181/171 1948/108/106
f 3563/194/184 688/199/189 296/21/20
f 2633/96/94 560/196/186 3428/187/177
f 2025/169/139 1912/202/192 452/160/152
f 1663/203/193 1912/202/192 2025/169/139
f 4260/138/131 5874/204/194 6176/131/125
f 2896/205/195 4039/192/182 4435/181/171
f 832/206/196 1650/182/172 4197/142/135
f 1408/100/98 1712/189/179 4462/207/197
f 2839/175/165 1408/100/98 3491/208/198
f 1093/116/112 3226/124/99 4164/209/199
f 1705/210/200 1987/117/113 2581/129/123
f 3563/194/184 2867/73/72 1602/211/201
f 3428/187/177 1602/211/201 2867/73/72
f 688/199/189 609/212/202 3266/174/164
f 3225/101/99 6168/163/155 2400/213/203
f 1280/214/204 5242/79/78 4114/166/158
f 799/107/105 3292/178/168 5165/215/205
f 3291/154/146 5405/179/169 536/216/206
f 4408/157/149 452/160/152 4154/217/207
f 3981/218/208 3428/187/177 560/196/186
f 5125/188/178 5440/219/209 1712/189/179
f 395/220/210 1093/116/112 4164/209/199
f 2380/200/190 5226/221/211 6168/163/155
f 3105/222/212 242/105/103 3361/82/80
f 4731/141/134 1334/168/160 4540/223/213
f 5046/224/214 4625/134/127 6020/193/183
f 832/206/196 4197/142/135 831/225/215
f 832/206/196 831/225/215 1650/182/172
f 1974/198/188 2484/145/138 3417/226/216
f 3683/185/175 1877/227/217 1755/120/116
f 1023/228/218 4279/136/129 1755/120/116
f 1602/211/201 3428/187/177 1889/229/219
f 2074/230/220 4260/138/131 5037/137/130
f 4220/231/221 2594/232/222 6176/131/125
f 4312/233/223 4646/152/144 3501/155/147
f 831/225/215 4197/142/135 1130/234/224
f 1130/234/224 1650/182/172 831/225/215
f 3368/235/225 1644/119/115 5817/135/128
f 5026/236/226 209/171/162 4309/149/141
f 1022/237/218 3288/121/117 4278/172/129
f 688/199/189 3563/194/184 5083/238/227
f 1774/239/228 3563/194/184 1602/211/201
f 609/212/202 688/199/189 5083/238/227
f 4220/231/221 6176/131/125 5874/204/194
f 4253/240/229 3400/58/57 5242/79/78
f 3161/241/230 3097/242/231 1456/243/232
f 3796/84/82 3400/58/57 4253/240/229
f 849/244/233 2537/245/234 2293/246/235
f 6125/247/236 6020/193/183 5376/159/151
f 4929/248/237 452/160/152 1912/202/192
f 106/186/176 5653/148/140 3969/249/238
f 5124/250/178 3266/174/164 609/212/202
f 1712/189/179 5440/219/209 4462/207/197
f 5296/251/239 4984/113/110 1093/116/112
f 4165/252/240 3225/101/99 394/253/241
f 4136/254/242 5874/204/194 4260/138/131
f 2592/255/166 4005/256/243 436/257/167
f 2268/258/244 4253/240/229 5242/79/78
f 1334/168/160 4625/134/127 5046/224/214
f 4154/217/207 452/160/152 4929/248/237
f 3971/183/173 1974/198/188 3417/226/216
f 1877/227/217 1023/228/218 1755/120/116
f 5083/238/227 3563/194/184 2429/259/245
f 1889/229/219 3428/187/177 3981/218/208
f 560/196/186 4984/113/110 5296/251/239
f 2074/230/220 5037/137/130 2839/175/165
f 2916/104/102 4318/260/246 2380/200/190
f 1600/261/247 2636/262/248 242/105/103
f 2592/255/166 4219/263/221 5181/264/249
f 3902/265/250 1456/243/232 3397/266/251
f 3949/267/252 2537/245/234 1456/243/232
f 2293/246/235 2537/245/234 1109/268/253
f 849/244/233 1088/269/254 5189/270/255
f 4198/180/170 3616/271/256 1129/272/257
f 3616/271/256 1649/273/258 1129/272/257
f 1912/202/192 1995/274/259 4929/248/237
f 3417/226/216 2484/145/138 4265/275/260
f 6259/276/261 3460/184/174 1644/119/115
f 3460/184/174 6259/276/261 3683/185/175
f 1598/277/262 560/196/186 5296/251/239
f 3225/101/99 2400/213/203 394/253/241
f 5226/221/211 2380/200/190 3317/278/263
f 1054/279/264 2152/130/124 2637/164/156
f 436/257/167 5433/280/265 3161/241/230
f 3097/242/231 3161/241/230 5433/280/265
f 3097/242/231 3091/281/266 1456/243/232
f 3902/265/250 3949/267/252 1456/243/232
f 1114/282/267 5405/179/169 4731/141/134
f 2780/167/159 4075/283/268 4198/180/170
f 794/112/109 5188/143/136 497/284/269
f 497/284/269 5188/143/136 1089/285/270
f 805/158/150 1650/182/172 3617/286/271
f 2429/259/245 3563/194/184 1774/239/228
f 3981/218/208 560/196/186 1598/277/262
f 5440/219/209 5125/188/178 5052/287/272
f 395/220/210 3403/288/273 1093/116/112
f 5226/221/211 4399/289/274 6168/163/155
f 3317/278/263 2380/200/190 4318/260/246
f 4005/256/243 2592/255/166 5181/264/249
f 72/290/275 3241/190/180 799/107/105
f 5166/291/205 3291/154/146 536/216/206
f 1456/243/232 3091/281/266 3397/266/251
f 1088/269/254 849/244/233 2293/246/235
f 2581/129/123 6217/128/122 1705/210/200
f 4260/138/131 2015/292/276 4136/254/242
f 3241/190/180 706/293/277 4070/294/278
f 2916/104/102 3241/190/180 4070/294/278
f 1280/214/204 2268/258/244 5242/79/78
f 5433/280/265 436/257/167 4005/256/243
f 3949/267/252 1109/268/253 2537/245/234
f 794/112/109 497/284/269 5376/159/151
f 759/295/279 5376/159/151 497/284/269
f 759/295/279 6125/247/236 5376/159/151
f 4262/296/280 3971/183/173 3417/226/216
f 209/171/162 1355/297/281 5653/148/140
f 5296/251/239 1093/116/112 4659/298/282
f 1408/100/98 4462/207/197 3491/208/198
f 4659/298/282 1093/116/112 3403/288/273
f 394/253/241 2400/213/203 2104/299/283
f 2074/230/220 2839/175/165 1085/300/284
f 2400/213/203 6168/163/155 4399/289/274
f 2665/301/285 1291/302/286 4373/303/287
f 4070/294/278 4318/260/246 2916/104/102
f 5887/304/288 4985/305/289 2421/306/290
f 1600/261/247 242/105/103 3105/222/212
f 2471/307/291 3097/242/231 1503/308/292
f 1094/309/293 91/310/294 5093/311/295
f 1094/309/293 3031/312/296 91/310/294
f 72/290/275 799/107/105 5165/215/205
f 3314/313/297 3361/82/80 4646/152/144
f 536/216/206 5405/179/169 5823/314/298
f 1114/282/267 5823/314/298 5405/179/169
f 4540/223/213 1334/168/160 5046/224/214
f 4075/283/268 3616/271/256 4198/180/170
f 5052/287/272 5125/188/178 608/315/202
f 2429/259/245 1774/239/228 5875/316/299
f 1774/239/228 1589/317/300 5875/316/299
f 1598/277/262 2702/318/301 851/319/302
f 1691/320/303 3883/321/304 5432/322/305
f 851/319/302 2702/318/301 3447/323/306
f 5432/322/305 3883/321/304 6048/324/307
f 5649/325/308 2839/175/165 3491/208/198
f 2104/299/283 3402/326/309 394/253/241
f 1085/300/284 2839/175/165 5649/325/308
f 6018/327/310 3393/328/311 1126/329/312
f 2665/301/285 5791/330/313 1291/302/286
f 3393/328/311 606/331/314 1126/329/312
f 2015/292/276 4260/138/131 2074/230/220
f 1937/332/315 6294/333/316 2263/334/317
f 4339/335/318 770/336/319 3005/337/320
f 769/338/319 3317/278/263 3006/339/321
f 5887/304/288 3023/340/322 4985/305/289
f 3241/190/180 72/290/275 4687/341/323
f 3361/82/80 3314/313/297 3105/222/212
f 3091/281/266 3097/242/231 2471/307/291
f 2600/342/324 5445/343/325 1099/344/326
f 154/345/327 5914/346/328 332/347/329
f 199/348/330 5575/349/331 4851/350/332
f 4731/141/134 4540/223/213 1114/282/267
f 5575/349/331 759/295/279 4851/350/332
f 5914/346/328 4540/223/213 332/347/329
f 4851/350/332 759/295/279 497/284/269
f 332/347/329 4540/223/213 5046/224/214
f 6020/193/183 6125/247/236 5046/224/214
f 3981/218/208 1598/277/262 851/319/302
f 5052/287/272 5432/322/305 5440/219/209
f 1691/320/303 5432/322/305 5052/287/272
f 3447/323/306 3051/351/333 851/319/302
f 5875/316/299 1589/317/300 4899/352/334
f 3403/288/273 1291/302/286 5791/330/313
f 5649/325/308 6018/327/310 1085/300/284
f 1085/300/284 6018/327/310 1126/329/312
f 4136/254/242 1937/332/315 3991/353/335
f 1937/332/315 2263/334/317 3991/353/335
f 4136/254/242 4220/231/221 5874/204/194
f 4831/354/336 5725/355/337 2246/356/338
f 4831/354/336 2246/356/338 5181/264/249
f 5181/264/249 2246/356/338 4005/256/243
f 3023/340/322 4688/357/339 4985/305/289
f 3024/358/322 706/293/277 4687/341/323
f 4687/341/323 706/293/277 3241/190/180
f 3031/312/296 226/359/340 91/310/294
f 91/310/294 226/359/340 5823/314/298
f 226/359/340 536/216/206 5823/314/298
f 2600/342/324 205/360/341 5445/343/325
f 332/347/329 2133/361/342 154/345/327
f 1342/362/343 2293/246/235 5445/343/325
f 4540/223/213 5914/346/328 507/363/344
f 1099/344/326 5445/343/325 1109/268/253
f 5445/343/325 2293/246/235 1109/268/253
f 4265/275/260 2484/145/138 3824/144/137
f 5822/364/345 1774/239/228 1602/211/201
f 1589/317/300 1774/239/228 5822/364/345
f 4982/365/346 5440/219/209 5432/322/305
f 3403/288/273 2103/366/283 1291/302/286
f 4778/367/347 5791/330/313 2665/301/285
f 3393/328/311 6018/327/310 5016/368/348
f 606/331/314 258/369/349 1126/329/312
f 4373/303/287 3110/370/350 2665/301/285
f 2004/151/143 2152/130/124 5707/371/351
f 1569/372/352 770/336/319 4339/335/318
f 2015/292/276 1937/332/315 4136/254/242
f 6294/333/316 1937/332/315 4630/373/353
f 847/374/354 3006/339/321 3317/278/263
f 4477/375/355 3005/337/320 846/376/354
f 1054/279/264 2637/164/156 1599/377/247
f 2347/378/356 3023/340/322 5887/304/288
f 5409/379/357 706/293/277 3024/358/322
f 4245/380/358 4985/305/289 4688/357/339
f 1094/309/293 5093/311/295 2270/381/359
f 2802/382/360 2270/381/359 5093/311/295
f 3031/312/296 1094/309/293 183/383/361
f 1503/308/292 5314/384/362 2471/307/291
f 91/310/294 1468/385/363 5093/311/295
f 884/386/364 199/348/330 4851/350/332
f 4741/387/365 5823/314/298 1114/282/267
f 3732/388/366 4851/350/332 497/284/269
f 5026/236/226 1355/297/281 209/171/162
f 3375/389/367 3288/121/117 1022/237/218
f 5083/238/227 2429/259/245 4150/390/368
f 4150/390/368 2429/259/245 5875/316/299
f 608/315/202 2180/391/369 5052/287/272
f 1889/229/219 3981/218/208 851/319/302
f 851/319/302 3475/392/370 1889/229/219
f 4111/393/371 1598/277/262 5296/251/239
f 3475/392/370 851/319/302 3051/351/333
f 4462/207/197 5440/219/209 4982/365/346
f 2849/394/372 1589/317/300 5822/364/345
f 4150/390/368 5875/316/299 4458/395/373
f 3452/396/374 2702/318/301 1598/277/262
f 3489/397/375 3883/321/304 1691/320/303
f 4723/398/376 2702/318/301 3452/396/374
f 4659/298/282 3403/288/273 5791/330/313
f 4357/399/377 5432/322/305 6048/324/307
f 3782/400/378 3051/351/333 3447/323/306
f 2103/366/283 361/401/379 1291/302/286
f 3614/402/380 5791/330/313 4778/367/347
f 361/401/379 487/403/381 1291/302/286
f 487/403/381 4373/303/287 1291/302/286
f 1568/404/382 5226/221/211 769/338/319
f 1937/332/315 2015/292/276 1689/405/383
f 769/338/319 5226/221/211 3317/278/263
f 4339/335/318 4320/406/384 1569/372/352
f 1689/405/383 4630/373/353 1937/332/315
f 3005/337/320 4658/407/385 4339/335/318
f 3317/278/263 4318/260/246 847/374/354
f 3991/353/335 2263/334/317 2470/408/386
f 2347/378/356 5408/409/357 3023/340/322
f 4985/305/289 4245/380/358 1143/410/387
f 3097/242/231 5395/411/388 1503/308/292
f 183/383/361 1094/309/293 5701/412/389
f 3097/242/231 5433/280/265 6157/413/390
f 5739/414/391 226/359/340 3031/312/296
f 2471/307/291 1537/415/392 3091/281/266
f 5739/414/391 536/216/206 226/359/340
f 5823/314/298 1294/416/393 91/310/294
f 1084/417/394 2600/342/324 1099/344/326
f 5575/349/331 199/348/330 4097/418/395
f 156/419/396 507/363/344 5914/346/328
f 3562/420/397 1342/362/343 5445/343/325
f 3278/421/398 2133/361/342 332/347/329
f 3732/388/366 884/386/364 4851/350/332
f 4207/422/399 1109/268/253 3949/267/252
f 1099/344/326 1109/268/253 4207/422/399
f 1342/362/343 3536/423/400 2293/246/235
f 3236/424/401 1114/282/267 4540/223/213
f 5372/425/402 759/295/279 5575/349/331
f 332/347/329 5046/224/214 3278/421/398
f 1088/269/254 2293/246/235 3536/423/400
f 759/295/279 761/426/403 6125/247/236
f 1602/211/201 1889/229/219 99/427/404
f 1602/211/201 99/427/404 5822/364/345
f 1889/229/219 3475/392/370 99/427/404
f 2180/391/369 1691/320/303 5052/287/272
f 2180/391/369 3489/397/375 1691/320/303
f 4111/393/371 3452/396/374 1598/277/262
f 4462/207/197 4982/365/346 3491/208/198
f 5432/322/305 4357/399/377 4982/365/346
f 3609/428/405 4458/395/373 5875/316/299
f 5296/251/239 4723/398/376 3452/396/374
f 3491/208/198 252/429/406 5649/325/308
f 5791/330/313 3614/402/380 4659/298/282
f 5296/251/239 494/430/407 4723/398/376
f 5296/251/239 4778/367/347 494/430/407
f 5296/251/239 3614/402/380 4778/367/347
f 252/429/406 6018/327/310 5649/325/308
f 1314/431/408 6048/324/307 3883/321/304
f 3807/432/409 3447/323/306 2702/318/301
f 6018/327/310 252/429/406 5016/368/348
f 1085/300/284 1126/329/312 912/433/410
f 258/369/349 912/433/410 1126/329/312
f 2665/301/285 1673/434/411 4778/367/347
f 361/401/379 4400/435/274 487/403/381
f 5707/371/351 3646/197/187 2004/151/143
f 4400/435/274 1569/372/352 487/403/381
f 3393/328/311 6246/436/412 606/331/314
f 487/403/381 4394/437/413 4373/303/287
f 487/403/381 1569/372/352 4320/406/384
f 258/369/349 606/331/314 4395/438/414
f 4399/289/274 5226/221/211 1568/404/382
f 2066/439/415 2015/292/276 2074/230/220
f 2066/439/415 1689/405/383 2015/292/276
f 4136/254/242 3991/353/335 4563/440/416
f 4658/407/385 3005/337/320 4477/375/355
f 847/374/354 4318/260/246 4070/294/278
f 4220/231/221 4136/254/242 4563/440/416
f 847/374/354 706/293/277 5409/379/357
f 845/441/354 5408/409/357 4478/442/417
f 706/293/277 847/374/354 4070/294/278
f 2347/378/356 4478/442/417 5408/409/357
f 4831/354/336 5889/443/418 5725/355/337
f 5181/264/249 4219/263/221 4831/354/336
f 3371/444/419 2246/356/338 2717/445/420
f 4005/256/243 2246/356/338 3371/444/419
f 5122/446/421 4005/256/243 3371/444/419
f 5122/446/421 5433/280/265 4005/256/243
f 1143/410/387 1027/447/422 5701/412/389
f 2850/448/423 1503/308/292 5395/411/388
f 5701/412/389 1027/447/422 183/383/361
f 5395/411/388 6157/413/390 5433/280/265
f 2471/307/291 5314/384/362 1537/415/392
f 3097/242/231 6157/413/390 5395/411/388
f 72/290/275 5165/215/205 1026/449/424
f 183/383/361 1027/447/422 5739/414/391
f 183/383/361 5739/414/391 3031/312/296
f 1468/385/363 91/310/294 1294/416/393
f 1468/385/363 1294/416/393 6250/450/425
f 1027/447/422 5166/291/205 536/216/206
f 5739/414/391 1027/447/422 536/216/206
f 1537/415/392 3397/266/251 3091/281/266
f 4296/451/426 5914/346/328 154/345/327
f 6250/450/425 1294/416/393 1114/282/267
f 6250/450/425 1114/282/267 156/419/396
f 1294/416/393 4741/387/365 1114/282/267
f 156/419/396 1114/282/267 507/363/344
f 918/452/427 3902/265/250 3397/266/251
f 1294/416/393 5823/314/298 4741/387/365
f 918/452/427 3949/267/252 3902/265/250
f 5372/425/402 5575/349/331 4097/418/395
f 5202/453/428 2133/361/342 3278/421/398
f 5202/453/428 3278/421/398 5372/425/402
f 4823/454/429 4312/233/223 3501/155/147
f 1099/344/326 4207/422/399 1084/417/394
f 5372/425/402 3278/421/398 6125/247/236
f 3236/424/401 4540/223/213 507/363/344
f 761/426/403 759/295/279 5372/425/402
f 3732/388/366 497/284/269 1089/285/270
f 3368/235/225 2753/455/430 1644/119/115
f 5083/238/227 4150/390/368 4439/456/431
f 5083/238/227 4439/456/431 609/212/202
f 4150/390/368 4458/395/373 4439/456/431
f 608/315/202 3489/397/375 2180/391/369
f 609/212/202 4439/456/431 3488/457/432
f 5822/364/345 99/427/404 2849/394/372
f 4111/393/371 5296/251/239 3452/396/374
f 5296/251/239 4659/298/282 3614/402/380
f 99/427/404 3475/392/370 3051/351/333
f 4982/365/346 252/429/406 3491/208/198
f 2849/394/372 4899/352/334 1589/317/300
f 4982/365/346 4357/399/377 3985/458/433
f 4982/365/346 3985/458/433 252/429/406
f 252/429/406 3985/458/433 5016/368/348
f 2871/102/100 921/459/434 1743/150/142
f 2400/213/203 4399/289/274 362/460/435
f 362/460/435 2104/299/283 2400/213/203
f 1085/300/284 912/433/410 2074/230/220
f 4778/367/347 1673/434/411 494/430/407
f 3393/328/311 5016/368/348 6246/436/412
f 487/403/381 4320/406/384 4394/437/413
f 4563/440/416 3991/353/335 2470/408/386
f 4219/263/221 5889/443/418 4831/354/336
f 5725/355/337 1419/461/436 2246/356/338
f 3371/444/419 2850/448/423 5122/446/421
f 3371/444/419 2717/445/420 2850/448/423
f 1143/410/387 4245/380/358 1027/447/422
f 5122/446/421 2850/448/423 5395/411/388
f 5122/446/421 5395/411/388 5433/280/265
f 4246/462/437 4687/341/323 72/290/275
f 4246/462/437 72/290/275 1026/449/424
f 5914/346/328 4296/451/426 5133/463/438
f 3397/266/251 1537/415/392 918/452/427
f 3562/420/397 5682/464/439 1342/362/343
f 918/452/427 1084/417/394 3949/267/252
f 5681/465/440 884/386/364 3732/388/366
f 5681/465/440 3732/388/366 1089/285/270
f 3949/267/252 1084/417/394 4207/422/399
f 1114/282/267 3236/424/401 507/363/344
f 1342/362/343 5682/464/439 1088/269/254
f 1342/362/343 1088/269/254 3536/423/400
f 6125/247/236 3278/421/398 5046/224/214
f 5372/425/402 6125/247/236 761/426/403
f 1662/161/153 3971/183/173 4262/296/280
f 1355/297/281 3969/249/238 5653/148/140
f 4017/466/441 2871/102/100 5589/29/28
f 2187/467/442 3051/351/333 3782/400/378
f 5893/468/443 3883/321/304 3489/397/375
f 1323/469/444 4357/399/377 6048/324/307
f 3447/323/306 3807/432/409 3782/400/378
f 912/433/410 2066/439/415 2074/230/220
f 912/433/410 258/369/349 2066/439/415
f 258/369/349 1689/405/383 2066/439/415
f 258/369/349 4395/438/414 1689/405/383
f 1689/405/383 4395/438/414 4630/373/353
f 4658/407/385 4054/470/445 4339/335/318
f 4563/440/416 2470/408/386 5890/471/446
f 4478/442/417 2347/378/356 3189/472/447
f 4220/231/221 4563/440/416 5890/471/446
f 1916/473/448 2347/378/356 5887/304/288
f 3575/474/449 918/452/427 1537/415/392
f 4015/475/450 3562/420/397 5445/343/325
f 2133/361/342 5202/453/428 4859/476/451
f 2036/477/452 5372/425/402 4097/418/395
f 5372/425/402 2036/477/452 5202/453/428
f 4039/192/182 4823/454/429 3501/155/147
f 1072/99/97 5140/126/120 5007/478/453
f 4439/456/431 4458/395/373 3609/428/405
f 4723/398/376 3807/432/409 2702/318/301
f 5241/479/454 4630/373/353 4395/438/414
f 5725/355/337 755/480/455 1419/461/436
f 4668/481/456 4985/305/289 1143/410/387
f 1143/410/387 5701/412/389 4668/481/456
f 1094/309/293 2270/381/359 3220/482/457
f 5010/483/458 5314/384/362 1503/308/292
f 2577/484/459 1537/415/392 5314/384/362
f 2577/484/459 3575/474/449 1537/415/392
f 918/452/427 3575/474/449 1084/417/394
f 4015/475/450 5445/343/325 205/360/341
f 4859/476/451 154/345/327 2133/361/342
f 2036/477/452 318/485/460 5202/453/428
f 5007/478/453 5140/126/120 6256/125/119
f 5893/468/443 4554/486/461 3883/321/304
f 3883/321/304 4554/486/461 1314/431/408
f 2546/487/462 6246/436/412 5016/368/348
f 4373/303/287 4143/488/463 3110/370/350
f 4054/470/445 4320/406/384 4339/335/318
f 5889/443/418 4897/489/464 5725/355/337
f 4670/490/465 2421/306/290 4985/305/289
f 2717/445/420 3687/491/466 2850/448/423
f 1503/308/292 2850/448/423 3687/491/466
f 3687/491/466 5010/483/458 1503/308/292
f 5701/412/389 1094/309/293 4924/492/467
f 205/360/341 2600/342/324 2821/493/468
f 5202/453/428 318/485/460 4859/476/451
f 1915/494/469 4154/217/207 4929/248/237
f 3970/495/470 3368/235/225 5817/135/128
f 2187/467/442 99/427/404 3051/351/333
f 1323/469/444 3985/458/433 4357/399/377
f 1705/210/200 6217/128/122 5100/496/471
f 993/497/472 4394/437/413 4320/406/384
f 1094/309/293 3220/482/457 4924/492/467
f 3575/474/449 5713/498/473 1084/417/394
f 5713/498/473 2600/342/324 1084/417/394
f 156/419/396 5914/346/328 1379/499/474
f 3562/420/397 4015/475/450 5682/464/439
f 3970/495/470 5817/135/128 107/170/161
f 5893/468/443 3489/397/375 4440/500/431
f 3782/400/378 3807/432/409 314/501/475
f 3638/502/476 2546/487/462 3985/458/433
f 5016/368/348 3985/458/433 2546/487/462
f 3110/370/350 1673/434/411 2665/301/285
f 4395/438/414 606/331/314 417/503/477
f 4394/437/413 4143/488/463 4373/303/287
f 993/497/472 4320/406/384 4054/470/445
f 1280/214/204 4114/166/158 1987/117/113
f 2717/445/420 2246/356/338 1601/504/478
f 1601/504/478 2246/356/338 1419/461/436
f 4963/505/479 2802/382/360 5093/311/295
f 3564/506/480 199/348/330 884/386/364
f 3796/84/82 4001/507/481 2780/167/159
f 606/331/314 6246/436/412 1848/508/482
f 4630/373/353 5241/479/454 6294/333/316
f 1916/473/448 5887/304/288 2421/306/290
f 4670/490/465 4985/305/289 4668/481/456
f 5314/384/362 5010/483/458 3109/509/483
f 5093/311/295 4413/510/484 4963/505/479
f 1468/385/363 4413/510/484 5093/311/295
f 963/511/485 2600/342/324 5713/498/473
f 2007/512/486 3288/121/117 3375/389/367
f 3609/428/405 157/513/487 4439/456/431
f 4017/466/441 921/459/434 2871/102/100
f 99/427/404 2187/467/442 4411/514/488
f 4411/514/488 2187/467/442 3782/400/378
f 1323/469/444 6048/324/307 1314/431/408
f 4395/438/414 417/503/477 5241/479/454
f 417/503/477 606/331/314 2153/515/489
f 1622/516/490 5010/483/458 3687/491/466
f 6250/450/425 41/517/491 4413/510/484
f 1468/385/363 6250/450/425 4413/510/484
f 6250/450/425 156/419/396 1379/499/474
f 884/386/364 5681/465/440 3564/506/480
f 4408/157/149 4154/217/207 4435/181/171
f 3288/121/117 2007/512/486 855/114/111
f 4899/352/334 3829/518/492 5875/316/299
f 1423/519/493 3807/432/409 4723/398/376
f 4394/437/413 993/497/472 4879/520/494
f 3877/521/495 1916/473/448 2421/306/290
f 2802/382/360 1193/522/496 2270/381/359
f 3564/506/480 4786/523/497 199/348/330
f 1423/519/493 4723/398/376 494/430/407
f 2546/487/462 5510/524/498 6246/436/412
f 6246/436/412 5510/524/498 1848/508/482
f 2263/334/317 6294/333/316 409/525/499
f 4658/407/385 4477/375/355 1382/526/500
f 2498/527/501 5890/471/446 2470/408/386
f 963/511/485 2821/493/468 2600/342/324
f 4296/451/426 4081/528/502 5133/463/438
f 1379/499/474 5914/346/328 5133/463/438
f 4439/456/431 157/513/487 5892/529/503
f 3609/428/405 5875/316/299 3829/518/492
f 3845/530/504 3807/432/409 1423/519/493
f 314/501/475 3807/432/409 3845/530/504
f 3638/502/476 5510/524/498 2546/487/462
f 5228/531/505 1673/434/411 3110/370/350
f 4143/488/463 4394/437/413 4879/520/494
f 2498/527/501 2470/408/386 1586/532/506
f 934/533/507 3189/472/447 2347/378/356
f 5701/412/389 4924/492/467 4668/481/456
f 1622/516/490 3687/491/466 2737/534/508
f 5010/483/458 1622/516/490 3109/509/483
f 1434/535/509 2802/382/360 4963/505/479
f 4963/505/479 4413/510/484 1434/535/509
f 2821/493/468 4015/475/450 205/360/341
f 2691/536/510 4001/507/481 3796/84/82
f 1153/537/511 3829/518/492 4899/352/334
f 2153/515/489 606/331/314 1848/508/482
f 2174/538/512 3110/370/350 4143/488/463
f 6294/333/316 5617/539/513 409/525/499
f 2470/408/386 2263/334/317 1586/532/506
f 1586/532/506 2263/334/317 409/525/499
f 1916/473/448 934/533/507 2347/378/356
f 3687/491/466 2717/445/420 2737/534/508
f 1434/535/509 1592/540/514 2802/382/360
f 1434/535/509 4413/510/484 1592/540/514
f 5805/541/515 4253/240/229 2268/258/244
f 6250/450/425 1379/499/474 41/517/491
f 5682/464/439 4015/475/450 543/542/516
f 806/543/517 3616/271/256 1946/544/518
f 2753/455/430 6259/276/261 1644/119/115
f 3224/545/519 4309/149/141 1072/99/97
f 4447/546/520 1072/99/97 5007/478/453
f 4411/514/488 3782/400/378 6097/547/521
f 1674/548/522 6097/547/521 3782/400/378
f 1674/548/522 3782/400/378 198/549/523
f 1673/434/411 5228/531/505 494/430/407
f 2152/130/124 3496/550/524 5707/371/351
f 969/551/525 993/497/472 4054/470/445
f 495/552/526 1987/117/113 1705/210/200
f 5889/443/418 2499/553/527 2906/554/528
f 5889/443/418 2906/554/528 4897/489/464
f 3877/521/495 2421/306/290 4670/490/465
f 6241/555/529 2802/382/360 1592/540/514
f 4413/510/484 6241/555/529 1592/540/514
f 6162/556/530 2821/493/468 963/511/485
f 1730/557/531 963/511/485 5713/498/473
f 4786/523/497 67/558/532 199/348/330
f 4859/476/451 4296/451/426 154/345/327
f 2626/559/533 3824/144/137 805/158/150
f 1878/560/217 4657/561/534 1022/237/218
f 3485/127/121 3646/197/187 5707/371/351
f 314/501/475 198/549/523 3782/400/378
f 969/551/525 5700/562/535 993/497/472
f 4658/407/385 969/551/525 4054/470/445
f 1382/526/500 4477/375/355 3190/563/447
f 755/480/455 5725/355/337 4897/489/464
f 2341/564/536 3220/482/457 2270/381/359
f 2577/484/459 5314/384/362 3109/509/483
f 4296/451/426 6234/565/537 4081/528/502
f 4784/566/538 4296/451/426 4859/476/451
f 3121/567/539 4015/475/450 2821/493/468
f 4626/568/540 2036/477/452 4097/418/395
f 3656/569/541 1662/161/153 4262/296/280
f 1323/469/444 3638/502/476 3985/458/433
f 198/549/523 6097/547/521 1674/548/522
f 2341/564/536 4670/490/465 4668/481/456
f 1601/504/478 2737/534/508 2717/445/420
f 3220/482/457 4287/570/542 4924/492/467
f 4668/481/456 4924/492/467 4287/570/542
f 41/517/491 6241/555/529 4413/510/484
f 67/558/532 4097/418/395 199/348/330
f 4015/475/450 3121/567/539 543/542/516
f 2530/571/543 4786/523/497 3564/506/480
f 4253/240/229 2691/536/510 3796/84/82
f 3224/545/519 5026/236/226 4309/149/141
f 3224/545/519 1072/99/97 4447/546/520
f 99/427/404 1371/572/544 2849/394/372
f 4411/514/488 1324/573/545 99/427/404
f 6097/547/521 198/549/523 314/501/475
f 3220/482/457 2341/564/536 4287/570/542
f 4626/568/540 4097/418/395 67/558/532
f 1995/274/259 1912/202/192 3657/574/546
f 5589/29/28 855/114/111 4487/575/547
f 1743/150/142 5100/496/471 6217/128/122
f 1383/576/548 3189/472/447 1635/577/549
f 755/480/455 4738/578/550 1419/461/436
f 5599/579/551 2341/564/536 2270/381/359
f 2577/484/459 3109/509/483 5863/580/552
f 6234/565/537 5074/581/553 4081/528/502
f 3575/474/449 1730/557/531 5713/498/473
f 2848/582/554 3121/567/539 2821/493/468
f 318/485/460 4784/566/538 4859/476/451
f 158/583/487 612/584/555 5893/468/443
f 3638/502/476 1323/469/444 1314/431/408
f 5297/585/556 494/430/407 5228/531/505
f 417/503/477 3762/586/557 5241/479/454
f 4879/520/494 993/497/472 5700/562/535
f 1280/214/204 1987/117/113 495/552/526
f 3877/521/495 934/533/507 1916/473/448
f 4670/490/465 5599/579/551 3877/521/495
f 2341/564/536 4668/481/456 5747/587/558
f 1310/588/559 2270/381/359 1193/522/496
f 6162/556/530 2848/582/554 2821/493/468
f 542/589/516 2530/571/543 5681/465/440
f 5681/465/440 2530/571/543 3564/506/480
f 1324/573/545 1371/572/544 99/427/404
f 1371/572/544 4899/352/334 2849/394/372
f 612/584/555 4554/486/461 5893/468/443
f 1314/431/408 4554/486/461 334/590/560
f 4488/591/561 1848/508/482 5510/524/498
f 5297/585/556 5228/531/505 3110/370/350
f 4143/488/463 969/551/525 2174/538/512
f 5617/539/513 417/503/477 2153/515/489
f 5617/539/513 6294/333/316 5241/479/454
f 969/551/525 4658/407/385 363/592/562
f 5599/579/551 4670/490/465 2341/564/536
f 1622/516/490 5078/593/563 3109/509/483
f 1310/588/559 5599/579/551 2270/381/359
f 6241/555/529 1193/522/496 2802/382/360
f 6162/556/530 963/511/485 1730/557/531
f 3381/594/564 318/485/460 2036/477/452
f 3314/313/297 4646/152/144 4312/233/223
f 1022/237/218 4657/561/534 3375/389/367
f 2461/595/565 1371/572/544 1324/573/545
f 288/596/566 3845/530/504 1423/519/493
f 3110/370/350 2174/538/512 5297/585/556
f 280/597/567 2153/515/489 1848/508/482
f 5617/539/513 3762/586/557 417/503/477
f 934/533/507 1635/577/549 3189/472/447
f 5863/580/552 3575/474/449 2577/484/459
f 4001/507/481 5341/598/568 2780/167/159
f 4411/514/488 2461/595/565 1324/573/545
f 1371/572/544 1153/537/511 4899/352/334
f 2461/595/565 4411/514/488 6097/547/521
f 1314/431/408 334/590/560 1666/599/569
f 3638/502/476 4488/591/561 5510/524/498
f 969/551/525 3437/600/570 2174/538/512
f 969/551/525 4143/488/463 4879/520/494
f 1601/504/478 1419/461/436 4738/578/550
f 4738/578/550 1622/516/490 2737/534/508
f 4287/570/542 5747/587/558 4668/481/456
f 3064/601/571 5863/580/552 3109/509/483
f 5863/580/552 1730/557/531 3575/474/449
f 622/602/572 1379/499/474 5133/463/438
f 4784/566/538 6234/565/537 4296/451/426
f 4039/192/182 3946/603/573 4823/454/429
f 4554/486/461 612/584/555 334/590/560
f 5297/585/556 1423/519/493 494/430/407
f 6097/547/521 314/501/475 2413/604/574
f 2153/515/489 280/597/567 5617/539/513
f 5599/579/551 1234/605/575 3877/521/495
f 5078/593/563 1622/516/490 4738/578/550
f 6241/555/529 192/606/576 1193/522/496
f 41/517/491 1379/499/474 622/602/572
f 4784/566/538 318/485/460 3381/594/564
f 4435/181/171 4154/217/207 2220/607/577
f 1153/537/511 5403/608/578 3829/518/492
f 288/596/566 1423/519/493 5297/585/556
f 3845/530/504 2413/604/574 314/501/475
f 280/597/567 1848/508/482 4488/591/561
f 5700/562/535 969/551/525 4879/520/494
f 3762/586/557 5617/539/513 5241/479/454
f 280/597/567 409/525/499 5617/539/513
f 1601/504/478 4738/578/550 2737/534/508
f 5747/587/558 4287/570/542 2341/564/536
f 3109/509/483 5078/593/563 3064/601/571
f 41/517/491 192/606/576 6241/555/529
f 5074/581/553 1229/609/579 4081/528/502
f 3381/594/564 6234/565/537 4784/566/538
f 2303/610/580 3314/313/297 4312/233/223
f 1663/203/193 3657/574/546 1912/202/192
f 2679/611/581 1877/227/217 3683/185/175
f 1652/612/582 6256/125/119 3485/127/121
f 5100/496/471 1743/150/142 4974/613/583
f 3437/600/570 969/551/525 3294/614/584
f 363/592/562 3294/614/584 969/551/525
f 363/592/562 4658/407/385 1382/526/500
f 5888/615/585 4738/578/550 755/480/455
f 4289/616/586 1600/261/247 3105/222/212
f 622/602/572 5133/463/438 4081/528/502
f 2036/477/452 4626/568/540 3890/617/587
f 3829/518/492 5403/608/578 3480/618/588
f 6097/547/521 2413/604/574 400/619/589
f 1666/599/569 334/590/560 2044/620/590
f 280/597/567 1837/621/591 409/525/499
f 4751/622/592 363/592/562 1382/526/500
f 2628/623/593 934/533/507 3877/521/495
f 5599/579/551 1310/588/559 1234/605/575
f 5888/615/585 5078/593/563 4738/578/550
f 1193/522/496 192/606/576 1310/588/559
f 6162/556/530 3671/624/594 2848/582/554
f 3498/625/595 5074/581/553 6234/565/537
f 1229/609/579 622/602/572 4081/528/502
f 16/626/596 4823/454/429 3946/603/573
f 2181/627/597 2220/607/577 4154/217/207
f 1290/628/598 3824/144/137 2626/559/533
f 4974/613/583 1743/150/142 921/459/434
f 1371/572/544 2461/595/565 5985/629/599
f 169/630/600 612/584/555 158/583/487
f 288/596/566 5297/585/556 3736/631/601
f 3736/631/601 3845/530/504 288/596/566
f 400/619/589 6261/632/602 6097/547/521
f 3638/502/476 1314/431/408 1666/599/569
f 5783/633/603 2044/620/590 334/590/560
f 2174/538/512 3437/600/570 5297/585/556
f 571/634/604 1837/621/591 280/597/567
f 4897/489/464 2906/554/528 2136/635/605
f 755/480/455 4897/489/464 5888/615/585
f 1234/605/575 2628/623/593 3877/521/495
f 3498/625/595 1229/609/579 5074/581/553
f 6234/565/537 2616/636/606 3498/625/595
f 669/637/607 4626/568/540 67/558/532
f 669/637/607 5743/638/608 4626/568/540
f 67/558/532 4786/523/497 669/637/607
f 5026/236/226 5429/639/609 1355/297/281
f 1713/640/610 3224/545/519 4447/546/520
f 5707/371/351 1652/612/582 3485/127/121
f 157/513/487 3609/428/405 170/641/611
f 5985/629/599 1153/537/511 1371/572/544
f 5783/633/603 334/590/560 612/584/555
f 6261/632/602 2461/595/565 6097/547/521
f 3638/502/476 1971/642/612 4488/591/561
f 1586/532/506 2135/643/613 2498/527/501
f 2628/623/593 1635/577/549 934/533/507
f 2499/553/527 2136/635/605 2906/554/528
f 2136/635/605 1719/644/614 4897/489/464
f 5888/615/585 4897/489/464 3528/645/615
f 5078/593/563 5888/615/585 4853/646/616
f 1310/588/559 192/606/576 5383/647/617
f 2848/582/554 3671/624/594 3148/648/618
f 3064/601/571 1730/557/531 5863/580/552
f 1111/649/619 6162/556/530 1730/557/531
f 4960/650/620 3121/567/539 2848/582/554
f 4960/650/620 543/542/516 3121/567/539
f 4253/240/229 5805/541/515 3348/651/621
f 3890/617/587 3381/594/564 2036/477/452
f 2220/607/577 2896/205/195 4435/181/171
f 3609/428/405 3829/518/492 2487/652/622
f 3638/502/476 4766/653/623 1971/642/612
f 3736/631/601 5297/585/556 6110/654/624
f 4766/653/623 3638/502/476 1666/599/569
f 5297/585/556 3437/600/570 4141/655/625
f 280/597/567 4488/591/561 571/634/604
f 1586/532/506 409/525/499 4033/656/626
f 4033/656/626 409/525/499 1837/621/591
f 1310/588/559 952/657/627 1234/605/575
f 1111/649/619 3671/624/594 6162/556/530
f 4684/658/628 669/637/607 4786/523/497
f 2616/636/606 6234/565/537 2613/659/629
f 2613/659/629 6234/565/537 3381/594/564
f 3890/617/587 4626/568/540 5743/638/608
f 3417/226/216 4265/275/260 4925/660/630
f 3294/614/584 4077/661/631 3437/600/570
f 3997/662/632 495/552/526 1705/210/200
f 3294/614/584 363/592/562 4751/622/592
f 4751/622/592 1382/526/500 1636/663/633
f 1719/644/614 3528/645/615 4897/489/464
f 4853/646/616 5888/615/585 3528/645/615
f 41/517/491 5383/647/617 192/606/576
f 4960/650/620 2848/582/554 3148/648/618
f 4036/664/634 2530/571/543 542/589/516
f 3656/569/541 4262/296/280 3579/665/635
f 169/630/600 5783/633/603 612/584/555
f 1666/599/569 2044/620/590 4766/653/623
f 2044/620/590 5783/633/603 1226/666/636
f 5360/667/637 3496/550/524 2152/130/124
f 3294/614/584 5040/668/638 4077/661/631
f 3294/614/584 4751/622/592 1266/669/639
f 1586/532/506 4033/656/626 2135/643/613
f 1635/577/549 26/670/640 4752/671/641
f 26/670/640 1635/577/549 2628/623/593
f 1234/605/575 2494/672/642 2628/623/593
f 4446/673/643 5078/593/563 4853/646/616
f 4446/673/643 3064/601/571 5078/593/563
f 4446/673/643 1730/557/531 3064/601/571
f 3498/625/595 2616/636/606 1229/609/579
f 4446/673/643 1111/649/619 1730/557/531
f 3998/674/644 4960/650/620 3148/648/618
f 2874/675/645 4289/616/586 3105/222/212
f 4684/658/628 4786/523/497 4036/664/634
f 543/542/516 4960/650/620 3998/674/644
f 4036/664/634 4786/523/497 2530/571/543
f 2613/659/629 3381/594/564 3890/617/587
f 1278/676/646 2753/455/430 3368/235/225
f 6261/632/602 5985/629/599 2461/595/565
f 5985/629/599 5403/608/578 1153/537/511
f 3736/631/601 2413/604/574 3845/530/504
f 4141/655/625 6110/654/624 5297/585/556
f 571/634/604 4488/591/561 5272/677/647
f 3437/600/570 1563/678/648 4141/655/625
f 26/670/640 2628/623/593 2494/672/642
f 5383/647/617 952/657/627 1310/588/559
f 3998/674/644 4035/679/649 543/542/516
f 4823/454/429 16/626/596 4312/233/223
f 2896/205/195 4515/680/650 4039/192/182
f 6259/276/261 4109/681/651 3683/185/175
f 2487/652/622 3829/518/492 3480/618/588
f 2241/682/652 3480/618/588 5403/608/578
f 3941/683/653 6261/632/602 400/619/589
f 928/684/654 4766/653/623 2044/620/590
f 5272/677/647 4488/591/561 1971/642/612
f 6110/654/624 4141/655/625 4139/685/655
f 4140/686/656 4141/655/625 1563/678/648
f 5360/667/637 2152/130/124 1054/279/264
f 1932/687/657 4033/656/626 1837/621/591
f 4033/656/626 4873/688/658 2135/643/613
f 5383/647/617 2859/689/659 952/657/627
f 2457/690/660 5383/647/617 41/517/491
f 3459/691/661 1229/609/579 2616/636/606
f 622/602/572 2457/690/660 41/517/491
f 1229/609/579 2457/690/660 622/602/572
f 5341/598/568 4075/283/268 2780/167/159
f 4265/275/260 3824/144/137 1290/628/598
f 2487/652/622 170/641/611 3609/428/405
f 169/630/600 5885/692/662 5783/633/603
f 6261/632/602 607/693/663 5985/629/599
f 3941/683/653 400/619/589 2413/604/574
f 4140/686/656 1563/678/648 6110/654/624
f 1266/669/639 4751/622/592 27/694/640
f 4289/616/586 1053/695/264 1600/261/247
f 4874/696/658 1719/644/614 2136/635/605
f 4876/697/664 3890/617/587 5743/638/608
f 5588/698/665 2613/659/629 3890/617/587
f 2181/627/597 1915/494/469 4929/248/237
f 3683/185/175 4109/681/651 2679/611/581
f 2680/699/666 4657/561/534 1878/560/217
f 607/693/663 5403/608/578 5985/629/599
f 1705/210/200 5100/496/471 3997/662/632
f 3941/683/653 2413/604/574 1570/700/667
f 167/701/668 2044/620/590 1226/666/636
f 1563/678/648 4110/702/669 6110/654/624
f 1267/703/670 26/670/640 5162/704/671
f 26/670/640 2494/672/642 5162/704/671
f 4290/705/586 5360/667/637 1054/279/264
f 2457/690/660 2859/689/659 5383/647/617
f 3631/706/672 2616/636/606 2613/659/629
f 1280/214/204 896/707/673 2268/258/244
f 5099/708/674 4001/507/481 2691/536/510
f 806/543/517 1946/544/518 2625/709/533
f 4154/217/207 1915/494/469 2181/627/597
f 1995/274/259 703/710/675 4929/248/237
f 2962/711/676 5100/496/471 4974/613/583
f 169/630/600 2488/712/677 5885/692/662
f 167/701/668 928/684/654 2044/620/590
f 3736/631/601 6110/654/624 4110/702/669
f 1563/678/648 3437/600/570 4077/661/631
f 3631/706/672 3459/691/661 2616/636/606
f 669/637/607 5507/713/678 5743/638/608
f 1410/714/679 4876/697/664 5743/638/608
f 6058/715/680 4035/679/649 3998/674/644
f 5588/698/665 3890/617/587 4876/697/664
f 3348/651/621 2691/536/510 4253/240/229
f 4262/296/280 3417/226/216 3579/665/635
f 3720/716/681 2494/672/642 1234/605/575
f 4853/646/616 5490/717/682 4446/673/643
f 896/707/673 5805/541/515 2268/258/244
f 896/707/673 3348/651/621 5805/541/515
f 2303/610/580 4312/233/223 16/626/596
f 2181/627/597 4929/248/237 703/710/675
f 1713/640/610 4447/546/520 5007/478/453
f 5007/478/453 6256/125/119 1652/612/582
f 607/693/663 6261/632/602 1996/718/683
f 5040/668/638 3294/614/584 1266/669/639
f 3528/645/615 5646/719/684 1860/720/685
f 1111/649/619 4446/673/643 2955/721/686
f 3671/624/594 852/722/687 3148/648/618
f 2874/675/645 3105/222/212 3314/313/297
f 1278/676/646 3368/235/225 3970/495/470
f 973/723/688 1279/724/646 3969/249/238
f 4487/575/547 4017/466/441 5589/29/28
f 503/725/689 1229/609/579 3459/691/661
f 3598/726/690 4683/727/691 4035/679/649
f 3224/545/519 5429/639/609 5026/236/226
f 495/552/526 1199/728/692 1280/214/204
f 1860/720/685 4853/646/616 3528/645/615
f 1199/728/692 896/707/673 1280/214/204
f 5099/708/674 5341/598/568 4001/507/481
f 3946/603/573 4039/192/182 4515/680/650
f 416/729/693 3998/674/644 3148/648/618
f 3579/665/635 3417/226/216 4925/660/630
f 1355/297/281 973/723/688 3969/249/238
f 4487/575/547 855/114/111 2007/512/486
f 1971/642/612 4766/653/623 2357/730/694
f 2962/711/676 3997/662/632 5100/496/471
f 670/731/695 4683/727/691 4516/732/696
f 2874/675/645 3314/313/297 2303/610/580
f 5099/708/674 2691/536/510 3348/651/621
f 1542/733/697 1563/678/648 4077/661/631
f 662/734/698 3496/550/524 5360/667/637
f 1719/644/614 4613/735/699 3528/645/615
f 5490/717/682 2955/721/686 4446/673/643
f 4209/736/700 2457/690/660 1229/609/579
f 4516/732/696 5506/737/701 670/731/695
f 1995/274/259 3657/574/546 2273/738/702
f 2007/512/486 3375/389/367 4657/561/534
f 1713/640/610 5007/478/453 5862/739/703
f 4613/735/699 5646/719/684 3528/645/615
f 4075/283/268 1946/544/518 3616/271/256
f 703/710/675 1995/274/259 2273/738/702
f 4265/275/260 2052/740/704 4925/660/630
f 1190/741/705 2273/738/702 3657/574/546
f 3656/569/541 3579/665/635 1191/742/706
f 5862/739/703 3224/545/519 1713/640/610
f 5707/371/351 3334/743/707 1652/612/582
f 2357/730/694 5272/677/647 1971/642/612
f 3946/603/573 1800/744/708 16/626/596
f 3946/603/573 4515/680/650 1800/744/708
f 4515/680/650 2896/205/195 3296/745/709
f 2896/205/195 2220/607/577 3296/745/709
f 3296/745/709 2220/607/577 2181/627/597
f 1290/628/598 2052/740/704 4265/275/260
f 2007/512/486 5774/746/710 4487/575/547
f 1652/612/582 5862/739/703 5007/478/453
f 4487/575/547 921/459/434 4017/466/441
f 3334/743/707 5707/371/351 3496/550/524
f 3334/743/707 3496/550/524 662/734/698
f 2343/747/711 952/657/627 2859/689/659
f 1800/744/708 2303/610/580 16/626/596
f 4515/680/650 3296/745/709 1800/744/708
f 973/723/688 1355/297/281 5615/748/712
f 5885/692/662 2488/712/677 1821/749/713
f 5885/692/662 1546/750/714 5783/633/603
f 571/634/604 5272/677/647 5697/751/715
f 1575/752/716 5341/598/568 5099/708/674
f 2962/711/676 4946/753/717 3997/662/632
f 1822/754/718 5490/717/682 4853/646/616
f 1283/755/719 2859/689/659 2457/690/660
f 5507/713/678 1410/714/679 5743/638/608
f 2753/455/430 1278/676/646 3555/756/720
f 3555/756/720 574/757/721 2753/455/430
f 1279/724/646 973/723/688 5076/758/722
f 5077/759/723 3896/760/724 1278/676/646
f 1652/612/582 3334/743/707 4071/761/725
f 4946/753/717 2962/711/676 4974/613/583
f 3334/743/707 662/734/698 5195/762/726
f 1199/728/692 4877/763/727 896/707/673
f 3348/651/621 4322/764/728 5099/708/674
f 5099/708/674 3604/765/729 1575/752/716
f 3579/665/635 4925/660/630 3557/766/730
f 2753/455/430 3790/767/731 6259/276/261
f 2058/768/732 2007/512/486 4657/561/534
f 3180/769/733 2487/652/622 3480/618/588
f 5697/751/715 1837/621/591 571/634/604
f 5360/667/637 2/770/734 662/734/698
f 4290/705/586 2/770/734 5360/667/637
f 5776/771/735 2859/689/659 1283/755/719
f 1800/744/708 4068/772/736 2303/610/580
f 4322/764/728 3604/765/729 5099/708/674
f 3604/765/729 4322/764/728 1575/752/716
f 3169/773/737 4075/283/268 5341/598/568
f 4232/774/738 1946/544/518 4075/283/268
f 1289/775/598 2625/709/533 493/776/739
f 4045/777/740 2273/738/702 1190/741/705
f 4925/660/630 556/778/741 3557/766/730
f 3557/766/730 4372/779/742 3579/665/635
f 5076/758/722 973/723/688 5615/748/712
f 3224/545/519 733/780/743 5429/639/609
f 733/780/743 3224/545/519 5862/739/703
f 5862/739/703 1652/612/582 2511/781/744
f 3720/716/681 1234/605/575 952/657/627
f 1575/752/716 3169/773/737 5341/598/568
f 1263/782/745 3296/745/709 2181/627/597
f 703/710/675 2273/738/702 5357/783/746
f 3579/665/635 4372/779/742 1191/742/706
f 3896/760/724 3555/756/720 1278/676/646
f 5077/759/723 3555/756/720 3896/760/724
f 6259/276/261 3626/784/747 4109/681/651
f 159/785/748 2058/768/732 4657/561/534
f 2058/768/732 5774/746/710 2007/512/486
f 5862/739/703 2511/781/744 733/780/743
f 5774/746/710 5291/786/749 4487/575/547
f 4484/787/750 1564/788/751 1543/789/697
f 5195/762/726 662/734/698 2/770/734
f 3997/662/632 2115/790/752 495/552/526
f 495/552/526 5571/791/753 1199/728/692
f 4289/616/586 2874/675/645 3948/792/754
f 2955/721/686 4180/793/755 1111/649/619
f 852/722/687 416/729/693 3148/648/618
f 416/729/693 6058/715/680 3998/674/644
f 3598/726/690 4035/679/649 6058/715/680
f 2303/610/580 4068/772/736 2874/675/645
f 3169/773/737 1575/752/716 4322/764/728
f 510/794/756 2052/740/704 584/795/757
f 574/757/721 3790/767/731 2753/455/430
f 4657/561/534 2680/699/666 4787/796/758
f 921/459/434 4487/575/547 5291/786/749
f 4873/688/658 4033/656/626 6083/797/759
f 6030/798/760 2613/659/629 5588/698/665
f 896/707/673 4877/763/727 3348/651/621
f 3169/773/737 4232/774/738 4075/283/268
f 3296/745/709 1263/782/745 2352/799/761
f 584/795/757 2052/740/704 1290/628/598
f 5357/783/746 2273/738/702 2811/800/762
f 5615/748/712 3556/801/763 5076/758/722
f 4108/802/764 4787/796/758 2680/699/666
f 4787/796/758 159/785/748 4657/561/534
f 319/803/765 1355/297/281 5429/639/609
f 2241/682/652 5403/608/578 5769/804/766
f 4289/616/586 3948/792/754 1/805/734
f 5571/791/753 4877/763/727 1199/728/692
f 2625/709/533 1946/544/518 493/776/739
f 4925/660/630 2052/740/704 556/778/741
f 4045/777/740 1190/741/705 4371/806/767
f 6259/276/261 3790/767/731 3626/784/747
f 4787/796/758 4108/802/764 3627/807/768
f 4974/613/583 921/459/434 4946/753/717
f 1821/749/713 2488/712/677 3181/808/769
f 3751/809/770 5571/791/753 495/552/526
f 3948/792/754 2874/675/645 4728/810/771
f 4322/764/728 3348/651/621 2551/811/772
f 1800/744/708 3296/745/709 2539/812/773
f 703/710/675 1263/782/745 2181/627/597
f 556/778/741 2052/740/704 510/794/756
f 319/803/765 4196/813/774 1355/297/281
f 733/780/743 319/803/765 5429/639/609
f 5291/786/749 5774/746/710 2058/768/732
f 1652/612/582 4071/761/725 2511/781/744
f 2115/790/752 3751/809/770 495/552/526
f 1111/649/619 852/722/687 3671/624/594
f 2874/675/645 4068/772/736 4728/810/771
f 5353/814/775 4068/772/736 1800/744/708
f 5353/814/775 1800/744/708 2539/812/773
f 2539/812/773 3296/745/709 2352/799/761
f 493/776/739 1946/544/518 4232/774/738
f 4045/777/740 2811/800/762 2273/738/702
f 4372/779/742 3557/766/730 556/778/741
f 4946/753/717 921/459/434 320/815/776
f 3334/743/707 6038/816/777 4071/761/725
f 3997/662/632 4946/753/717 2115/790/752
f 1837/621/591 5697/751/715 1932/687/657
f 4613/735/699 1719/644/614 4874/696/658
f 1263/782/745 703/710/675 5357/783/746
f 583/817/778 1289/775/598 493/776/739
f 5615/748/712 1355/297/281 4196/813/774
f 921/459/434 5291/786/749 320/815/776
f 928/684/654 2357/730/694 4766/653/623
f 3334/743/707 5195/762/726 6038/816/777
f 4877/763/727 2551/811/772 3348/651/621
f 3626/784/747 3790/767/731 3652/818/779
f 1570/700/667 2413/604/574 3736/631/601
f 6083/797/759 4033/656/626 1932/687/657
f 2854/819/780 2955/721/686 5490/717/682
f 2894/820/781 4196/813/774 319/803/765
f 493/776/739 4232/774/738 5605/821/782
f 5605/821/782 583/817/778 493/776/739
f 2975/822/783 574/757/721 3555/756/720
f 1517/823/784 3652/818/779 3790/767/731
f 4841/824/785 3627/807/768 3651/825/779
f 6038/816/777 4578/826/786 4071/761/725
f 5885/692/662 6262/827/787 1546/750/714
f 1453/828/788 6038/816/777 5195/762/726
f 5195/762/726 4541/829/789 1453/828/788
f 2/770/734 4541/829/789 5195/762/726
f 3720/716/681 1202/830/790 2494/672/642
f 3948/792/754 4728/810/771 2782/831/791
f 3598/726/690 4516/732/696 4683/727/691
f 1232/832/792 5353/814/775 2539/812/773
f 4372/779/742 2660/833/793 4044/834/794
f 574/757/721 2975/822/783 3790/767/731
f 2439/835/795 4787/796/758 3627/807/768
f 2439/835/795 159/785/748 4787/796/758
f 2835/836/796 5291/786/749 2058/768/732
f 1135/837/797 733/780/743 2511/781/744
f 2352/799/761 1232/832/792 2539/812/773
f 1518/838/798 4841/824/785 3651/825/779
f 2678/839/799 5615/748/712 4196/813/774
f 4196/813/774 2894/820/781 2893/840/800
f 1135/837/797 2511/781/744 4071/761/725
f 1996/718/683 6261/632/602 3941/683/653
f 5040/668/638 1266/669/639 6050/841/801
f 3137/842/802 3751/809/770 2115/790/752
f 4728/810/771 4068/772/736 5832/843/803
f 5357/783/746 2811/800/762 5182/844/804
f 4196/813/774 2893/840/800 1964/845/805
f 2894/820/781 319/803/765 2892/846/806
f 159/785/748 5103/847/807 2058/768/732
f 284/848/808 3948/792/754 2782/831/791
f 2782/831/791 4728/810/771 5761/849/809
f 4728/810/771 5832/843/803 5761/849/809
f 1263/782/745 1432/850/810 2352/799/761
f 1263/782/745 5357/783/746 3432/851/811
f 3791/852/812 4841/824/785 1518/838/798
f 2893/840/800 3070/853/813 1964/845/805
f 5794/854/814 320/815/776 5291/786/749
f 3221/855/815 4946/753/717 320/815/776
f 4578/826/786 6038/816/777 1453/828/788
f 4946/753/717 694/856/816 2115/790/752
f 5767/857/817 1996/718/683 3941/683/653
f 4110/702/669 1563/678/648 4485/858/818
f 5697/751/715 5272/677/647 3365/859/819
f 5776/771/735 2343/747/711 2859/689/659
f 4877/763/727 5571/791/753 4755/860/820
f 5161/861/821 4322/764/728 2551/811/772
f 510/794/756 584/795/757 2099/862/822
f 5615/748/712 4020/863/823 3556/801/763
f 2678/839/799 4196/813/774 518/864/824
f 4196/813/774 1964/845/805 518/864/824
f 2892/846/806 319/803/765 3070/853/813
f 2058/768/732 5103/847/807 2835/836/796
f 587/865/825 4071/761/725 4578/826/786
f 3137/842/802 4922/866/826 3751/809/770
f 5161/861/821 2551/811/772 4877/763/727
f 2352/799/761 398/867/827 1232/832/792
f 3050/868/828 5605/821/782 4232/774/738
f 5200/869/829 2811/800/762 4045/777/740
f 4372/779/742 556/778/741 2660/833/793
f 2255/870/830 159/785/748 2439/835/795
f 2835/836/796 6134/871/831 5291/786/749
f 5697/751/715 3365/859/819 4385/872/832
f 4922/866/826 5571/791/753 3751/809/770
f 5251/873/833 5571/791/753 4922/866/826
f 5832/843/803 4068/772/736 3343/874/834
f 4068/772/736 5353/814/775 1232/832/792
f 5161/861/821 5953/875/835 4322/764/728
f 556/778/741 510/794/756 2595/876/836
f 159/785/748 2255/870/830 5103/847/807
f 733/780/743 1506/877/837 319/803/765
f 6262/827/787 5885/692/662 1821/749/713
f 3221/855/815 694/856/816 4946/753/717
f 694/856/816 3137/842/802 2115/790/752
f 3209/878/838 4541/829/789 2/770/734
f 2125/879/839 2854/819/780 5490/717/682
f 1410/714/679 2644/880/840 4876/697/664
f 4877/763/727 1901/881/841 5161/861/821
f 3343/874/834 4068/772/736 1232/832/792
f 5953/875/835 3169/773/737 4322/764/728
f 4019/882/842 5170/883/843 3555/756/720
f 3221/855/815 320/815/776 5794/854/814
f 3720/716/681 952/657/627 2343/747/711
f 2173/884/844 416/729/693 852/722/687
f 4232/774/738 1814/885/845 3050/868/828
f 151/886/846 2811/800/762 5200/869/829
f 556/778/741 6167/887/847 2660/833/793
f 4841/824/785 2439/835/795 3627/807/768
f 1964/845/805 3070/853/813 567/888/848
f 567/888/848 3070/853/813 319/803/765
f 1135/837/797 4071/761/725 587/865/825
f 1/805/734 3948/792/754 284/848/808
f 5200/869/829 4045/777/740 2659/889/849
f 2975/822/783 1561/890/850 3790/767/731
f 5103/847/807 2255/870/830 152/891/851
f 3674/892/852 4578/826/786 1453/828/788
f 4232/774/738 3169/773/737 972/893/853
f 4232/774/738 972/893/853 1814/885/845
f 1432/850/810 398/867/827 2352/799/761
f 1432/850/810 1263/782/745 3432/851/811
f 583/817/778 5605/821/782 2100/894/854
f 5615/748/712 2678/839/799 4020/863/823
f 319/803/765 1506/877/837 740/895/855
f 733/780/743 1135/837/797 1506/877/837
f 1822/754/718 4853/646/616 1860/720/685
f 5251/873/833 4755/860/820 5571/791/753
f 1226/666/636 5783/633/603 76/896/856
f 285/897/808 3209/878/838 2/770/734
f 4755/860/820 1901/881/841 4877/763/727
f 3169/773/737 5953/875/835 972/893/853
f 5182/844/804 3432/851/811 5357/783/746
f 5182/844/804 2811/800/762 151/886/846
f 556/778/741 2595/876/836 6167/887/847
f 1436/898/857 5783/633/603 1546/750/714
f 4110/702/669 819/899/858 3736/631/601
f 2833/900/859 1226/666/636 76/896/856
f 3209/878/838 285/897/808 4162/901/860
f 2644/880/840 5588/698/665 4876/697/664
f 3432/851/811 5182/844/804 5414/902/861
f 510/794/756 2099/862/822 2595/876/836
f 1560/903/850 4841/824/785 3791/852/812
f 1964/845/805 567/888/848 518/864/824
f 567/888/848 319/803/765 740/895/855
f 2835/836/796 6214/904/862 6134/871/831
f 5291/786/749 6134/871/831 5794/854/814
f 4578/826/786 3674/892/852 587/865/825
f 167/701/668 1226/666/636 2833/900/859
f 6051/905/863 1265/906/639 2553/907/864
f 1826/908/865 1860/720/685 5646/719/684
f 4163/909/860 284/848/808 1480/910/866
f 2955/721/686 2854/819/780 4180/793/755
f 5761/849/809 5832/843/803 1902/911/867
f 5200/869/829 2659/889/849 2739/912/868
f 3555/756/720 5170/883/843 2975/822/783
f 2552/913/869 1268/914/870 5164/915/871
f 2256/916/872 3721/917/681 2345/918/873
f 6058/715/680 5720/919/874 3598/726/690
f 762/920/875 2975/822/783 5170/883/843
f 694/856/816 4922/866/826 3137/842/802
f 4162/901/860 4541/829/789 3209/878/838
f 1328/921/876 4614/922/699 4873/688/658
f 4922/866/826 683/923/877 5251/873/833
f 5652/924/878 3050/868/828 1814/885/845
f 2975/822/783 228/925/879 1561/890/850
f 2678/839/799 2872/926/880 4020/863/823
f 152/891/851 785/927/881 5103/847/807
f 1506/877/837 1135/837/797 5336/928/882
f 3674/892/852 1453/828/788 3526/929/883
f 3480/618/588 2241/682/652 3180/769/733
f 284/848/808 2782/831/791 5761/849/809
f 1729/930/884 1901/881/841 4755/860/820
f 1902/911/867 5806/931/885 5761/849/809
f 4843/932/886 398/867/827 1432/850/810
f 3196/933/887 1432/850/810 3432/851/811
f 2739/912/868 151/886/846 5200/869/829
f 2660/833/793 6167/887/847 1647/934/888
f 2439/835/795 4841/824/785 4476/935/889
f 567/888/848 740/895/855 2866/936/890
f 1506/877/837 6218/937/891 740/895/855
f 4414/938/892 5794/854/814 6134/871/831
f 2644/880/840 6133/939/893 5588/698/665
f 5605/821/782 4716/940/894 2100/894/854
f 2595/876/836 2099/862/822 887/941/895
f 228/925/879 2975/822/783 762/920/875
f 2873/942/880 5170/883/843 4019/882/842
f 1262/943/896 518/864/824 567/888/848
f 5909/944/897 2835/836/796 5103/847/807
f 587/865/825 5336/928/882 1135/837/797
f 1982/945/898 5403/608/578 607/693/663
f 4893/946/899 1453/828/788 4541/829/789
f 1328/921/876 4873/688/658 6083/797/759
f 503/725/689 4209/736/700 1229/609/579
f 1901/881/841 1729/930/884 5651/947/900
f 1232/832/792 398/867/827 4852/948/901
f 6218/937/891 1506/877/837 5336/928/882
f 3221/855/815 5794/854/814 6120/949/902
f 6035/950/903 607/693/663 1996/718/683
f 283/951/904 694/856/816 3221/855/815
f 1542/733/697 4077/661/631 5040/668/638
f 6058/715/680 416/729/693 5720/919/874
f 5652/924/878 5044/952/905 3050/868/828
f 4843/932/886 1432/850/810 3196/933/887
f 5605/821/782 3050/868/828 5966/953/906
f 1262/943/896 567/888/848 2866/936/890
f 5252/954/907 785/927/881 152/891/851
f 5909/944/897 5103/847/807 785/927/881
f 4414/938/892 6134/871/831 6214/904/862
f 2368/955/908 283/951/904 3221/855/815
f 3941/683/653 1570/700/667 4342/956/909
f 819/899/858 1570/700/667 3736/631/601
f 4162/901/860 2234/957/910 4541/829/789
f 3365/859/819 5272/677/647 2357/730/694
f 683/923/877 4755/860/820 5251/873/833
f 872/958/911 284/848/808 5761/849/809
f 6133/939/893 6030/798/760 5588/698/665
f 2264/959/912 5161/861/821 1901/881/841
f 1647/934/888 6169/960/913 2660/833/793
f 5170/883/843 3551/961/914 762/920/875
f 3185/962/915 587/865/825 3674/892/852
f 2860/963/916 3221/855/815 5821/964/917
f 4893/946/899 2245/965/918 1453/828/788
f 1453/828/788 2245/965/918 3526/929/883
f 2100/894/854 4716/940/894 888/966/895
f 2738/967/919 2660/833/793 6169/960/913
f 1560/903/850 4476/935/889 4841/824/785
f 3941/683/653 4342/956/909 1034/968/920
f 1570/700/667 819/899/858 4342/956/909
f 3060/969/921 5506/737/701 4516/732/696
f 5651/947/900 2264/959/912 1901/881/841
f 5652/924/878 1814/885/845 4080/970/922
f 4080/970/922 1814/885/845 972/893/853
f 3196/933/887 3432/851/811 5780/971/923
f 5780/971/923 3432/851/811 5414/902/861
f 5966/953/906 4716/940/894 5605/821/782
f 4801/972/924 1647/934/888 6167/887/847
f 2255/870/830 2439/835/795 4476/935/889
f 740/895/855 980/973/925 2866/936/890
f 2866/936/890 980/973/925 5519/974/926
f 6120/949/902 5821/964/917 3221/855/815
f 503/725/689 3459/691/661 4209/736/700
f 3050/868/828 5044/952/905 5966/953/906
f 4801/972/924 6167/887/847 2595/876/836
f 4527/975/927 980/973/925 740/895/855
f 4527/975/927 740/895/855 6218/937/891
f 2835/836/796 5909/944/897 6214/904/862
f 6120/949/902 6118/976/928 5821/964/917
f 3674/892/852 3526/929/883 5154/977/929
f 1910/978/930 2357/730/694 928/684/654
f 1202/830/790 5162/704/671 2494/672/642
f 1822/754/718 1860/720/685 1826/908/865
f 2613/659/629 6030/798/760 3631/706/672
f 4516/732/696 3598/726/690 2681/979/931
f 872/958/911 5761/849/809 5806/931/885
f 4852/948/901 3343/874/834 1232/832/792
f 4852/948/901 398/867/827 4843/932/886
f 71/980/932 1519/981/933 5652/924/878
f 5652/924/878 1519/981/933 5044/952/905
f 3075/982/934 762/920/875 3551/961/914
f 3502/983/935 785/927/881 5462/984/936
f 2245/965/918 5154/977/929 3526/929/883
f 1910/978/930 928/684/654 167/701/668
f 5652/924/878 4080/970/922 71/980/932
f 762/920/875 3075/982/934 228/925/879
f 6035/950/903 1996/718/683 5767/857/817
f 4541/829/789 2564/985/937 4893/946/899
f 4593/986/938 3318/987/939 5806/931/885
f 3611/988/940 5161/861/821 2264/959/912
f 4381/989/941 5832/843/803 3343/874/834
f 785/927/881 5252/954/907 5462/984/936
f 4414/938/892 5740/990/942 5794/854/814
f 5794/854/814 5740/990/942 6120/949/902
f 2860/963/916 2368/955/908 3221/855/815
f 872/958/911 1480/910/866 284/848/808
f 5806/931/885 1902/911/867 4593/986/938
f 3551/961/914 5170/883/843 2607/991/943
f 5994/992/944 2678/839/799 518/864/824
f 2866/936/890 3394/993/945 1262/943/896
f 785/927/881 3502/983/935 5909/944/897
f 5545/994/946 2860/963/916 5821/964/917
f 1034/968/920 5767/857/817 3941/683/653
f 6050/841/801 1542/733/697 5040/668/638
f 3631/706/672 4209/736/700 3459/691/661
f 872/958/911 5806/931/885 437/995/947
f 2866/936/890 5519/974/926 3394/993/945
f 3185/962/915 3674/892/852 5154/977/929
f 1982/945/898 607/693/663 6035/950/903
f 1982/945/898 5769/804/766 5403/608/578
f 2242/996/948 5772/997/766 4466/998/949
f 2564/985/937 4541/829/789 2234/957/910
f 4385/872/832 1932/687/657 5697/751/715
f 1822/754/718 2125/879/839 5490/717/682
f 1790/999/950 4755/860/820 683/923/877
f 3060/969/921 4085/1000/951 5506/737/701
f 1647/934/888 4801/972/924 3157/1001/952
f 2873/942/880 2607/991/943 5170/883/843
f 2865/1002/953 2255/870/830 4476/935/889
f 587/865/825 3185/962/915 5336/928/882
f 5545/994/946 5821/964/917 6118/976/928
f 6083/797/759 1932/687/657 6124/1003/954
f 5720/919/874 2681/979/931 3598/726/690
f 5806/931/885 3318/987/939 437/995/947
f 4852/948/901 5624/1004/955 3343/874/834
f 5953/875/835 4080/970/922 972/893/853
f 3196/933/887 4441/1005/956 4843/932/886
f 3074/1006/957 3196/933/887 5780/971/923
f 3878/1007/958 5182/844/804 151/886/846
f 6170/1008/913 2079/1009/959 2739/912/868
f 2833/900/859 1910/978/930 167/701/668
f 283/951/904 708/1010/960 694/856/816
f 5506/737/701 4085/1000/951 1409/1011/679
f 4237/1012/961 5651/947/900 1729/930/884
f 5252/954/907 152/891/851 2255/870/830
f 79/1013/962 5909/944/897 3502/983/935
f 4466/998/949 1821/749/713 3181/808/769
f 2256/916/872 1203/1014/963 3721/917/681
f 2457/690/660 4209/736/700 1283/755/719
f 1790/999/950 1729/930/884 4755/860/820
f 3611/988/940 5953/875/835 5161/861/821
f 5252/954/907 2255/870/830 2865/1002/953
f 708/1010/960 683/923/877 4922/866/826
f 416/729/693 2173/884/844 5720/919/874
f 2739/912/868 3878/1007/958 151/886/846
f 1725/1015/964 1561/890/850 228/925/879
f 1902/911/867 4381/989/941 4593/986/938
f 5832/843/803 4381/989/941 1902/911/867
f 1436/898/857 76/896/856 5783/633/603
f 1111/649/619 2517/1016/965 852/722/687
f 2173/884/844 852/722/687 2517/1016/965
f 833/1017/966 1078/1018/967 5953/875/835
f 4852/948/901 4843/932/886 4441/1005/956
f 5414/902/861 3074/1006/957 5780/971/923
f 1647/934/888 3157/1001/952 4693/1019/968
f 4693/1019/968 6169/960/913 1647/934/888
f 2965/1020/969 1262/943/896 3394/993/945
f 6214/904/862 5909/944/897 79/1013/962
f 3181/808/769 2242/996/948 4466/998/949
f 2357/730/694 1910/978/930 3365/859/819
f 819/899/858 4110/702/669 4485/858/818
f 1932/687/657 4385/872/832 6124/1003/954
f 708/1010/960 4922/866/826 694/856/816
f 1111/649/619 1113/1021/970 2517/1016/965
f 1113/1021/970 1111/649/619 4180/793/755
f 3319/1022/971 4237/1012/961 1729/930/884
f 5651/947/900 3758/1023/972 2264/959/912
f 5953/875/835 4000/1024/973 4080/970/922
f 2079/1009/959 3878/1007/958 2739/912/868
f 1771/1025/974 4801/972/924 2595/876/836
f 3333/1026/975 5336/928/882 3185/962/915
f 3758/1023/972 5651/947/900 4237/1012/961
f 3611/988/940 833/1017/966 5953/875/835
f 3196/933/887 3074/1006/957 995/1027/976
f 3551/961/914 3513/1028/977 3075/982/934
f 2860/963/916 4063/1029/978 2368/955/908
f 2553/907/864 5163/1030/671 1203/1014/963
f 4209/736/700 3631/706/672 6030/798/760
f 4085/1000/951 2645/1031/979 1409/1011/679
f 1566/1032/980 1519/981/933 71/980/932
f 1771/1025/974 2595/876/836 887/941/895
f 3157/1001/952 1460/1033/981 4693/1019/968
f 1771/1025/974 3157/1001/952 4801/972/924
f 3513/1028/977 228/925/879 3075/982/934
f 518/864/824 3879/1034/982 5994/992/944
f 4104/1035/983 6214/904/862 79/1013/962
f 5740/990/942 6118/976/928 6120/949/902
f 1077/1036/984 2860/963/916 5545/994/946
f 833/1017/966 3611/988/940 2264/959/912
f 990/1037/985 3074/1006/957 5414/902/861
f 2952/1038/986 4527/975/927 6218/937/891
f 4414/938/892 6214/904/862 4104/1035/983
f 283/951/904 2368/955/908 4063/1029/978
f 76/896/856 1436/898/857 1546/750/714
f 5767/857/817 1034/968/920 6035/950/903
f 3410/1039/987 4484/787/750 1543/789/697
f 3410/1039/987 1543/789/697 6051/905/863
f 4209/736/700 6030/798/760 4084/1040/988
f 4516/732/696 2681/979/931 3060/969/921
f 4085/1000/951 6031/1041/760 6132/1042/989
f 4441/1005/956 5624/1004/955 4852/948/901
f 3879/1034/982 2678/839/799 5994/992/944
f 5057/1043/990 5462/984/936 5252/954/907
f 1821/749/713 4466/998/949 6262/827/787
f 1983/1044/898 6034/1045/991 5771/1046/766
f 5770/1047/766 6035/950/903 1034/968/920
f 1546/750/714 6262/827/787 76/896/856
f 6262/827/787 4466/998/949 76/896/856
f 5772/997/766 76/896/856 4466/998/949
f 5772/997/766 1033/1048/992 76/896/856
f 1910/978/930 2833/900/859 3365/859/819
f 75/1049/856 1035/1050/992 3409/1051/987
f 1036/1052/992 4343/1053/993 3407/1054/987
f 820/1055/858 4483/1056/818 4343/1053/993
f 3365/859/819 2833/900/859 4385/872/832
f 4483/1056/818 3407/1054/987 4343/1053/993
f 2833/900/859 76/896/856 4385/872/832
f 76/896/856 811/1057/994 4385/872/832
f 3406/1058/987 811/1057/994 76/896/856
f 6083/797/759 6124/1003/954 1328/921/876
f 6124/1003/954 4385/872/832 811/1057/994
f 6051/905/863 2256/916/872 3410/1039/987
f 1328/921/876 6124/1003/954 4614/922/699
f 6124/1003/954 811/1057/994 1827/1059/865
f 3410/1039/987 2256/916/872 3061/1060/921
f 4614/922/699 6124/1003/954 1827/1059/865
f 2553/907/864 1203/1014/963 6051/905/863
f 810/1061/994 1822/754/718 1826/908/865
f 6051/905/863 1203/1014/963 2256/916/872
f 3408/1062/987 3060/969/921 810/1061/994
f 4613/735/699 1826/908/865 5646/719/684
f 2256/916/872 2345/918/873 3061/1060/921
f 1822/754/718 2854/819/780 2125/879/839
f 1822/754/718 810/1061/994 2854/819/780
f 810/1061/994 1113/1021/970 2854/819/780
f 3059/1063/921 2344/1064/873 4212/1065/700
f 5775/1066/995 1284/1067/719 2346/1068/873
f 1113/1021/970 810/1061/994 2517/1016/965
f 3060/969/921 2517/1016/965 810/1061/994
f 2854/819/780 1113/1021/970 4180/793/755
f 2346/1068/873 1284/1067/719 4210/1069/996
f 4085/1000/951 3060/969/921 4211/1070/996
f 2517/1016/965 3060/969/921 2173/884/844
f 3060/969/921 5720/919/874 2173/884/844
f 3060/969/921 2681/979/931 5720/919/874
f 4085/1000/951 6132/1042/989 2645/1031/979
f 4000/1024/973 5953/875/835 1078/1018/967
f 4716/940/894 1246/1071/997 888/966/895
f 1460/1033/981 3157/1001/952 1771/1025/974
f 1726/1072/964 4476/935/889 1560/903/850
f 518/864/824 1262/943/896 2965/1020/969
f 980/973/925 4527/975/927 2952/1038/986
f 5064/1073/998 2234/957/910 4162/901/860
f 4080/970/922 4000/1024/973 278/1074/999
f 4080/970/922 278/1074/999 71/980/932
f 990/1037/985 5414/902/861 5182/844/804
f 518/864/824 2965/1020/969 3879/1034/982
f 3461/1075/1000 3502/983/935 5462/984/936
f 437/995/947 3318/987/939 473/1076/1001
f 3319/1022/971 1729/930/884 1790/999/950
f 71/980/932 278/1074/999 1566/1032/980
f 406/1077/1002 6170/1008/913 4694/1078/968
f 2079/1009/959 6170/1008/913 406/1077/1002
f 868/1079/1003 3551/961/914 2607/991/943
f 868/1079/1003 3513/1028/977 3551/961/914
f 4609/1080/1004 5545/994/946 6118/976/928
f 4441/1005/956 3196/933/887 4261/1081/1005
f 1566/1032/980 278/1074/999 816/1082/1006
f 2607/991/943 2873/942/880 5850/1083/1007
f 980/973/925 2952/1038/986 4947/1084/1008
f 3376/1085/1009 6118/976/928 5740/990/942
f 2245/965/918 3558/1086/1010 5154/977/929
f 2860/963/916 1077/1036/984 4063/1029/978
f 3823/1087/1011 283/951/904 4063/1029/978
f 2564/985/937 2234/957/910 1042/1088/1012
f 4980/1089/1013 2264/959/912 3758/1023/972
f 1246/1071/997 4716/940/894 5966/953/906
f 1770/1090/974 888/966/895 459/1091/1014
f 1725/1015/964 228/925/879 3513/1028/977
f 3333/1026/975 2921/1092/1015 5336/928/882
f 4450/1093/1016 1078/1018/967 833/1017/966
f 4450/1093/1016 4000/1024/973 1078/1018/967
f 4476/935/889 4856/1094/1017 2865/1002/953
f 79/1013/962 3502/983/935 3461/1075/1000
f 4893/946/899 2564/985/937 1042/1088/1012
f 5339/1095/1018 3319/1022/971 1790/999/950
f 3343/874/834 5624/1004/955 4381/989/941
f 1519/981/933 3668/1096/1019 5044/952/905
f 5850/1083/1007 868/1079/1003 2607/991/943
f 3185/962/915 5154/977/929 3558/1086/1010
f 683/923/877 5339/1095/1018 1790/999/950
f 872/958/911 437/995/947 3554/1097/1020
f 3554/1097/1020 437/995/947 473/1076/1001
f 4593/986/938 2267/1098/1021 3318/987/939
f 4980/1089/1013 833/1017/966 2264/959/912
f 3394/993/945 5519/974/926 3713/1099/1022
f 6218/937/891 5336/928/882 2921/1092/1015
f 5064/1073/998 4162/901/860 1481/1100/866
f 3668/1096/1019 1519/981/933 1566/1032/980
f 3394/993/945 3713/1099/1022 2965/1020/969
f 5842/1101/1023 3185/962/915 3558/1086/1010
f 5064/1073/998 1042/1088/1012 2234/957/910
f 3554/1097/1020 1480/910/866 872/958/911
f 3318/987/939 2267/1098/1021 473/1076/1001
f 1566/1032/980 816/1082/1006 3081/1102/1024
f 995/1027/976 3074/1006/957 4756/1103/1025
f 3878/1007/958 990/1037/985 5182/844/804
f 2245/965/918 2521/1104/1026 3558/1086/1010
f 3319/1022/971 3199/1105/1027 4237/1012/961
f 3199/1105/1027 3758/1023/972 4237/1012/961
f 4332/1106/1028 3512/1107/1029 869/1108/1030
f 2865/1002/953 5057/1043/990 5252/954/907
f 3376/1085/1009 4609/1080/1004 6118/976/928
f 1042/1088/1012 2245/965/918 4893/946/899
f 3516/1109/1031 2267/1098/1021 4593/986/938
f 5044/952/905 3668/1096/1019 5072/1110/1032
f 1727/1111/1033 2500/1112/1034 4475/1113/889
f 4856/1094/1017 5057/1043/990 2865/1002/953
f 2952/1038/986 6218/937/891 2921/1092/1015
f 5842/1101/1023 3333/1026/975 3185/962/915
f 3074/1006/957 716/1114/1035 4756/1103/1025
f 716/1114/1035 3074/1006/957 990/1037/985
f 3486/1115/1036 5851/1116/1037 2872/926/880
f 2501/1117/1038 4856/1094/1017 4476/935/889
f 2965/1020/969 3066/1118/1039 3879/1034/982
f 4414/938/892 4104/1035/983 3960/1119/1040
f 4414/938/892 3960/1119/1040 5740/990/942
f 1042/1088/1012 2521/1104/1026 2245/965/918
f 278/1074/999 3081/1102/1024 816/1082/1006
f 4332/1106/1028 1727/1111/1033 3512/1107/1029
f 5463/1120/1041 2965/1020/969 3713/1099/1022
f 3866/1121/1042 4104/1035/983 79/1013/962
f 278/1074/999 4000/1024/973 3081/1102/1024
f 2656/1122/1043 3461/1075/1000 5462/984/936
f 422/1123/1044 5545/994/946 4609/1080/1004
f 3866/1121/1042 79/1013/962 3461/1075/1000
f 3554/1097/1020 5864/1124/1045 1480/910/866
f 1566/1032/980 5400/1125/1046 3668/1096/1019
f 6076/1126/1047 406/1077/1002 4694/1078/968
f 5755/1127/1048 4332/1106/1028 869/1108/1030
f 3461/1075/1000 2656/1122/1043 3866/1121/1042
f 3866/1121/1042 3386/1128/1049 4104/1035/983
f 5740/990/942 3960/1119/1040 3376/1085/1009
f 422/1123/1044 1077/1036/984 5545/994/946
f 3823/1087/1011 1163/1129/1050 283/951/904
f 1163/1129/1050 708/1010/960 283/951/904
f 5966/953/906 5044/952/905 1246/1071/997
f 6076/1126/1047 4694/1078/968 1461/1130/1051
f 2369/1131/1052 3333/1026/975 5842/1101/1023
f 3878/1007/958 3812/1132/1053 990/1037/985
f 4858/1133/1054 1461/1130/1051 1772/1134/1055
f 460/1135/1056 5711/1136/1057 1773/1137/974
f 5849/1138/1007 5755/1127/1048 869/1108/1030
f 2678/839/799 3879/1034/982 4493/1139/1058
f 604/1140/1059 3713/1099/1022 5519/974/926
f 5462/984/936 5057/1043/990 1669/1141/1060
f 2656/1122/1043 5462/984/936 1669/1141/1060
f 4980/1089/1013 4450/1093/1016 833/1017/966
f 459/1091/1014 888/966/895 1246/1071/997
f 1727/1111/1033 4332/1106/1028 5648/1142/1061
f 2965/1020/969 5463/1120/1041 3066/1118/1039
f 5063/1143/1062 1480/910/866 5864/1124/1045
f 1566/1032/980 3081/1102/1024 5400/1125/1046
f 4261/1081/1005 3196/933/887 995/1027/976
f 4858/1133/1054 6076/1126/1047 1461/1130/1051
f 5958/1144/1063 406/1077/1002 6076/1126/1047
f 2921/1092/1015 3333/1026/975 2369/1131/1052
f 5044/952/905 5072/1110/1032 1246/1071/997
f 3812/1132/1053 3878/1007/958 2102/1145/1064
f 2521/1104/1026 5842/1101/1023 3558/1086/1010
f 1077/1036/984 3823/1087/1011 4063/1029/978
f 3554/1097/1020 473/1076/1001 2453/1146/1065
f 3812/1132/1053 716/1114/1035 990/1037/985
f 2079/1009/959 406/1077/1002 5958/1144/1063
f 3069/1147/1066 1727/1111/1033 5648/1142/1061
f 4947/1084/1008 604/1140/1059 980/973/925
f 604/1140/1059 5519/974/926 980/973/925
f 2070/1148/1067 4947/1084/1008 2952/1038/986
f 3758/1023/972 3937/1149/1068 4980/1089/1013
f 422/1123/1044 4609/1080/1004 5661/1150/1069
f 422/1123/1044 3016/1151/1070 1077/1036/984
f 3016/1151/1070 3823/1087/1011 1077/1036/984
f 3516/1109/1031 4593/986/938 4381/989/941
f 5339/1095/1018 3453/1152/1071 3319/1022/971
f 2267/1098/1021 2453/1146/1065 473/1076/1001
f 4980/1089/1013 4833/1153/1072 4450/1093/1016
f 2102/1145/1064 3878/1007/958 2079/1009/959
f 5710/1154/1073 4858/1133/1054 1772/1134/1055
f 5849/1138/1007 3487/1155/1074 5755/1127/1048
f 2952/1038/986 2921/1092/1015 5582/1156/1075
f 2678/839/799 4493/1139/1058 2872/926/880
f 1042/1088/1012 5079/1157/1076 2521/1104/1026
f 5755/1127/1048 834/1158/1077 4332/1106/1028
f 5463/1120/1041 3713/1099/1022 2483/1159/1078
f 2902/1160/1079 5079/1157/1076 1042/1088/1012
f 708/1010/960 1163/1129/1050 892/1161/1080
f 3453/1152/1071 683/923/877 708/1010/960
f 1251/1162/1081 5400/1125/1046 3081/1102/1024
f 995/1027/976 4756/1103/1025 4814/1163/1082
f 5648/1142/1061 4332/1106/1028 834/1158/1077
f 2872/926/880 4493/1139/1058 3486/1115/1036
f 604/1140/1059 2483/1159/1078 3713/1099/1022
f 892/1161/1080 3453/1152/1071 708/1010/960
f 3453/1152/1071 5339/1095/1018 683/923/877
f 3554/1097/1020 2453/1146/1065 3577/1164/1083
f 3539/1165/1084 2656/1122/1043 1669/1141/1060
f 40/1166/1085 3758/1023/972 3199/1105/1027
f 3250/1167/1086 834/1158/1077 5755/1127/1048
f 2483/1159/1078 5402/1168/1087 5463/1120/1041
f 3539/1165/1084 3866/1121/1042 2656/1122/1043
f 40/1166/1085 3937/1149/1068 3758/1023/972
f 4814/1163/1082 4756/1103/1025 716/1114/1035
f 6076/1126/1047 4858/1133/1054 3067/1169/1088
f 3067/1169/1088 4858/1133/1054 5710/1154/1073
f 3879/1034/982 3066/1118/1039 4493/1139/1058
f 5079/1157/1076 5842/1101/1023 2521/1104/1026
f 3016/1151/1070 422/1123/1044 1887/1170/1089
f 3577/1164/1083 5864/1124/1045 3554/1097/1020
f 1251/1162/1081 3081/1102/1024 4000/1024/973
f 5755/1127/1048 3487/1155/1074 3250/1167/1086
f 3376/1085/1009 5661/1150/1069 4609/1080/1004
f 1887/1170/1089 422/1123/1044 5661/1150/1069
f 2081/1171/1090 4833/1153/1072 4980/1089/1013
f 5624/1004/955 4441/1005/956 155/1172/1091
f 1251/1162/1081 4000/1024/973 5637/1173/1092
f 155/1172/1091 4441/1005/956 4261/1081/1005
f 716/1114/1035 5923/1174/1093 4814/1163/1082
f 5582/1156/1075 2921/1092/1015 2369/1131/1052
f 155/1172/1091 4261/1081/1005 5677/1175/1094
f 5400/1125/1046 502/1176/1095 3668/1096/1019
f 5677/1175/1094 4261/1081/1005 995/1027/976
f 2079/1009/959 1404/1177/1096 2102/1145/1064
f 4522/1178/1097 5056/1179/990 4857/1180/1098
f 3960/1119/1040 4104/1035/983 3386/1128/1049
f 2589/1181/1099 5842/1101/1023 5079/1157/1076
f 4000/1024/973 4450/1093/1016 5637/1173/1092
f 1251/1162/1081 502/1176/1095 5400/1125/1046
f 3069/1147/1066 2500/1112/1034 1727/1111/1033
f 4522/1178/1097 4857/1180/1098 949/1182/1100
f 3199/1105/1027 3319/1022/971 133/1183/1101
f 133/1183/1101 3319/1022/971 3453/1152/1071
f 3937/1149/1068 2081/1171/1090 4980/1089/1013
f 1962/1184/1102 3068/1185/1088 5711/1136/1057
f 5842/1101/1023 2589/1181/1099 2369/1131/1052
f 4381/989/941 1087/1186/1103 3516/1109/1031
f 695/1187/1104 995/1027/976 4814/1163/1082
f 3668/1096/1019 502/1176/1095 3200/1188/1105
f 5072/1110/1032 3668/1096/1019 3200/1188/1105
f 3812/1132/1053 5923/1174/1093 716/1114/1035
f 3487/1155/1074 4494/1189/1106 2467/1190/1107
f 2070/1148/1067 2952/1038/986 5582/1156/1075
f 5063/1143/1062 5864/1124/1045 1273/1191/1108
f 40/1166/1085 3199/1105/1027 133/1183/1101
f 1251/1162/1081 374/1192/1109 502/1176/1095
f 2102/1145/1064 2147/1193/1110 3812/1132/1053
f 3487/1155/1074 2467/1190/1107 3250/1167/1086
f 3016/1151/1070 4825/1194/1111 3823/1087/1011
f 5624/1004/955 1087/1186/1103 4381/989/941
f 4947/1084/1008 2070/1148/1067 604/1140/1059
f 4812/1195/1112 2267/1098/1021 3516/1109/1031
f 3858/1196/1113 5711/1136/1057 460/1135/1056
f 5463/1120/1041 5402/1168/1087 3066/1118/1039
f 4522/1178/1097 1670/1197/1114 5056/1179/990
f 2902/1160/1079 1042/1088/1012 5064/1073/998
f 3577/1164/1083 2453/1146/1065 945/1198/1115
f 2453/1146/1065 2267/1098/1021 945/1198/1115
f 3131/1199/1116 834/1158/1077 3250/1167/1086
f 4203/1200/1117 3961/1201/1118 3385/1202/1119
f 5072/1110/1032 2648/1203/1120 1246/1071/997
f 2375/1204/1121 3376/1085/1009 3960/1119/1040
f 4825/1194/1111 976/1205/1122 3823/1087/1011
f 40/1166/1085 105/1206/1123 3937/1149/1068
f 3516/1109/1031 1087/1186/1103 4812/1195/1112
f 2053/1207/1124 1251/1162/1081 5637/1173/1092
f 3812/1132/1053 3706/1208/1125 5923/1174/1093
f 5648/1142/1061 834/1158/1077 3131/1199/1116
f 4203/1200/1117 3385/1202/1119 4263/1209/1126
f 2053/1207/1124 374/1192/1109 1251/1162/1081
f 5923/1174/1093 695/1187/1104 4814/1163/1082
f 4465/1210/1127 3867/1211/1128 3540/1212/1084
f 1887/1170/1089 50/1213/1129 3016/1151/1070
f 2902/1160/1079 5064/1073/998 5500/1214/1130
f 1247/1215/997 413/1216/1131 460/1135/1056
f 1404/1177/1096 2079/1009/959 1536/1217/1132
f 1367/1218/1133 2500/1112/1034 3069/1147/1066
f 5958/1144/1063 1536/1217/1132 2079/1009/959
f 5402/1168/1087 1630/1219/1134 3066/1118/1039
f 604/1140/1059 2070/1148/1067 3599/1220/1135
f 2483/1159/1078 604/1140/1059 3599/1220/1135
f 3376/1085/1009 5982/1221/1136 5661/1150/1069
f 2369/1131/1052 2589/1181/1099 3797/1222/1137
f 50/1213/1129 4825/1194/1111 3016/1151/1070
f 3823/1087/1011 1375/1223/1138 1163/1129/1050
f 6075/1224/1047 3068/1185/1088 3510/1225/1139
f 4522/1178/1097 1071/1226/1140 1670/1197/1114
f 4465/1210/1127 3385/1202/1119 3867/1211/1128
f 892/1161/1080 1375/1223/1138 3453/1152/1071
f 3577/1164/1083 1273/1191/1108 5864/1124/1045
f 2649/1227/1120 5073/1228/1032 3201/1229/1105
f 3510/1225/1139 5957/1230/1063 6075/1224/1047
f 4263/1209/1126 3385/1202/1119 4465/1210/1127
f 2267/1098/1021 4812/1195/1112 4138/1231/1141
f 3201/1229/1105 501/1232/1095 4764/1233/1142
f 2147/1193/1110 3706/1208/1125 3812/1132/1053
f 2147/1193/1110 2102/1145/1064 1404/1177/1096
f 3510/1225/1139 3068/1185/1088 1747/1234/1143
f 4996/1235/1144 5648/1142/1061 3131/1199/1116
f 6303/1236/1145 2006/1237/1146 2500/1112/1034
f 2006/1237/1146 4857/1180/1098 2500/1112/1034
f 2006/1237/1146 949/1182/1100 4857/1180/1098
f 4927/1238/1147 1630/1219/1134 5402/1168/1087
f 2483/1159/1078 4927/1238/1147 5402/1168/1087
f 1071/1226/1140 3540/1212/1084 1670/1197/1114
f 2376/1239/1121 3961/1201/1118 4203/1200/1117
f 976/1205/1122 1375/1223/1138 3823/1087/1011
f 1375/1223/1138 899/1240/1148 3453/1152/1071
f 2267/1098/1021 4138/1231/1141 945/1198/1115
f 3748/1241/1149 4450/1093/1016 4833/1153/1072
f 2053/1207/1124 5637/1173/1092 4450/1093/1016
f 4444/1242/1150 5677/1175/1094 995/1027/976
f 3706/1208/1125 695/1187/1104 5923/1174/1093
f 1247/1215/997 2649/1227/1120 413/1216/1131
f 4996/1235/1144 3069/1147/1066 5648/1142/1061
f 3599/1220/1135 1192/1243/1151 2483/1159/1078
f 6116/1244/1152 976/1205/1122 4825/1194/1111
f 1375/1223/1138 892/1161/1080 1163/1129/1050
f 105/1206/1123 2081/1171/1090 3937/1149/1068
f 695/1187/1104 4444/1242/1150 995/1027/976
f 1535/1245/1132 5957/1230/1063 3510/1225/1139
f 1747/1234/1143 3068/1185/1088 1962/1184/1102
f 3066/1118/1039 1630/1219/1134 4493/1139/1058
f 2375/1204/1121 5982/1221/1136 3376/1085/1009
f 1087/1186/1103 5624/1004/955 155/1172/1091
f 501/1232/1095 373/1246/1109 4764/1233/1142
f 460/1135/1056 4034/1247/1153 3858/1196/1113
f 1962/1184/1102 5711/1136/1057 3858/1196/1113
f 28/1248/1154 3131/1199/1116 3250/1167/1086
f 1367/1218/1133 6303/1236/1145 2500/1112/1034
f 1192/1243/1151 4927/1238/1147 2483/1159/1078
f 5982/1221/1136 1887/1170/1089 5661/1150/1069
f 4824/1249/1155 49/1250/1156 6117/1251/1152
f 5064/1073/998 1274/1252/1108 2407/1253/1157
f 2082/1254/1090 3747/1255/1149 4832/1256/1072
f 460/1135/1056 413/1216/1131 4034/1247/1153
f 3250/1167/1086 2467/1190/1107 28/1248/1154
f 28/1248/1154 2631/1257/1158 3131/1199/1116
f 3069/1147/1066 259/1258/1159 1367/1218/1133
f 338/1259/1160 949/1182/1100 2006/1237/1146
f 4927/1238/1147 3583/1260/1161 1630/1219/1134
f 4942/1261/1162 3540/1212/1084 1071/1226/1140
f 379/1262/1163 5079/1157/1076 2902/1160/1079
f 133/1183/1101 2830/1263/1164 40/1166/1085
f 922/1264/1165 1747/1234/1143 1962/1184/1102
f 4996/1235/1144 259/1258/1159 3069/1147/1066
f 3750/1265/1166 2467/1190/1107 4494/1189/1106
f 2208/1266/1167 2006/1237/1146 6303/1236/1145
f 4465/1210/1127 3540/1212/1084 4942/1261/1162
f 4571/1267/1168 4927/1238/1147 1192/1243/1151
f 2589/1181/1099 5489/1268/1169 3797/1222/1137
f 6117/1251/1152 1374/1269/1138 975/1270/1122
f 899/1240/1148 133/1183/1101 3453/1152/1071
f 373/1246/1109 352/1271/1170 4764/1233/1142
f 1962/1184/1102 3858/1196/1113 922/1264/1165
f 2830/1263/1164 105/1206/1123 40/1166/1085
f 3747/1255/1149 2054/1272/1171 4451/1273/1172
f 2631/1257/1158 4996/1235/1144 3131/1199/1116
f 2208/1266/1167 339/1274/1173 2006/1237/1146
f 2070/1148/1067 2950/1275/1174 3599/1220/1135
f 132/1276/1101 900/1277/1148 5812/1278/1175
f 373/1246/1109 2054/1272/1171 352/1271/1170
f 3706/1208/1125 223/1279/1176 5249/1280/1177
f 5249/1280/1177 695/1187/1104 3706/1208/1125
f 28/1248/1154 2467/1190/1107 3750/1265/1166
f 2208/1266/1167 337/1281/1178 339/1274/1173
f 379/1262/1163 2902/1160/1079 5500/1214/1130
f 5500/1214/1130 5064/1073/998 2407/1253/1157
f 766/1282/1179 104/1283/1180 2829/1284/1164
f 5249/1280/1177 4444/1242/1150 695/1187/1104
f 1192/1243/1151 3599/1220/1135 2781/1285/1181
f 2369/1131/1052 1349/1286/1182 5582/1156/1075
f 1349/1286/1182 2369/1131/1052 3797/1222/1137
f 3424/1287/1183 5489/1268/1169 2589/1181/1099
f 6095/1288/1184 5079/1157/1076 379/1262/1163
f 945/1198/1115 1273/1191/1108 3577/1164/1083
f 4764/1233/1142 3686/1289/1185 3201/1229/1105
f 337/1281/1178 949/1182/1100 338/1259/1160
f 3583/1260/1161 4927/1238/1147 4571/1267/1168
f 5079/1157/1076 3424/1287/1183 2589/1181/1099
f 5812/1278/1175 2829/1284/1164 132/1276/1101
f 1667/1290/1186 5677/1175/1094 4444/1242/1150
f 49/1250/1156 1888/1291/1089 4057/1292/1187
f 2054/1272/1171 3747/1255/1149 352/1271/1170
f 1667/1290/1186 155/1172/1091 5677/1175/1094
f 3686/1289/1185 2649/1227/1120 3201/1229/1105
f 2950/1275/1174 2070/1148/1067 5582/1156/1075
f 4138/1231/1141 2977/1293/1188 945/1198/1115
f 1783/1294/1189 1087/1186/1103 155/1172/1091
f 4764/1233/1142 1909/1295/1190 3686/1289/1185
f 3706/1208/1125 2147/1193/1110 223/1279/1176
f 337/1281/1178 2208/1266/1167 6303/1236/1145
f 6260/1296/1191 4522/1178/1097 949/1182/1100
f 5079/1157/1076 6095/1288/1184 3424/1287/1183
f 4138/1231/1141 4812/1195/1112 4023/1297/1192
f 104/1283/1180 766/1282/1179 2082/1254/1090
f 4057/1292/1187 1888/1291/1089 5981/1298/1193
f 4057/1292/1187 3976/1299/1194 49/1250/1156
f 4812/1195/1112 1087/1186/1103 1783/1294/1189
f 4764/1233/1142 352/1271/1170 1909/1295/1190
f 2649/1227/1120 599/1300/1195 413/1216/1131
f 3976/1299/1194 6117/1251/1152 49/1250/1156
f 1273/1191/1108 2810/1301/1196 2405/1302/1197
f 1273/1191/1108 945/1198/1115 1225/1303/1198
f 945/1198/1115 2977/1293/1188 1225/1303/1198
f 4023/1297/1192 4812/1195/1112 1783/1294/1189
f 4522/1178/1097 6260/1296/1191 1071/1226/1140
f 600/1304/1199 352/1271/1170 3747/1255/1149
f 1630/1219/1134 3749/1305/1200 4493/1139/1058
f 4392/1306/1201 4465/1210/1127 4942/1261/1162
f 4392/1306/1201 2376/1239/1121 4203/1200/1117
f 2407/1253/1157 379/1262/1163 5500/1214/1130
f 3686/1289/1185 599/1300/1195 2649/1227/1120
f 3583/1260/1161 3019/1307/1202 1630/1219/1134
f 3583/1260/1161 4571/1267/1168 3062/1308/1203
f 1404/1177/1096 2222/1309/1204 2147/1193/1110
f 337/1281/1178 6303/1236/1145 949/1182/1100
f 4571/1267/1168 1192/1243/1151 2781/1285/1181
f 1343/1310/1205 5981/1298/1193 2376/1239/1121
f 3727/1311/1206 1783/1294/1189 155/1172/1091
f 396/1312/1207 1403/1313/1096 1535/1245/1132
f 937/1314/1208 1349/1286/1182 3797/1222/1137
f 5489/1268/1169 937/1314/1208 3797/1222/1137
f 2776/1315/1209 3510/1225/1139 1747/1234/1143
f 2326/1316/1210 1747/1234/1143 922/1264/1165
f 3677/1317/1211 4996/1235/1144 2631/1257/1158
f 5579/1318/1212 901/1319/1148 1374/1269/1138
f 3510/1225/1139 2776/1315/1209 1535/1245/1132
f 28/1248/1154 738/1320/1213 2631/1257/1158
f 2950/1275/1174 3413/1321/1214 3599/1220/1135
f 6298/1322/1215 1273/1191/1108 1225/1303/1198
f 4023/1297/1192 2977/1293/1188 4138/1231/1141
f 766/1282/1179 3747/1255/1149 2082/1254/1090
f 3677/1317/1211 259/1258/1159 4996/1235/1144
f 4953/1323/1216 639/1324/1217 3750/1265/1166
f 3062/1308/1203 3019/1307/1202 3583/1260/1161
f 4942/1261/1162 1071/1226/1140 3324/1325/1218
f 2950/1275/1174 5582/1156/1075 1349/1286/1182
f 1747/1234/1143 2326/1316/1210 2554/1326/1219
f 4392/1306/1201 4263/1209/1126 4465/1210/1127
f 352/1271/1170 600/1304/1199 1909/1295/1190
f 5437/1327/1220 223/1279/1176 2147/1193/1110
f 2221/1328/1221 1403/1313/1096 396/1312/1207
f 2776/1315/1209 1747/1234/1143 2554/1326/1219
f 3750/1265/1166 1861/1329/1222 28/1248/1154
f 3677/1317/1211 2631/1257/1158 738/1320/1213
f 2810/1301/1196 1273/1191/1108 6298/1322/1215
f 901/1319/1148 5579/1318/1212 5763/1330/1223
f 223/1279/1176 1041/1331/1224 5249/1280/1177
f 3858/1196/1113 2326/1316/1210 922/1264/1165
f 1631/1332/1134 4953/1323/1216 3750/1265/1166
f 1667/1290/1186 4444/1242/1150 1914/1333/1225
f 639/1324/1217 1861/1329/1222 3750/1265/1166
f 3324/1325/1218 4392/1306/1201 4942/1261/1162
f 2781/1285/1181 3062/1308/1203 4571/1267/1168
f 4263/1209/1126 4392/1306/1201 4203/1200/1117
f 5249/1280/1177 1914/1333/1225 4444/1242/1150
f 946/1334/1226 599/1300/1195 3686/1289/1185
f 2326/1316/1210 3858/1196/1113 4053/1335/1227
f 2491/1336/1228 6303/1236/1145 1367/1218/1133
f 6303/1236/1145 6260/1296/1191 949/1182/1100
f 1642/1337/1229 3324/1325/1218 1071/1226/1140
f 575/1338/1230 766/1282/1179 2829/1284/1164
f 946/1334/1226 3686/1289/1185 1909/1295/1190
f 4053/1335/1227 3858/1196/1113 4034/1247/1153
f 6298/1322/1215 2405/1302/1197 2810/1301/1196
f 5812/1278/1175 575/1338/1230 2829/1284/1164
f 5311/1339/1231 3747/1255/1149 766/1282/1179
f 1861/1329/1222 738/1320/1213 28/1248/1154
f 4057/1292/1187 5981/1298/1193 1343/1310/1205
f 900/1277/1148 5764/1340/1232 5812/1278/1175
f 3677/1317/1211 6016/1341/1233 259/1258/1159
f 6260/1296/1191 1642/1337/1229 1071/1226/1140
f 3019/1307/1202 3062/1308/1203 2171/1342/1234
f 1417/1343/1235 4392/1306/1201 3324/1325/1218
f 3599/1220/1135 369/1344/1236 2781/1285/1181
f 3328/1345/1237 6117/1251/1152 3976/1299/1194
f 6117/1251/1152 5579/1318/1212 1374/1269/1138
f 223/1279/1176 974/1346/1238 1041/1331/1224
f 1047/1347/1239 3677/1317/1211 738/1320/1213
f 6303/1236/1145 1068/1348/1240 6260/1296/1191
f 2376/1239/1121 4392/1306/1201 2410/1349/1241
f 3424/1287/1183 6095/1288/1184 907/1350/1242
f 732/1351/1243 1914/1333/1225 5249/1280/1177
f 5249/1280/1177 1041/1331/1224 732/1351/1243
f 946/1334/1226 1909/1295/1190 6062/1352/1244
f 5437/1327/1220 974/1346/1238 223/1279/1176
f 1435/1353/1245 3324/1325/1218 1642/1337/1229
f 1047/1347/1239 6016/1341/1233 3677/1317/1211
f 2491/1336/1228 1068/1348/1240 6303/1236/1145
f 907/1350/1242 937/1314/1208 5489/1268/1169
f 3424/1287/1183 907/1350/1242 5489/1268/1169
f 4368/1354/1246 6095/1288/1184 379/1262/1163
f 5971/1355/1247 2977/1293/1188 4023/1297/1192
f 2781/1285/1181 4103/1356/1248 3062/1308/1203
f 3727/1311/1206 155/1172/1091 1667/1290/1186
f 2147/1193/1110 2222/1309/1204 2751/1357/1249
f 6260/1296/1191 1068/1348/1240 1642/1337/1229
f 3324/1325/1218 1435/1353/1245 1417/1343/1235
f 369/1344/1236 4103/1356/1248 2781/1285/1181
f 3413/1321/1214 369/1344/1236 3599/1220/1135
f 2198/1358/1250 907/1350/1242 6095/1288/1184
f 4368/1354/1246 379/1262/1163 2407/1253/1157
f 1137/1359/1251 5812/1278/1175 5764/1340/1232
f 1137/1359/1251 575/1338/1230 5812/1278/1175
f 2977/1293/1188 5971/1355/1247 1225/1303/1198
f 1909/1295/1190 600/1304/1199 6062/1352/1244
f 396/1312/1207 1535/1245/1132 2776/1315/1209
f 4368/1354/1246 2198/1358/1250 6095/1288/1184
f 2358/1360/1252 4034/1247/1153 413/1216/1131
f 396/1312/1207 2752/1361/1253 2221/1328/1221
f 3062/1308/1203 4103/1356/1248 2171/1342/1234
f 2987/1362/1254 1667/1290/1186 1914/1333/1225
f 5319/1363/1255 6062/1352/1244 600/1304/1199
f 5437/1327/1220 168/1364/1256 974/1346/1238
f 6016/1341/1233 2075/1365/1257 259/1258/1159
f 555/1366/1258 3976/1299/1194 4057/1292/1187
f 413/1216/1131 599/1300/1195 2358/1360/1252
f 3328/1345/1237 5281/1367/1259 6117/1251/1152
f 575/1338/1230 279/1368/1260 766/1282/1179
f 3727/1311/1206 1667/1290/1186 2987/1362/1254
f 1422/1369/1261 1861/1329/1222 639/1324/1217
f 1422/1369/1261 738/1320/1213 1861/1329/1222
f 2376/1239/1121 2410/1349/1241 1343/1310/1205
f 599/1300/1195 946/1334/1226 5227/1370/1262
f 2950/1275/1174 1349/1286/1182 937/1314/1208
f 555/1366/1258 3328/1345/1237 3976/1299/1194
f 6117/1251/1152 5281/1367/1259 5579/1318/1212
f 599/1300/1195 5227/1370/1262 2358/1360/1252
f 259/1258/1159 2075/1365/1257 1367/1218/1133
f 4369/1371/1263 2406/1372/1157 5993/1373/1264
f 4057/1292/1187 5121/1374/1265 555/1366/1258
f 2978/1375/1266 5763/1330/1223 5579/1318/1212
f 2554/1326/1219 5168/1376/1267 2776/1315/1209
f 3413/1321/1214 3055/1377/1268 369/1344/1236
f 3378/1378/1269 3413/1321/1214 2950/1275/1174
f 5121/1374/1265 4057/1292/1187 1343/1310/1205
f 5437/1327/1220 2751/1357/1249 168/1364/1256
f 4014/1379/1270 738/1320/1213 1422/1369/1261
f 3182/1380/1271 1631/1332/1134 3018/1381/1202
f 369/1344/1236 6027/1382/1272 4103/1356/1248
f 1959/1383/1273 5319/1363/1255 600/1304/1199
f 946/1334/1226 6062/1352/1244 751/1384/1274
f 2751/1357/1249 5437/1327/1220 2147/1193/1110
f 5650/1385/1275 2554/1326/1219 2326/1316/1210
f 2491/1336/1228 1282/1386/1276 1068/1348/1240
f 6027/1382/1272 6161/1387/1277 4103/1356/1248
f 2804/1388/1278 5972/1389/1247 4022/1390/1192
f 1041/1331/1224 974/1346/1238 168/1364/1256
f 3182/1380/1271 4953/1323/1216 1631/1332/1134
f 6161/1387/1277 2171/1342/1234 4103/1356/1248
f 1783/1294/1189 3727/1311/1206 2805/1391/1278
f 396/1312/1207 2776/1315/1209 5168/1376/1267
f 2172/1392/1234 3182/1380/1271 3018/1381/1202
f 633/1393/1279 732/1351/1243 1041/1331/1224
f 1198/1394/1280 751/1384/1274 6062/1352/1244
f 5168/1376/1267 2554/1326/1219 4076/1395/1281
f 3803/1396/1282 6016/1341/1233 1047/1347/1239
f 4014/1379/1270 1047/1347/1239 738/1320/1213
f 2075/1365/1257 2491/1336/1228 1367/1218/1133
f 3378/1378/1269 2950/1275/1174 937/1314/1208
f 1958/1397/1283 2199/1398/1250 4369/1371/1263
f 1137/1359/1251 5764/1340/1232 2979/1399/1284
f 5227/1370/1262 946/1334/1226 751/1384/1274
f 2554/1326/1219 5650/1385/1275 4076/1395/1281
f 3803/1396/1282 1047/1347/1239 4014/1379/1270
f 4273/1400/1285 600/1304/1199 3747/1255/1149
f 600/1304/1199 4273/1400/1285 1959/1383/1273
f 2326/1316/1210 4053/1335/1227 5650/1385/1275
f 3669/1401/1286 2408/1402/1157 6297/1403/1215
f 6062/1352/1244 5319/1363/1255 1198/1394/1280
f 396/1312/1207 2726/1404/1287 1839/1405/1288
f 639/1324/1217 4953/1323/1216 2744/1406/1289
f 1343/1310/1205 4914/1407/1290 5121/1374/1265
f 3669/1401/1286 6297/1403/1215 1224/1408/1291
f 2412/1409/1292 1417/1343/1235 1435/1353/1245
f 96/1410/1293 2410/1349/1241 4392/1306/1201
f 1914/1333/1225 732/1351/1243 1454/1411/1294
f 2752/1361/1253 396/1312/1207 1839/1405/1288
f 2726/1404/1287 396/1312/1207 5168/1376/1267
f 2744/1406/1289 1422/1369/1261 639/1324/1217
f 5121/1374/1265 1390/1412/1295 555/1366/1258
f 5281/1367/1259 2978/1375/1266 5579/1318/1212
f 2805/1391/1278 4023/1297/1192 1783/1294/1189
f 2412/1409/1292 96/1410/1293 1417/1343/1235
f 3328/1345/1237 555/1366/1258 4182/1413/1296
f 4182/1413/1296 5281/1367/1259 3328/1345/1237
f 1454/1411/1294 732/1351/1243 633/1393/1279
f 2075/1365/1257 1282/1386/1276 2491/1336/1228
f 4392/1306/1201 1417/1343/1235 96/1410/1293
f 1224/1408/1291 281/1414/1297 3669/1401/1286
f 1224/1408/1291 5972/1389/1247 281/1414/1297
f 2987/1362/1254 1914/1333/1225 5754/1415/1298
f 5754/1415/1298 1914/1333/1225 1454/1411/1294
f 1112/1416/1299 5227/1370/1262 751/1384/1274
f 1642/1337/1229 2235/1417/1300 1435/1353/1245
f 3055/1377/1268 6027/1382/1272 369/1344/1236
f 2925/1418/1301 575/1338/1230 1137/1359/1251
f 2235/1417/1300 2412/1409/1292 1435/1353/1245
f 3699/1419/1302 3903/1420/1303 2410/1349/1241
f 5311/1339/1231 4273/1400/1285 3747/1255/1149
f 5227/1370/1262 1112/1416/1299 2358/1360/1252
f 1390/1412/1295 4182/1413/1296 555/1366/1258
f 2925/1418/1301 1137/1359/1251 2979/1399/1284
f 5118/1421/1304 1068/1348/1240 1282/1386/1276
f 2410/1349/1241 3903/1420/1303 1343/1310/1205
f 5121/1374/1265 4914/1407/1290 1390/1412/1295
f 633/1393/1279 1041/1331/1224 168/1364/1256
f 2410/1349/1241 96/1410/1293 3699/1419/1302
f 2199/1398/1250 4734/1422/1305 906/1423/1242
f 279/1368/1260 5311/1339/1231 766/1282/1179
f 727/1424/1306 751/1384/1274 1198/1394/1280
f 5319/1363/1255 4796/1425/1307 1198/1394/1280
f 5168/1376/1267 3493/1426/1308 2726/1404/1287
f 3493/1426/1308 5168/1376/1267 4076/1395/1281
f 2171/1342/1234 6129/1427/1309 3183/1428/1271
f 5118/1421/1304 1642/1337/1229 1068/1348/1240
f 3726/1429/1206 2986/1430/1310 2634/1431/1311
f 4796/1425/1307 5319/1363/1255 1959/1383/1273
f 236/1432/1312 575/1338/1230 2925/1418/1301
f 279/1368/1260 575/1338/1230 236/1432/1312
f 2309/1433/1313 5311/1339/1231 279/1368/1260
f 1683/1434/1314 4273/1400/1285 5311/1339/1231
f 727/1424/1306 1198/1394/1280 4796/1425/1307
f 1070/1435/1315 4953/1323/1216 3182/1380/1271
f 4743/1436/1316 936/1437/1317 906/1423/1242
f 5992/1438/1264 2408/1402/1157 3669/1401/1286
f 236/1432/1312 2309/1433/1313 279/1368/1260
f 1839/1405/1288 2686/1439/1318 2752/1361/1253
f 4710/1440/1319 2075/1365/1257 6016/1341/1233
f 3055/1377/1268 3413/1321/1214 3378/1378/1269
f 1958/1397/1283 4369/1371/1263 5993/1373/1264
f 5650/1385/1275 2946/1441/1320 4076/1395/1281
f 4182/1413/1296 2271/1442/1321 5281/1367/1259
f 5972/1389/1247 2804/1388/1278 281/1414/1297
f 559/1443/1322 3803/1396/1282 4014/1379/1270
f 1422/1369/1261 559/1443/1322 4014/1379/1270
f 2235/1417/1300 1642/1337/1229 1639/1444/1323
f 2930/1445/1324 1390/1412/1295 4914/1407/1290
f 1958/1397/1283 4734/1422/1305 2199/1398/1250
f 5325/1446/1325 1455/1447/1294 632/1448/1279
f 4953/1323/1216 3672/1449/1326 2744/1406/1289
f 2744/1406/1289 559/1443/1322 1422/1369/1261
f 2925/1418/1301 1597/1450/1327 236/1432/1312
f 3803/1396/1282 4710/1440/1319 6016/1341/1233
f 2075/1365/1257 5118/1421/1304 1282/1386/1276
f 6007/1451/1328 96/1410/1293 2412/1409/1292
f 5047/1452/1329 281/1414/1297 2804/1388/1278
f 2309/1433/1313 2356/1453/1330 5311/1339/1231
f 2634/1431/1311 6100/1454/1331 3726/1429/1206
f 2171/1342/1234 6161/1387/1277 6129/1427/1309
f 2175/1455/1332 4182/1413/1296 1390/1412/1295
f 5047/1452/1329 2804/1388/1278 3726/1429/1206
f 1070/1435/1315 3182/1380/1271 6128/1456/1333
f 96/1410/1293 4587/1457/1334 3699/1419/1302
f 2048/1458/1335 4734/1422/1305 1958/1397/1283
f 1639/1444/1323 1642/1337/1229 5118/1421/1304
f 1343/1310/1205 3903/1420/1303 4914/1407/1290
f 3389/1459/1336 906/1423/1242 4734/1422/1305
f 3669/1401/1286 281/1414/1297 4632/1460/1337
f 727/1424/1306 5147/1461/1338 751/1384/1274
f 2336/1462/1339 4034/1247/1153 2358/1360/1252
f 2686/1439/1318 1839/1405/1288 5877/1463/1340
f 2744/1406/1289 3466/1464/1341 559/1443/1322
f 4587/1457/1334 96/1410/1293 6007/1451/1328
f 742/1465/1342 936/1437/1317 4743/1436/1316
f 2986/1430/1310 2033/1466/1343 2634/1431/1311
f 4034/1247/1153 2336/1462/1339 4053/1335/1227
f 3466/1464/1341 2744/1406/1289 3672/1449/1326
f 1938/1467/1344 5118/1421/1304 2075/1365/1257
f 6007/1451/1328 2412/1409/1292 2235/1417/1300
f 4743/1436/1316 906/1423/1242 3389/1459/1336
f 1597/1450/1327 2925/1418/1301 2979/1399/1284
f 1112/1416/1299 751/1384/1274 5147/1461/1338
f 4953/1323/1216 824/1468/1345 3672/1449/1326
f 6131/1469/1333 1752/1470/1346 3217/1471/1347
f 4796/1425/1307 1959/1383/1273 3926/1472/1348
f 168/1364/1256 5324/1473/1325 633/1393/1279
f 5324/1473/1325 168/1364/1256 2751/1357/1249
f 2726/1404/1287 5877/1463/1340 1839/1405/1288
f 6131/1469/1333 3217/1471/1347 1069/1474/1349
f 5470/1475/1350 1683/1434/1314 5311/1339/1231
f 1683/1434/1314 5470/1475/1350 4273/1400/1285
f 2033/1466/1343 2986/1430/1310 5753/1476/1351
f 4796/1425/1307 530/1477/1352 727/1424/1306
f 2933/1478/1353 3803/1396/1282 559/1443/1322
f 6130/1479/1333 6160/1480/1277 1753/1481/1354
f 6028/1482/1272 4504/1483/1355 6160/1480/1277
f 1597/1450/1327 2979/1399/1284 5564/1484/1356
f 3726/1429/1206 6100/1454/1331 5047/1452/1329
f 2356/1453/1330 5470/1475/1350 5311/1339/1231
f 3440/1485/1357 5753/1476/1351 1455/1447/1294
f 5270/1486/1358 817/1487/1359 3532/1488/1360
f 6160/1480/1277 4504/1483/1355 1753/1481/1354
f 817/1487/1359 3073/1489/1361 3532/1488/1360
f 2912/1490/1362 3532/1488/1360 3073/1489/1361
f 3532/1488/1360 2912/1490/1362 5270/1486/1358
f 5270/1486/1358 2912/1490/1362 2318/1491/1363
f 3669/1401/1286 1260/1492/1364 5992/1438/1264
f 2775/1493/1365 5084/1494/1366 5873/1495/1367
f 5084/1494/1366 3746/1496/1368 5873/1495/1367
f 5873/1495/1367 2385/1497/1369 3245/1498/1370
f 4076/1395/1281 2946/1441/1320 3493/1426/1308
f 742/1465/1342 3056/1499/1371 3377/1500/1372
f 742/1465/1342 3377/1500/1372 936/1437/1317
f 1390/1412/1295 2930/1445/1324 2175/1455/1332
f 2271/1442/1321 4182/1413/1296 2175/1455/1332
f 2918/1501/1373 5084/1494/1366 2775/1493/1365
f 2775/1493/1365 5873/1495/1367 3245/1498/1370
f 2385/1497/1369 5873/1495/1367 2855/1502/1374
f 5873/1495/1367 3746/1496/1368 2855/1502/1374
f 3440/1485/1357 1455/1447/1294 5325/1446/1325
f 930/1503/1375 1112/1416/1299 5147/1461/1338
f 2098/1504/1376 2933/1478/1353 559/1443/1322
f 3073/1489/1361 817/1487/1359 2516/1505/1377
f 1057/1506/1378 817/1487/1359 5270/1486/1358
f 3073/1489/1361 6282/1507/1379 2912/1490/1362
f 2912/1490/1362 947/1508/1380 2318/1491/1363
f 3881/1509/1381 5281/1367/1259 2271/1442/1321
f 2646/1510/1382 2775/1493/1365 798/1511/1383
f 2646/1510/1382 2918/1501/1373 2775/1493/1365
f 798/1511/1383 2775/1493/1365 3568/1512/1384
f 3636/1513/1385 5147/1461/1338 727/1424/1306
f 4053/1335/1227 2946/1441/1320 5650/1385/1275
f 1070/1435/1315 824/1468/1345 4953/1323/1216
f 1639/1444/1323 6007/1451/1328 2235/1417/1300
f 2516/1505/1377 4026/1514/1386 3073/1489/1361
f 3073/1489/1361 3446/1515/1387 6282/1507/1379
f 5270/1486/1358 2318/1491/1363 4161/1516/1388
f 2318/1491/1363 947/1508/1380 1846/1517/1389
f 4914/1407/1290 3903/1420/1303 2930/1445/1324
f 1846/1517/1389 1474/1518/1390 919/1519/1391
f 343/1520/1392 6061/1521/1393 920/1522/1394
f 2646/1510/1382 798/1511/1383 6061/1521/1393
f 2775/1493/1365 3245/1498/1370 3568/1512/1384
f 4273/1400/1285 5470/1475/1350 1959/1383/1273
f 3926/1472/1348 1959/1383/1273 5470/1475/1350
f 2686/1439/1318 5323/1523/1325 2752/1361/1253
f 4161/1516/1388 1057/1506/1378 5270/1486/1358
f 2318/1491/1363 1846/1517/1389 4161/1516/1388
f 1474/1518/1390 1846/1517/1389 947/1508/1380
f 1846/1517/1389 919/1519/1391 3047/1524/1395
f 919/1519/1391 1474/1518/1390 344/1525/1392
f 3047/1524/1395 919/1519/1391 3932/1526/1396
f 343/1520/1392 5907/1527/1397 6061/1521/1393
f 6061/1521/1393 5907/1527/1397 2646/1510/1382
f 3568/1512/1384 2844/1528/1398 798/1511/1383
f 2075/1365/1257 4710/1440/1319 2787/1529/1399
f 2444/1530/1400 6028/1482/1272 3056/1499/1371
f 1846/1517/1389 1195/1531/1401 4161/1516/1388
f 1195/1531/1401 1846/1517/1389 3047/1524/1395
f 3932/1526/1396 1195/1531/1401 3047/1524/1395
f 344/1525/1392 1474/1518/1390 2512/1532/1402
f 3933/1533/1396 920/1522/1394 6061/1521/1393
f 5907/1527/1397 5384/1534/1403 2646/1510/1382
f 5384/1534/1403 4511/1535/1404 2646/1510/1382
f 6061/1521/1393 798/1511/1383 2844/1528/1398
f 2646/1510/1382 4511/1535/1404 2918/1501/1373
f 2634/1431/1311 2033/1466/1343 6100/1454/1331
f 5084/1494/1366 636/1536/1405 3746/1496/1368
f 3746/1496/1368 636/1536/1405 1993/1537/1406
f 3746/1496/1368 1993/1537/1406 2855/1502/1374
f 3926/1472/1348 530/1477/1352 4796/1425/1307
f 2358/1360/1252 1112/1416/1299 930/1503/1375
f 2726/1404/1287 3493/1426/1308 5877/1463/1340
f 2845/1538/1407 3446/1515/1387 3073/1489/1361
f 6282/1507/1379 1220/1539/1408 2912/1490/1362
f 5384/1534/1403 5907/1527/1397 343/1520/1392
f 3933/1533/1396 6061/1521/1393 1981/1540/1409
f 6061/1521/1393 2844/1528/1398 1981/1540/1409
f 1158/1541/1410 5084/1494/1366 2918/1501/1373
f 530/1477/1352 3636/1513/1385 727/1424/1306
f 1882/1542/1411 2336/1462/1339 2358/1360/1252
f 5118/1421/1304 1938/1467/1344 1659/1543/1412
f 2516/1505/1377 1277/1544/1413 4026/1514/1386
f 3073/1489/1361 4176/1545/1414 2845/1538/1407
f 1220/1539/1408 947/1508/1380 2912/1490/1362
f 4161/1516/1388 1195/1531/1401 933/1546/1415
f 2048/1458/1335 5401/1547/1416 4734/1422/1305
f 947/1508/1380 2512/1532/1402 1474/1518/1390
f 1195/1531/1401 3932/1526/1396 523/1548/1417
f 3932/1526/1396 618/1549/1418 523/1548/1417
f 2964/1550/1419 636/1536/1405 5084/1494/1366
f 2933/1478/1353 4710/1440/1319 3803/1396/1282
f 824/1468/1345 3466/1464/1341 3672/1449/1326
f 2098/1504/1376 559/1443/1322 3466/1464/1341
f 2075/1365/1257 2787/1529/1399 1938/1467/1344
f 1659/1543/1412 1639/1444/1323 5118/1421/1304
f 4696/1551/1420 6282/1507/1379 3446/1515/1387
f 4696/1551/1420 1220/1539/1408 6282/1507/1379
f 2048/1458/1335 1958/1397/1283 5993/1373/1264
f 2512/1532/1402 3249/1552/1421 344/1525/1392
f 3248/1553/1421 5384/1534/1403 343/1520/1392
f 1981/1540/1409 617/1554/1418 3933/1533/1396
f 5203/1555/1422 2978/1375/1266 5281/1367/1259
f 281/1414/1297 5047/1452/1329 4632/1460/1337
f 1993/1537/1406 636/1536/1405 5120/1556/1423
f 4026/1514/1386 4176/1545/1414 3073/1489/1361
f 2444/1530/1400 3056/1499/1371 742/1465/1342
f 4632/1460/1337 1260/1492/1364 3669/1401/1286
f 1277/1544/1413 1115/1557/1424 4026/1514/1386
f 4074/1558/1425 4696/1551/1420 3446/1515/1387
f 2356/1453/1330 2309/1433/1313 236/1432/1312
f 1158/1541/1410 2918/1501/1373 3100/1559/1426
f 956/1560/1427 5084/1494/1366 1158/1541/1410
f 956/1560/1427 4776/1561/1428 5084/1494/1366
f 2964/1550/1419 5084/1494/1366 4776/1561/1428
f 2151/1562/1429 817/1487/1359 1057/1506/1378
f 3446/1515/1387 2845/1538/1407 1684/1563/1430
f 2225/1564/1431 2930/1445/1324 3903/1420/1303
f 2225/1564/1431 2175/1455/1332 2930/1445/1324
f 5203/1555/1422 5281/1367/1259 3881/1509/1381
f 2356/1453/1330 236/1432/1312 2582/1565/1432
f 4511/1535/1404 3100/1559/1426 2918/1501/1373
f 3525/1566/1433 5120/1556/1423 636/1536/1405
f 1752/1470/1346 3667/1567/1434 3217/1471/1347
f 3446/1515/1387 1684/1563/1430 4074/1558/1425
f 4696/1551/1420 4074/1558/1425 992/1568/1435
f 3903/1420/1303 3699/1419/1302 2225/1564/1431
f 5937/1569/1436 933/1546/1415 1195/1531/1401
f 5250/1570/1437 3663/1571/1438 992/1568/1435
f 1220/1539/1408 4696/1551/1420 68/1572/1439
f 4696/1551/1420 1149/1573/1440 68/1572/1439
f 4696/1551/1420 992/1568/1435 1149/1573/1440
f 991/1574/1435 1158/1541/1410 1150/1575/1441
f 991/1574/1435 3662/1576/1438 1158/1541/1410
f 5563/1577/1442 2978/1375/1266 5203/1555/1422
f 6237/1578/1443 1981/1540/1409 2844/1528/1398
f 4511/1535/1404 2195/1579/1444 3100/1559/1426
f 1150/1575/1441 1158/1541/1410 3100/1559/1426
f 3405/1580/1445 956/1560/1427 1158/1541/1410
f 2964/1550/1419 3525/1566/1433 636/1536/1405
f 2385/1497/1369 3645/1581/1446 3245/1498/1370
f 5120/1556/1423 3274/1582/1447 1993/1537/1406
f 185/1583/1448 4053/1335/1227 2336/1462/1339
f 4026/1514/1386 6033/1584/1449 4176/1545/1414
f 5556/1585/1450 4587/1457/1334 6007/1451/1328
f 1057/1506/1378 4161/1516/1388 434/1586/1451
f 4074/1558/1425 5250/1570/1437 992/1568/1435
f 1220/1539/1408 3036/1587/1452 947/1508/1380
f 4734/1422/1305 5401/1547/1416 3389/1459/1336
f 5594/1588/1453 2512/1532/1402 947/1508/1380
f 656/1589/1454 3249/1552/1421 2512/1532/1402
f 2582/1565/1432 236/1432/1312 1597/1450/1327
f 2195/1579/1444 5384/1534/1403 883/1590/1455
f 2195/1579/1444 4511/1535/1404 5384/1534/1403
f 1158/1541/1410 3662/1576/1438 3405/1580/1445
f 1150/1575/1441 3100/1559/1426 2195/1579/1444
f 3245/1498/1370 3645/1581/1446 3568/1512/1384
f 3850/1591/1456 2033/1466/1343 5753/1476/1351
f 4776/1561/1428 1553/1592/1457 2964/1550/1419
f 5051/1593/1458 930/1503/1375 5147/1461/1338
f 1882/1542/1411 2358/1360/1252 930/1503/1375
f 2933/1478/1353 359/1594/1459 4710/1440/1319
f 6115/1595/1460 1938/1467/1344 2787/1529/1399
f 1057/1506/1378 434/1586/1451 2151/1562/1429
f 1684/1563/1430 2845/1538/1407 3230/1596/1461
f 1752/1470/1346 4505/1597/1462 210/1598/1463
f 2444/1530/1400 4504/1483/1355 6028/1482/1272
f 3036/1587/1452 1220/1539/1408 68/1572/1439
f 3036/1587/1452 5594/1588/1453 947/1508/1380
f 5937/1569/1436 1195/1531/1401 523/1548/1417
f 5250/1570/1437 1799/1599/1464 3663/1571/1438
f 5594/1588/1453 656/1589/1454 2512/1532/1402
f 4282/1600/1465 5470/1475/1350 2356/1453/1330
f 956/1560/1427 1553/1592/1457 4776/1561/1428
f 5147/1461/1338 3636/1513/1385 5051/1593/1458
f 2855/1502/1374 1993/1537/1406 2803/1601/1466
f 2803/1601/1466 1993/1537/1406 3274/1582/1447
f 5149/1602/1467 2098/1504/1376 3466/1464/1341
f 449/1603/1468 3466/1464/1341 824/1468/1345
f 1115/1557/1424 6033/1584/1449 4026/1514/1386
f 1684/1563/1430 1799/1599/1464 4074/1558/1425
f 1799/1599/1464 5250/1570/1437 4074/1558/1425
f 3699/1419/1302 1496/1604/1469 2207/1605/1470
f 3036/1587/1452 68/1572/1439 5594/1588/1453
f 2271/1442/1321 1433/1606/1471 3881/1509/1381
f 69/1607/1439 1150/1575/1441 3642/1608/1472
f 3187/1609/1473 5992/1438/1264 1260/1492/1364
f 617/1554/1418 1981/1540/1409 2339/1610/1474
f 2339/1610/1474 1981/1540/1409 6237/1578/1443
f 6100/1454/1331 4923/1611/1475 5047/1452/1329
f 5877/1463/1340 3493/1426/1308 2946/1441/1320
f 1956/1612/1476 1639/1444/1323 1659/1543/1412
f 3217/1471/1347 3667/1567/1434 3709/1613/1477
f 4176/1545/1414 3033/1614/1478 2845/1538/1407
f 3840/1615/1479 1433/1606/1471 2271/1442/1321
f 367/1616/1480 2048/1458/1335 5993/1373/1264
f 6219/1617/1481 3405/1580/1445 3662/1576/1438
f 5253/1618/1482 883/1590/1455 5384/1534/1403
f 3642/1608/1472 1150/1575/1441 2195/1579/1444
f 2582/1565/1432 1597/1450/1327 5564/1484/1356
f 956/1560/1427 3405/1580/1445 1553/1592/1457
f 787/1619/1483 3926/1472/1348 5470/1475/1350
f 3850/1591/1456 3440/1485/1357 5325/1446/1325
f 5051/1593/1458 3636/1513/1385 530/1477/1352
f 1167/1620/1484 2855/1502/1374 2803/1601/1466
f 2686/1439/1318 5877/1463/1340 3107/1621/1485
f 4053/1335/1227 2292/1622/1486 2946/1441/1320
f 2098/1504/1376 5149/1602/1467 2933/1478/1353
f 1070/1435/1315 449/1603/1468 824/1468/1345
f 3709/1613/1477 448/1623/1487 1069/1474/1349
f 3217/1471/1347 3709/1613/1477 1069/1474/1349
f 1956/1612/1476 6007/1451/1328 1639/1444/1323
f 3230/1596/1461 1799/1599/1464 1684/1563/1430
f 656/1589/1454 5594/1588/1453 68/1572/1439
f 3643/1624/1472 656/1589/1454 68/1572/1439
f 1799/1599/1464 6220/1625/1481 3663/1571/1438
f 655/1626/1488 5253/1618/1482 3248/1553/1421
f 1400/1627/1489 5203/1555/1422 3881/1509/1381
f 5253/1618/1482 5384/1534/1403 3248/1553/1421
f 5253/1618/1482 3642/1608/1472 883/1590/1455
f 3642/1608/1472 2195/1579/1444 883/1590/1455
f 3405/1580/1445 6219/1617/1481 1553/1592/1457
f 6237/1578/1443 2844/1528/1398 3101/1628/1490
f 3857/1629/1491 5470/1475/1350 4282/1600/1465
f 5753/1476/1351 3440/1485/1357 3850/1591/1456
f 1553/1592/1457 3776/1630/1492 2964/1550/1419
f 3926/1472/1348 5051/1593/1458 530/1477/1352
f 821/1631/1493 5325/1446/1325 2687/1632/1318
f 2336/1462/1339 1882/1542/1411 185/1583/1448
f 449/1603/1468 5149/1602/1467 3466/1464/1341
f 4710/1440/1319 6115/1595/1460 2787/1529/1399
f 1956/1612/1476 1659/1543/1412 1938/1467/1344
f 6033/1584/1449 4539/1633/1494 4176/1545/1414
f 1752/1470/1346 5718/1634/1495 3667/1567/1434
f 210/1598/1463 4505/1597/1462 2443/1635/1496
f 4587/1457/1334 1496/1604/1469 3699/1419/1302
f 3335/1636/1497 4743/1436/1316 3389/1459/1336
f 2225/1564/1431 2271/1442/1321 2175/1455/1332
f 5401/1547/1416 2048/1458/1335 367/1616/1480
f 1894/1637/1498 523/1548/1417 618/1549/1418
f 5253/1618/1482 655/1626/1488 3642/1608/1472
f 1260/1492/1364 4632/1460/1337 927/1638/1499
f 927/1638/1499 4632/1460/1337 5047/1452/1329
f 5047/1452/1329 4923/1611/1475 927/1638/1499
f 3926/1472/1348 787/1619/1483 5051/1593/1458
f 4292/1639/1500 5325/1446/1325 821/1631/1493
f 2685/1640/1501 3108/1641/1485 822/1642/1502
f 1882/1542/1411 930/1503/1375 4489/1643/1503
f 5120/1556/1423 4910/1644/1504 3274/1582/1447
f 5246/1645/1505 3107/1621/1485 5877/1463/1340
f 2292/1622/1486 4053/1335/1227 185/1583/1448
f 2946/1441/1320 2292/1622/1486 5877/1463/1340
f 1277/1544/1413 2420/1646/1506 1115/1557/1424
f 5922/1647/1507 2845/1538/1407 3033/1614/1478
f 742/1465/1342 3335/1636/1497 294/1648/1508
f 3335/1636/1497 742/1465/1342 4743/1436/1316
f 2207/1605/1470 2225/1564/1431 3699/1419/1302
f 3881/1509/1381 1433/1606/1471 1400/1627/1489
f 523/1548/1417 1894/1637/1498 1065/1649/1509
f 2582/1565/1432 4282/1600/1465 2356/1453/1330
f 3857/1629/1491 787/1619/1483 5470/1475/1350
f 930/1503/1375 5051/1593/1458 4489/1643/1503
f 2385/1497/1369 2855/1502/1374 1167/1620/1484
f 3274/1582/1447 4910/1644/1504 1732/1650/1510
f 4176/1545/1414 4539/1633/1494 3033/1614/1478
f 434/1586/1451 4161/1516/1388 2774/1651/1511
f 5401/1547/1416 3335/1636/1497 3389/1459/1336
f 1065/1649/1509 5937/1569/1436 523/1548/1417
f 2225/1564/1431 3840/1615/1479 2271/1442/1321
f 367/1616/1480 5993/1373/1264 3188/1652/1512
f 1895/1653/1498 617/1554/1418 2339/1610/1474
f 2583/1654/1513 5563/1577/1442 5203/1555/1422
f 1553/1592/1457 6219/1617/1481 3776/1630/1492
f 4292/1639/1500 3850/1591/1456 5325/1446/1325
f 4949/1655/1514 3525/1566/1433 2964/1550/1419
f 3645/1581/1446 2385/1497/1369 5459/1656/1515
f 5120/1556/1423 3525/1566/1433 4910/1644/1504
f 359/1594/1459 2933/1478/1353 5149/1602/1467
f 5556/1585/1450 6007/1451/1328 1956/1612/1476
f 210/1598/1463 5718/1634/1495 1752/1470/1346
f 210/1598/1463 2443/1635/1496 5718/1634/1495
f 742/1465/1342 3451/1657/1516 2444/1530/1400
f 2080/1658/1517 4161/1516/1388 933/1546/1415
f 2225/1564/1431 2207/1605/1470 3840/1615/1479
f 2033/1466/1343 3850/1591/1456 6100/1454/1331
f 377/1659/1518 448/1623/1487 3709/1613/1477
f 6033/1584/1449 3633/1660/1519 4539/1633/1494
f 3451/1657/1516 742/1465/1342 294/1648/1508
f 5302/1661/1520 1799/1599/1464 3230/1596/1461
f 6220/1625/1481 1799/1599/1464 5302/1661/1520
f 2844/1528/1398 3568/1512/1384 1370/1662/1521
f 6100/1454/1331 3850/1591/1456 4923/1611/1475
f 1115/1557/1424 3633/1660/1519 6033/1584/1449
f 1277/1544/1413 2516/1505/1377 2027/1663/1522
f 4418/1664/1523 6219/1617/1481 5301/1665/1524
f 2803/1601/1466 3274/1582/1447 3964/1666/1525
f 359/1594/1459 977/1667/1526 4710/1440/1319
f 977/1667/1526 1980/1668/1527 4710/1440/1319
f 4710/1440/1319 1980/1668/1527 6115/1595/1460
f 817/1487/1359 5276/1669/1528 2516/1505/1377
f 5718/1634/1495 2443/1635/1496 3450/1670/1516
f 1976/1671/1529 2583/1654/1513 5203/1555/1422
f 2582/1565/1432 1977/1672/1529 4282/1600/1465
f 6219/1617/1481 4418/1664/1523 3776/1630/1492
f 3568/1512/1384 3645/1581/1446 1370/1662/1521
f 822/1642/1502 4028/1673/1530 4291/1674/1500
f 3525/1566/1433 3711/1675/1531 4910/1644/1504
f 4046/1676/1532 4489/1643/1503 5051/1593/1458
f 2292/1622/1486 5246/1645/1505 5877/1463/1340
f 2292/1622/1486 185/1583/1448 767/1677/1533
f 449/1603/1468 378/1678/1518 5149/1602/1467
f 6115/1595/1460 1475/1679/1534 1938/1467/1344
f 2584/1680/1535 817/1487/1359 2151/1562/1429
f 944/1681/1536 1956/1612/1476 1938/1467/1344
f 944/1681/1536 5556/1585/1450 1956/1612/1476
f 1496/1604/1469 4587/1457/1334 5260/1682/1537
f 5260/1682/1537 2207/1605/1470 1496/1604/1469
f 3953/1683/1538 3840/1615/1479 2207/1605/1470
f 3335/1636/1497 5401/1547/1416 1978/1684/1539
f 4280/1685/1540 1400/1627/1489 1433/1606/1471
f 3187/1609/1473 1260/1492/1364 2759/1686/1541
f 927/1638/1499 4923/1611/1475 3630/1687/1542
f 4282/1600/1465 1977/1672/1529 3473/1688/1543
f 2844/1528/1398 1370/1662/1521 3101/1628/1490
f 4072/1689/1544 787/1619/1483 3857/1629/1491
f 3776/1630/1492 4949/1655/1514 2964/1550/1419
f 4028/1673/1530 822/1642/1502 3108/1641/1485
f 767/1677/1533 185/1583/1448 1882/1542/1411
f 1980/1668/1527 1475/1679/1534 6115/1595/1460
f 4587/1457/1334 5556/1585/1450 758/1690/1545
f 758/1690/1545 5260/1682/1537 4587/1457/1334
f 2993/1691/1546 1065/1649/1509 1894/1637/1498
f 3545/1692/1547 5203/1555/1422 1400/1627/1489
f 4072/1689/1544 4282/1600/1465 3473/1688/1543
f 787/1619/1483 3118/1693/1548 5051/1593/1458
f 3645/1581/1446 5459/1656/1515 1370/1662/1521
f 4949/1655/1514 3711/1675/1531 3525/1566/1433
f 2730/1694/1549 1882/1542/1411 4489/1643/1503
f 1732/1650/1510 3964/1666/1525 3274/1582/1447
f 5276/1669/1528 817/1487/1359 2584/1680/1535
f 1938/1467/1344 1475/1679/1534 944/1681/1536
f 2774/1651/1511 4161/1516/1388 2080/1658/1517
f 4280/1685/1540 1433/1606/1471 3840/1615/1479
f 5498/1695/1550 3187/1609/1473 2759/1686/1541
f 2759/1686/1541 1260/1492/1364 927/1638/1499
f 4923/1611/1475 3728/1696/1551 3630/1687/1542
f 4072/1689/1544 3857/1629/1491 4282/1600/1465
f 3728/1696/1551 4923/1611/1475 3850/1591/1456
f 5459/1656/1515 2385/1497/1369 1167/1620/1484
f 1115/1557/1424 3843/1697/1552 3633/1660/1519
f 3230/1596/1461 2845/1538/1407 5922/1647/1507
f 5556/1585/1450 944/1681/1536 758/1690/1545
f 2151/1562/1429 434/1586/1451 2774/1651/1511
f 933/1546/1415 5937/1569/1436 2080/1658/1517
f 1895/1653/1498 2339/1610/1474 4573/1698/1553
f 3545/1692/1547 1976/1671/1529 5203/1555/1422
f 3118/1693/1548 787/1619/1483 4072/1689/1544
f 4292/1639/1500 2227/1699/1554 3850/1591/1456
f 1115/1557/1424 2420/1646/1506 3843/1697/1552
f 3450/1670/1516 4202/1700/1555 5718/1634/1495
f 5098/1701/1556 3840/1615/1479 3953/1683/1538
f 2339/1610/1474 6237/1578/1443 4573/1698/1553
f 4223/1702/1557 3776/1630/1492 4418/1664/1523
f 4949/1655/1514 3776/1630/1492 1768/1703/1558
f 2227/1699/1554 4292/1639/1500 4027/1704/1559
f 3633/1660/1519 720/1705/1560 4539/1633/1494
f 4202/1700/1555 3709/1613/1477 3667/1567/1434
f 3667/1567/1434 5718/1634/1495 4202/1700/1555
f 3335/1636/1497 3504/1706/1561 294/1648/1508
f 6252/1707/1562 4417/1708/1523 5302/1661/1520
f 2992/1709/1546 1895/1653/1498 4573/1698/1553
f 874/1710/1563 3108/1641/1485 5245/1711/1564
f 2292/1622/1486 767/1677/1533 1657/1712/1565
f 3709/1613/1477 1661/1713/1566 377/1659/1518
f 1661/1713/1566 3709/1613/1477 4202/1700/1555
f 4539/1633/1494 720/1705/1560 3033/1614/1478
f 3492/1714/1567 3230/1596/1461 5922/1647/1507
f 1978/1684/1539 3504/1706/1561 3335/1636/1497
f 5098/1701/1556 4280/1685/1540 3840/1615/1479
f 3850/1591/1456 4377/1715/1568 3728/1696/1551
f 3118/1693/1548 4046/1676/1532 5051/1593/1458
f 3492/1714/1567 5302/1661/1520 3230/1596/1461
f 2254/1716/1569 6252/1707/1562 5302/1661/1520
f 5401/1547/1416 367/1616/1480 1978/1684/1539
f 367/1616/1480 3188/1652/1512 5497/1717/1550
f 6237/1578/1443 3101/1628/1490 4573/1698/1553
f 4223/1702/1557 1768/1703/1558 3776/1630/1492
f 2227/1699/1554 4377/1715/1568 3850/1591/1456
f 767/1677/1533 1882/1542/1411 2730/1694/1549
f 3822/1718/1570 2591/1719/1571 359/1594/1459
f 5149/1602/1467 3822/1718/1570 359/1594/1459
f 2591/1719/1571 977/1667/1526 359/1594/1459
f 2027/1663/1522 2420/1646/1506 1277/1544/1413
f 5276/1669/1528 2027/1663/1522 2516/1505/1377
f 2774/1651/1511 2039/1720/1572 2151/1562/1429
f 1768/1703/1558 3718/1721/1573 4949/1655/1514
f 2151/1562/1429 2039/1720/1572 2584/1680/1535
f 2039/1720/1572 2774/1651/1511 2080/1658/1517
f 3953/1683/1538 2207/1605/1470 5260/1682/1537
f 4223/1702/1557 4418/1664/1523 6251/1722/1562
f 5499/1723/1574 3101/1628/1490 1370/1662/1521
f 5459/1656/1515 2864/1724/1575 1370/1662/1521
f 1576/1725/1576 4949/1655/1514 3718/1721/1573
f 3711/1675/1531 4949/1655/1514 1576/1725/1576
f 2292/1622/1486 1657/1712/1565 5246/1645/1505
f 3492/1714/1567 2254/1716/1569 5302/1661/1520
f 5654/1726/1577 4573/1698/1553 3101/1628/1490
f 2864/1724/1575 5499/1723/1574 1370/1662/1521
f 3108/1641/1485 874/1710/1563 4028/1673/1530
f 2730/1694/1549 4489/1643/1503 5144/1727/1578
f 5459/1656/1515 310/1728/1579 2864/1724/1575
f 5148/1729/1467 377/1659/1518 3821/1730/1570
f 4280/1685/1540 5098/1701/1556 5397/1731/1580
f 419/1732/1581 3633/1660/1519 3843/1697/1552
f 419/1732/1581 1391/1733/1582 3633/1660/1519
f 720/1705/1560 3633/1660/1519 1391/1733/1582
f 224/1734/1583 4573/1698/1553 5654/1726/1577
f 1167/1620/1484 2803/1601/1466 1303/1735/1584
f 1980/1668/1527 4819/1736/1585 1475/1679/1534
f 216/1737/1586 2584/1680/1535 2039/1720/1572
f 734/1738/1587 5098/1701/1556 3953/1683/1538
f 1978/1684/1539 367/1616/1480 3940/1739/1588
f 2189/1740/1589 1065/1649/1509 2993/1691/1546
f 350/1741/1590 367/1616/1480 5497/1717/1550
f 2403/1742/1591 2992/1709/1546 4573/1698/1553
f 4910/1644/1504 3711/1675/1531 6012/1743/1592
f 4083/1744/1593 5459/1656/1515 1167/1620/1484
f 1732/1650/1510 4910/1644/1504 3966/1745/1594
f 874/1710/1563 5245/1711/1564 2086/1746/1595
f 1980/1668/1527 977/1667/1526 1668/1747/1596
f 4202/1700/1555 3450/1670/1516 70/1748/1597
f 3940/1739/1588 367/1616/1480 350/1741/1590
f 4643/1749/1598 2759/1686/1541 927/1638/1499
f 5499/1723/1574 2165/1750/1599 3101/1628/1490
f 4133/1751/1600 3118/1693/1548 4072/1689/1544
f 5144/1727/1578 4489/1643/1503 5567/1752/1601
f 1303/1735/1584 2803/1601/1466 3964/1666/1525
f 5245/1711/1564 1658/1753/1565 2086/1746/1595
f 3964/1666/1525 1732/1650/1510 570/1754/1602
f 2584/1680/1535 2092/1755/1603 5276/1669/1528
f 944/1681/1536 1475/1679/1534 4819/1736/1585
f 758/1690/1545 1806/1756/1604 5260/1682/1537
f 1005/1757/1605 6252/1707/1562 2254/1716/1569
f 1807/1758/1606 3545/1692/1547 1400/1627/1489
f 1593/1759/1607 5654/1726/1577 3101/1628/1490
f 1593/1759/1607 3101/1628/1490 2165/1750/1599
f 4133/1751/1600 2527/1760/1608 3118/1693/1548
f 3118/1693/1548 2527/1760/1608 4046/1676/1532
f 4046/1676/1532 5567/1752/1601 4489/1643/1503
f 4083/1744/1593 310/1728/1579 5459/1656/1515
f 5095/1761/1609 4028/1673/1530 874/1710/1563
f 2584/1680/1535 216/1737/1586 2092/1755/1603
f 3033/1614/1478 5315/1762/1610 5922/1647/1507
f 5590/1763/1611 758/1690/1545 944/1681/1536
f 1516/1764/1612 2254/1716/1569 3492/1714/1567
f 758/1690/1545 1106/1765/1613 1806/1756/1604
f 2189/1740/1589 5937/1569/1436 1065/1649/1509
f 4643/1749/1598 351/1766/1590 5498/1695/1550
f 927/1638/1499 3630/1687/1542 3682/1767/1614
f 5634/1768/1615 5654/1726/1577 3654/1769/1616
f 3654/1769/1616 5654/1726/1577 1593/1759/1607
f 4133/1751/1600 4072/1689/1544 3473/1688/1543
f 4377/1715/1568 5038/1770/1617 3728/1696/1551
f 3821/1730/1570 1123/1771/1618 2590/1772/1571
f 5276/1669/1528 2092/1755/1603 2027/1663/1522
f 3441/1773/1619 2039/1720/1572 2080/1658/1517
f 5606/1774/1620 294/1648/1508 3504/1706/1561
f 3922/1775/1621 2080/1658/1517 5937/1569/1436
f 4643/1749/1598 5498/1695/1550 2759/1686/1541
f 4558/1776/1622 4223/1702/1557 6251/1722/1562
f 1977/1672/1529 2898/1777/1623 3473/1688/1543
f 224/1734/1583 5654/1726/1577 5634/1768/1615
f 3728/1696/1551 1385/1778/1624 3630/1687/1542
f 1576/1725/1576 6012/1743/1592 3711/1675/1531
f 5144/1727/1578 2851/1779/1625 2730/1694/1549
f 4083/1744/1593 1167/1620/1484 1303/1735/1584
f 3825/1780/1626 3843/1697/1552 2420/1646/1506
f 3670/1781/1627 377/1659/1518 1661/1713/1566
f 3033/1614/1478 720/1705/1560 5315/1762/1610
f 734/1738/1587 5260/1682/1537 1806/1756/1604
f 734/1738/1587 3953/1683/1538 5260/1682/1537
f 3922/1775/1621 5937/1569/1436 2189/1740/1589
f 3655/1782/1628 2165/1750/1599 5634/1768/1615
f 2165/1750/1599 3655/1782/1628 1593/1759/1607
f 2898/1777/1623 4133/1751/1600 3473/1688/1543
f 767/1677/1533 2730/1694/1549 2851/1779/1625
f 874/1710/1563 2086/1746/1595 5095/1761/1609
f 2354/1783/1629 1657/1712/1565 767/1677/1533
f 758/1690/1545 5590/1763/1611 1106/1765/1613
f 70/1748/1597 3450/1670/1516 4904/1784/1630
f 1400/1627/1489 4280/1685/1540 1807/1758/1606
f 3630/1687/1542 1385/1778/1624 3682/1767/1614
f 3503/1785/1631 2864/1724/1575 310/1728/1579
f 4377/1715/1568 2227/1699/1554 1797/1786/1632
f 4046/1676/1532 3820/1787/1633 5567/1752/1601
f 881/1788/1634 2228/1789/1635 4028/1673/1530
f 4910/1644/1504 6012/1743/1592 3966/1745/1594
f 1303/1735/1584 3964/1666/1525 570/1754/1602
f 377/1659/1518 931/1790/1636 3821/1730/1570
f 1661/1713/1566 4202/1700/1555 215/1791/1637
f 1005/1757/1605 2254/1716/1569 1516/1764/1612
f 1005/1757/1605 6257/1792/1638 6252/1707/1562
f 224/1734/1583 2403/1742/1591 4573/1698/1553
f 3545/1692/1547 1856/1793/1639 1976/1671/1529
f 1227/1794/1640 2898/1777/1623 1977/1672/1529
f 1248/1795/1641 2165/1750/1599 5499/1723/1574
f 2718/1796/1642 1123/1771/1618 3821/1730/1570
f 377/1659/1518 3670/1781/1627 931/1790/1636
f 5590/1763/1611 944/1681/1536 4819/1736/1585
f 294/1648/1508 5606/1774/1620 3451/1657/1516
f 3922/1775/1621 2904/1797/1643 2080/1658/1517
f 1856/1793/1639 1228/1798/1640 1976/1671/1529
f 3682/1767/1614 4643/1749/1598 927/1638/1499
f 5499/1723/1574 2864/1724/1575 5208/1799/1644
f 4046/1676/1532 2527/1760/1608 3820/1787/1633
f 1819/1800/1645 2227/1699/1554 882/1801/1646
f 881/1788/1634 4028/1673/1530 5095/1761/1609
f 2851/1779/1625 2354/1783/1629 767/1677/1533
f 720/1705/1560 1391/1733/1582 3634/1802/1647
f 215/1791/1637 3670/1781/1627 1661/1713/1566
f 3450/1670/1516 5607/1803/1620 4904/1784/1630
f 3504/1706/1561 1978/1684/1539 3940/1739/1588
f 5397/1731/1580 1807/1758/1606 4280/1685/1540
f 3820/1787/1633 5144/1727/1578 5567/1752/1601
f 2851/1779/1625 5144/1727/1578 3820/1787/1633
f 977/1667/1526 1000/1804/1648 1668/1747/1596
f 1668/1747/1596 4819/1736/1585 1980/1668/1527
f 3441/1773/1619 2602/1805/1649 2039/1720/1572
f 2080/1658/1517 2904/1797/1643 3441/1773/1619
f 6257/1792/1638 4557/1806/1622 6252/1707/1562
f 3718/1721/1573 1768/1703/1558 4223/1702/1557
f 2027/1663/1522 3825/1780/1626 2420/1646/1506
f 2591/1719/1571 1122/1807/1618 977/1667/1526
f 3821/1730/1570 931/1790/1636 2718/1796/1642
f 2027/1663/1522 2092/1755/1603 5663/1808/1650
f 419/1732/1581 3634/1802/1647 1391/1733/1582
f 720/1705/1560 3634/1802/1647 2475/1809/1651
f 70/1748/1597 215/1791/1637 4202/1700/1555
f 3492/1714/1567 5922/1647/1507 1516/1764/1612
f 70/1748/1597 4904/1784/1630 215/1791/1637
f 5098/1701/1556 734/1738/1587 5177/1810/1652
f 5397/1731/1580 5098/1701/1556 5177/1810/1652
f 2189/1740/1589 2993/1691/1546 2404/1811/1591
f 1807/1758/1606 1856/1793/1639 3545/1692/1547
f 1819/1800/1645 1797/1786/1632 2227/1699/1554
f 4523/1812/1653 310/1728/1579 4083/1744/1593
f 2086/1746/1595 1658/1753/1565 2353/1813/1654
f 3966/1745/1594 570/1754/1602 1732/1650/1510
f 1000/1804/1648 977/1667/1526 1122/1807/1618
f 2165/1750/1599 224/1734/1583 5634/1768/1615
f 3718/1721/1573 4223/1702/1557 4558/1776/1622
f 5038/1770/1617 1385/1778/1624 3728/1696/1551
f 1819/1800/1645 882/1801/1646 1797/1786/1632
f 2718/1796/1642 931/1790/1636 1315/1814/1655
f 3869/1815/1656 3634/1802/1647 419/1732/1581
f 5984/1816/1657 4706/1817/1658 1668/1747/1596
f 1668/1747/1596 4706/1817/1658 4819/1736/1585
f 1992/1818/1659 215/1791/1637 4904/1784/1630
f 1992/1818/1659 4904/1784/1630 1656/1819/1660
f 1655/1820/1660 4905/1821/1630 5606/1774/1620
f 1655/1820/1660 5606/1774/1620 3504/1706/1561
f 1655/1820/1660 3504/1706/1561 635/1822/1661
f 635/1822/1661 3504/1706/1561 3940/1739/1588
f 1965/1823/1662 3538/1824/1663 3682/1767/1614
f 3682/1767/1614 1385/1778/1624 1965/1823/1662
f 1385/1778/1624 5038/1770/1617 1965/1823/1662
f 5038/1770/1617 3982/1825/1664 1965/1823/1662
f 1797/1786/1632 882/1801/1646 6143/1826/1665
f 2086/1746/1595 2353/1813/1654 1751/1827/1666
f 1316/1828/1655 5984/1816/1657 1122/1807/1618
f 1315/1814/1655 1123/1771/1618 2718/1796/1642
f 5984/1816/1657 1000/1804/1648 1122/1807/1618
f 1315/1814/1655 931/1790/1636 2247/1829/1667
f 5984/1816/1657 1668/1747/1596 1000/1804/1648
f 2247/1829/1667 931/1790/1636 3670/1781/1627
f 3280/1830/1668 2247/1829/1667 1992/1818/1659
f 1992/1818/1659 2247/1829/1667 3670/1781/1627
f 1992/1818/1659 3670/1781/1627 215/1791/1637
f 4706/1817/1658 5295/1831/1669 4819/1736/1585
f 4819/1736/1585 5295/1831/1669 5590/1763/1611
f 1656/1819/1660 1306/1832/1670 1992/1818/1659
f 943/1833/1671 3573/1834/1672 5295/1831/1669
f 5590/1763/1611 5295/1831/1669 1106/1765/1613
f 5295/1831/1669 3573/1834/1672 1106/1765/1613
f 3573/1834/1672 1806/1756/1604 1106/1765/1613
f 1330/1835/1673 1655/1820/1660 635/1822/1661
f 3573/1834/1672 734/1738/1587 1806/1756/1604
f 3573/1834/1672 5666/1836/1674 734/1738/1587
f 5666/1836/1674 1098/1837/1675 734/1738/1587
f 734/1738/1587 1098/1837/1675 5177/1810/1652
f 3940/1739/1588 1513/1838/1676 635/1822/1661
f 1098/1837/1675 5397/1731/1580 5177/1810/1652
f 1005/1757/1605 4557/1806/1622 6257/1792/1638
f 3940/1739/1588 350/1741/1590 1513/1838/1676
f 1098/1837/1675 4050/1839/1677 5397/1731/1580
f 1513/1838/1676 350/1741/1590 4644/1840/1598
f 5397/1731/1580 4050/1839/1677 1807/1758/1606
f 3538/1824/1663 1018/1841/1678 1514/1842/1676
f 1514/1842/1676 4643/1749/1598 3538/1824/1663
f 4050/1839/1677 5908/1843/1679 1807/1758/1606
f 1807/1758/1606 5908/1843/1679 1856/1793/1639
f 1856/1793/1639 5908/1843/1679 1228/1798/1640
f 4643/1749/1598 3682/1767/1614 3538/1824/1663
f 5908/1843/1679 3297/1844/1680 1386/1845/1681
f 1228/1798/1640 5908/1843/1679 1386/1845/1681
f 1228/1798/1640 1386/1845/1681 2897/1846/1682
f 2897/1846/1682 1386/1845/1681 4134/1847/1600
f 4134/1847/1600 1386/1845/1681 4579/1848/1683
f 4134/1847/1600 4579/1848/1683 2526/1849/1608
f 4377/1715/1568 3982/1825/1664 5038/1770/1617
f 2526/1849/1608 4579/1848/1683 1794/1850/1684
f 2526/1849/1608 1794/1850/1684 3819/1851/1685
f 4377/1715/1568 1797/1786/1632 3982/1825/1664
f 1797/1786/1632 6143/1826/1665 3982/1825/1664
f 881/1788/1634 5095/1761/1609 6144/1852/1686
f 6144/1852/1686 5095/1761/1609 4592/1853/1687
f 3819/1851/1685 1794/1850/1684 471/1854/1688
f 2852/1855/1689 3819/1851/1685 471/1854/1688
f 5095/1761/1609 2086/1746/1595 4592/1853/1687
f 2355/1856/1629 2852/1855/1689 471/1854/1688
f 2086/1746/1595 1751/1827/1666 4592/1853/1687
f 472/1857/1688 1751/1827/1666 2353/1813/1654
f 3242/1858/1690 1200/1859/1691 2247/1829/1667
f 1315/1814/1655 2247/1829/1667 1200/1859/1691
f 3825/1780/1626 419/1732/1581 3843/1697/1552
f 5984/1816/1657 4401/1860/1692 4706/1817/1658
f 3280/1830/1668 3242/1858/1690 2247/1829/1667
f 4706/1817/1658 15/1861/1693 5295/1831/1669
f 2475/1809/1651 5315/1762/1610 720/1705/1560
f 1305/1862/1670 1655/1820/1660 1330/1835/1673
f 943/1833/1671 4432/1863/1694 3573/1834/1672
f 4432/1863/1694 2250/1864/1695 3573/1834/1672
f 3573/1834/1672 2250/1864/1695 5666/1836/1674
f 1098/1837/1675 5666/1836/1674 2250/1864/1695
f 4545/1865/1696 635/1822/1661 1513/1838/1676
f 1098/1837/1675 5396/1866/1697 4050/1839/1677
f 1513/1838/1676 1019/1867/1698 4545/1865/1696
f 1965/1823/1662 2154/1868/1699 3538/1824/1663
f 1128/1869/1700 2154/1868/1699 1965/1823/1662
f 1965/1823/1662 3982/1825/1664 1128/1869/1700
f 5493/1870/1701 3503/1785/1631 310/1728/1579
f 6143/1826/1665 853/1871/1702 3982/1825/1664
f 4591/1872/1703 853/1871/1702 6143/1826/1665
f 1751/1827/1666 3448/1873/1704 4592/1853/1687
f 3448/1873/1704 1751/1827/1666 472/1857/1688
f 1315/1814/1655 1200/1859/1691 2253/1874/1705
f 5411/1875/1706 1315/1814/1655 2253/1874/1705
f 5410/1876/1706 5984/1816/1657 1316/1828/1655
f 5984/1816/1657 5410/1876/1706 4401/1860/1692
f 3801/1877/1707 419/1732/1581 3825/1780/1626
f 15/1861/1693 4706/1817/1658 4401/1860/1692
f 3280/1830/1668 1992/1818/1659 1306/1832/1670
f 15/1861/1693 943/1833/1671 5295/1831/1669
f 5922/1647/1507 5315/1762/1610 4486/1878/1708
f 1359/1879/1709 5396/1866/1697 1098/1837/1675
f 4050/1839/1677 5396/1866/1697 3831/1880/1710
f 3831/1880/1710 5908/1843/1679 4050/1839/1677
f 3297/1844/1680 5908/1843/1679 3831/1880/1710
f 2154/1868/1699 1018/1841/1678 3538/1824/1663
f 5208/1799/1644 1248/1795/1641 5499/1723/1574
f 5258/1881/1711 4579/1848/1683 1386/1845/1681
f 1386/1845/1681 3071/1882/1712 5258/1881/1711
f 4579/1848/1683 5258/1881/1711 77/1883/1713
f 4579/1848/1683 77/1883/1713 1794/1850/1684
f 3982/1825/1664 853/1871/1702 1397/1884/1714
f 4388/1885/1715 3966/1745/1594 6012/1743/1592
f 1794/1850/1684 77/1883/1713 2330/1886/1716
f 471/1854/1688 1794/1850/1684 2330/1886/1716
f 2253/1874/1705 4187/1887/1717 5411/1875/1706
f 2253/1874/1705 1200/1859/1691 4187/1887/1717
f 2027/1663/1522 5663/1808/1650 3825/1780/1626
f 3071/1882/1712 1386/1845/1681 3297/1844/1680
f 4815/1888/1718 2165/1750/1599 1248/1795/1641
f 3503/1785/1631 5493/1870/1701 2864/1724/1575
f 1397/1884/1714 1128/1869/1700 3982/1825/1664
f 3449/1889/1719 471/1854/1688 2330/1886/1716
f 1098/1837/1675 2250/1864/1695 1359/1879/1709
f 224/1734/1583 2165/1750/1599 4815/1888/1718
f 4798/1890/1720 6012/1743/1592 1576/1725/1576
f 6153/1891/1721 1005/1757/1605 1516/1764/1612
f 6153/1891/1721 1745/1892/1722 1005/1757/1605
f 3718/1721/1573 5404/1893/1723 1576/1725/1576
f 5493/1870/1701 310/1728/1579 4523/1812/1653
f 624/1894/1724 2330/1886/1716 77/1883/1713
f 3966/1745/1594 3054/1895/1725 570/1754/1602
f 4640/1896/1726 5664/1897/1727 2091/1898/1603
f 2525/1899/1728 3441/1773/1619 2904/1797/1643
f 635/1822/1661 4545/1865/1696 4183/1900/1729
f 4183/1900/1729 4545/1865/1696 1019/1867/1698
f 2310/1901/1730 1018/1841/1678 2154/1868/1699
f 368/1902/1731 3966/1745/1594 4388/1885/1715
f 5980/1903/1732 3634/1802/1647 3869/1815/1656
f 5922/1647/1507 4538/1904/1733 1516/1764/1612
f 1306/1832/1670 1331/1905/1734 414/1906/1735
f 2404/1811/1591 6155/1907/1736 2189/1740/1589
f 2262/1908/1737 3718/1721/1573 4558/1776/1622
f 4388/1885/1715 6012/1743/1592 4798/1890/1720
f 4404/1909/1738 15/1861/1693 4401/1860/1692
f 2602/1805/1649 3441/1773/1619 2525/1899/1728
f 2250/1864/1695 4432/1863/1694 6103/1910/1739
f 1005/1757/1605 1745/1892/1722 4557/1806/1622
f 2262/1908/1737 4558/1776/1622 1746/1911/1722
f 4523/1812/1653 4083/1744/1593 823/1912/1740
f 3054/1895/1725 3966/1745/1594 368/1902/1731
f 1119/1913/1741 225/1914/1742 1128/1869/1700
f 1397/1884/1714 1119/1913/1741 1128/1869/1700
f 5404/1893/1723 4798/1890/1720 1576/1725/1576
f 1119/1913/1741 1397/1884/1714 853/1871/1702
f 3679/1915/1743 5922/1647/1507 4486/1878/1708
f 2039/1720/1572 2643/1916/1744 216/1737/1586
f 3922/1775/1621 2189/1740/1589 6155/1907/1736
f 1524/1917/1745 5404/1893/1723 3718/1721/1573
f 77/1883/1713 5293/1918/1746 624/1894/1724
f 1303/1735/1584 823/1912/1740 4083/1744/1593
f 4592/1853/1687 3448/1873/1704 176/1919/1747
f 4187/1887/1717 4405/1920/1738 5411/1875/1706
f 5410/1876/1706 4404/1909/1738 4401/1860/1692
f 3242/1858/1690 4549/1921/1748 1200/1859/1691
f 1306/1832/1670 1911/1922/1749 3280/1830/1668
f 2091/1898/1603 2642/1923/1744 4640/1896/1726
f 216/1737/1586 2643/1916/1744 2092/1755/1603
f 6153/1891/1721 1516/1764/1612 4538/1904/1733
f 2856/1924/1750 1359/1879/1709 2250/1864/1695
f 1181/1925/1751 4183/1900/1729 1019/1867/1698
f 2864/1724/1575 5493/1870/1701 5208/1799/1644
f 3801/1877/1707 3869/1815/1656 419/1732/1581
f 1306/1832/1670 414/1906/1735 1911/1922/1749
f 415/1926/1735 1330/1835/1673 2508/1927/1752
f 635/1822/1661 2508/1927/1752 1330/1835/1673
f 6156/1928/1753 2403/1742/1591 224/1734/1583
f 1303/1735/1584 570/1754/1602 5045/1929/1754
f 4404/1909/1738 3481/1930/1755 15/1861/1693
f 4538/1904/1733 1745/1892/1722 6153/1891/1721
f 224/1734/1583 3950/1931/1756 6156/1928/1753
f 3950/1931/1756 224/1734/1583 4815/1888/1718
f 1200/1859/1691 3443/1932/1757 4187/1887/1717
f 4187/1887/1717 3443/1932/1757 4405/1920/1738
f 5980/1903/1732 2475/1809/1651 3634/1802/1647
f 4767/1933/1758 943/1833/1671 15/1861/1693
f 3761/1934/1759 943/1833/1671 4767/1933/1758
f 5315/1762/1610 2475/1809/1651 4486/1878/1708
f 4538/1904/1733 5922/1647/1507 3679/1915/1743
f 5045/1929/1754 570/1754/1602 3054/1895/1725
f 2602/1805/1649 2643/1916/1744 2039/1720/1572
f 2250/1864/1695 6103/1910/1739 2856/1924/1750
f 2262/1908/1737 1524/1917/1745 3718/1721/1573
f 3058/1935/1760 1303/1735/1584 5045/1929/1754
f 2330/1886/1716 624/1894/1724 6126/1936/1761
f 1248/1795/1641 1222/1937/1762 4815/1888/1718
f 3058/1935/1760 823/1912/1740 1303/1735/1584
f 854/1938/1763 4592/1853/1687 2146/1939/1764
f 3242/1858/1690 3280/1830/1668 4549/1921/1748
f 5663/1808/1650 3801/1877/1707 3825/1780/1626
f 3922/1775/1621 2525/1899/1728 2904/1797/1643
f 3950/1931/1756 4815/1888/1718 1222/1937/1762
f 943/1833/1671 6103/1910/1739 4432/1863/1694
f 6155/1907/1736 2714/1940/1765 3922/1775/1621
f 1119/1913/1741 853/1871/1702 722/1941/1766
f 4549/1921/1748 3443/1932/1757 1200/1859/1691
f 3280/1830/1668 1911/1922/1749 4549/1921/1748
f 4640/1896/1726 2642/1923/1744 802/1942/1767
f 2525/1899/1728 3922/1775/1621 2714/1940/1765
f 3269/1943/1768 2262/1908/1737 1746/1911/1722
f 722/1941/1766 225/1914/1742 1119/1913/1741
f 5035/1944/1769 3058/1935/1760 5045/1929/1754
f 3802/1945/1770 2988/1946/1771 3868/1947/1656
f 3761/1934/1759 6103/1910/1739 943/1833/1671
f 3831/1880/1710 5396/1866/1697 6185/1948/1772
f 1248/1795/1641 5208/1799/1644 1222/1937/1762
f 1524/1917/1745 5491/1949/1773 5404/1893/1723
f 4798/1890/1720 5404/1893/1723 4421/1950/1774
f 524/1951/1775 4388/1885/1715 4798/1890/1720
f 6127/1952/1761 4231/1953/1776 2331/1954/1777
f 4486/1878/1708 2475/1809/1651 2877/1955/1778
f 2508/1927/1752 635/1822/1661 4183/1900/1729
f 3831/1880/1710 6185/1948/1772 2635/1956/1779
f 1361/1957/1780 5258/1881/1711 6304/1958/1781
f 5258/1881/1711 1361/1957/1780 77/1883/1713
f 524/1951/1775 4798/1890/1720 4421/1950/1774
f 2387/1959/1782 3802/1945/1770 5664/1897/1727
f 4767/1933/1758 15/1861/1693 3481/1930/1755
f 2475/1809/1651 5980/1903/1732 2877/1955/1778
f 2154/1868/1699 1128/1869/1700 2310/1901/1730
f 5208/1799/1644 1103/1960/1783 1222/1937/1762
f 6304/1958/1781 5258/1881/1711 3071/1882/1712
f 2525/1899/1728 3229/1961/1784 2602/1805/1649
f 1157/1962/1785 1745/1892/1722 4538/1904/1733
f 6185/1948/1772 5396/1866/1697 1359/1879/1709
f 3950/1931/1756 4094/1963/1786 6156/1928/1753
f 5636/1964/1787 3297/1844/1680 3831/1880/1710
f 1222/1937/1762 873/1965/1788 3950/1931/1756
f 5035/1944/1769 823/1912/1740 3058/1935/1760
f 3229/1961/1784 2525/1899/1728 2714/1940/1765
f 5636/1964/1787 6304/1958/1781 3071/1882/1712
f 6185/1948/1772 1359/1879/1709 2856/1924/1750
f 3950/1931/1756 873/1965/1788 4094/1963/1786
f 1103/1960/1783 873/1965/1788 1222/1937/1762
f 3297/1844/1680 5636/1964/1787 3071/1882/1712
f 368/1902/1731 4388/1885/1715 524/1951/1775
f 624/1894/1724 5293/1918/1746 6126/1936/1761
f 176/1919/1747 2146/1939/1764 4592/1853/1687
f 3482/1966/1755 4405/1920/1738 1366/1967/1789
f 4640/1896/1726 1710/1968/1790 5664/1897/1727
f 2602/1805/1649 3229/1961/1784 2643/1916/1744
f 1157/1962/1785 3268/1969/1768 1745/1892/1722
f 6155/1907/1736 2476/1970/1791 2714/1940/1765
f 3443/1932/1757 1366/1967/1789 4405/1920/1738
f 2476/1970/1791 6155/1907/1736 4095/1971/1792
f 1103/1960/1783 5208/1799/1644 5493/1870/1701
f 4231/1953/1776 3448/1873/1704 2331/1954/1777
f 3482/1966/1755 1366/1967/1789 2128/1972/1793
f 4767/1933/1758 3481/1930/1755 2129/1973/1794
f 1197/1974/1795 1911/1922/1749 414/1906/1735
f 2714/1940/1765 2476/1970/1791 2693/1975/1796
f 1180/1976/1751 1018/1841/1678 2310/1901/1730
f 77/1883/1713 1361/1957/1780 5293/1918/1746
f 981/1977/1797 3443/1932/1757 4549/1921/1748
f 4549/1921/1748 1911/1922/1749 981/1977/1797
f 4889/1978/1798 2877/1955/1778 5980/1903/1732
f 5688/1979/1799 5467/1980/1800 5232/1981/1801
f 1608/1982/1802 3229/1961/1784 2714/1940/1765
f 5467/1980/1800 2970/1983/1803 5232/1981/1801
f 2476/1970/1791 5351/1984/1804 2693/1975/1796
f 5232/1981/1801 2970/1983/1803 4225/1985/1805
f 4094/1963/1786 873/1965/1788 2213/1986/1806
f 2971/1987/1803 2703/1988/1807 4226/1989/1808
f 4732/1990/1809 873/1965/1788 1103/1960/1783
f 4525/1991/1810 5491/1949/1773 1524/1917/1745
f 5294/1992/1746 4231/1953/1776 6127/1952/1761
f 176/1919/1747 3448/1873/1704 4231/1953/1776
f 981/1977/1797 1911/1922/1749 1197/1974/1795
f 5980/1903/1732 3869/1815/1656 4889/1978/1798
f 414/1906/1735 2507/1993/1811 1197/1974/1795
f 3229/1961/1784 5334/1994/1812 2643/1916/1744
f 1608/1982/1802 2714/1940/1765 2693/1975/1796
f 5351/1984/1804 2476/1970/1791 5618/1995/1813
f 2334/1996/1814 2476/1970/1791 255/1997/1815
f 255/1997/1815 2476/1970/1791 4594/1998/1816
f 2476/1970/1791 2212/1999/1817 4594/1998/1816
f 4095/1971/1792 2212/1999/1817 2476/1970/1791
f 5636/1964/1787 3831/1880/1710 2635/1956/1779
f 5231/2000/1818 4227/2001/1805 4616/2002/1819
f 4525/1991/1810 2262/1908/1737 3269/1943/1768
f 2703/1988/1807 4224/2003/1820 4226/1989/1808
f 1128/1869/1700 225/1914/1742 2310/1901/1730
f 2145/2004/1821 722/1941/1766 853/1871/1702
f 5467/1980/1800 5688/1979/1799 2348/2005/1822
f 2348/2005/1822 564/2006/1823 5467/1980/1800
f 2693/1975/1796 5351/1984/1804 1608/1982/1802
f 5467/1980/1800 564/2006/1823 2970/1983/1803
f 5618/1995/1813 2476/1970/1791 2334/1996/1814
f 255/1997/1815 5618/1995/1813 2334/1996/1814
f 255/1997/1815 4594/1998/1816 5618/1995/1813
f 4594/1998/1816 2212/1999/1817 5618/1995/1813
f 2971/1987/1803 1395/2007/1824 5132/2008/1825
f 2213/1986/1806 873/1965/1788 4732/1990/1809
f 2971/1987/1803 5132/2008/1825 2703/1988/1807
f 5137/2009/1826 4732/1990/1809 1103/1960/1783
f 1524/1917/1745 2262/1908/1737 4525/1991/1810
f 5555/2010/1827 1157/1962/1785 4538/1904/1733
f 564/2006/1823 1394/2011/1824 2970/1983/1803
f 564/2006/1823 4760/2012/1828 1394/2011/1824
f 4227/2001/1805 4750/2013/1829 4616/2002/1819
f 5137/2009/1826 1103/1960/1783 5065/2014/1830
f 5493/1870/1701 4523/1812/1653 823/1912/1740
f 5071/2015/1831 5035/1944/1769 5045/1929/1754
f 2387/1959/1782 579/2016/1832 3802/1945/1770
f 579/2016/1832 2988/1946/1771 3802/1945/1770
f 5664/1897/1727 1710/1968/1790 2387/1959/1782
f 5689/2017/1833 5230/2018/1818 5085/2019/1834
f 564/2006/1823 5352/2020/1804 4760/2012/1828
f 4759/2021/1835 5351/1984/1804 5618/1995/1813
f 4759/2021/1835 5618/1995/1813 2212/1999/1817
f 4758/2022/1828 2213/1986/1806 1395/2007/1824
f 2213/1986/1806 4732/1990/1809 1395/2007/1824
f 1395/2007/1824 4732/1990/1809 5137/2009/1826
f 1395/2007/1824 5137/2009/1826 5132/2008/1825
f 5137/2009/1826 5065/2014/1830 5132/2008/1825
f 5021/2023/1836 4226/1989/1808 4224/2003/1820
f 4224/2003/1820 2703/1988/1807 1298/2024/1837
f 3443/1932/1757 6119/2025/1838 1366/1967/1789
f 2348/2005/1822 1609/2026/1802 564/2006/1823
f 1609/2026/1802 5352/2020/1804 564/2006/1823
f 6185/1948/1772 2856/1924/1750 5300/2027/1839
f 5230/2018/1818 4615/2028/1819 5018/2029/1840
f 2642/1923/1744 5333/2030/1841 802/1942/1767
f 4538/1904/1733 3679/1915/1743 5555/2010/1827
f 4616/2002/1819 4750/2013/1829 5019/2031/1840
f 4749/2032/1842 4226/1989/1808 5021/2023/1836
f 2703/1988/1807 5132/2008/1825 1298/2024/1837
f 5065/2014/1830 1103/1960/1783 2076/2033/1843
f 1103/1960/1783 5493/1870/1701 2076/2033/1843
f 2146/1939/1764 176/1919/1747 5897/2034/1844
f 981/1977/1797 4218/2035/1845 3443/1932/1757
f 2128/1972/1793 4284/2036/1846 4768/2037/1847
f 5085/2019/1834 3780/2038/1848 5689/2017/1833
f 5018/2029/1840 5085/2019/1834 5230/2018/1818
f 1633/2039/1849 2508/1927/1752 4183/1900/1729
f 4224/2003/1820 1298/2024/1837 4330/2040/1850
f 4640/1896/1726 802/1942/1767 1710/1968/1790
f 4384/2041/1851 5555/2010/1827 3679/1915/1743
f 5688/1979/1799 3781/2042/1848 2348/2005/1822
f 3781/2042/1848 4934/2043/1852 2348/2005/1822
f 2635/1956/1779 4846/2044/1853 5636/1964/1787
f 2310/1901/1730 225/1914/1742 5581/2045/1854
f 1298/2024/1837 5132/2008/1825 3044/2046/1855
f 5132/2008/1825 5065/2014/1830 3044/2046/1855
f 909/2047/1856 4888/2048/1857 3868/1947/1656
f 4467/2049/1858 1157/1962/1785 5555/2010/1827
f 2777/2050/1859 6185/1948/1772 5300/2027/1839
f 1170/2051/1860 225/1914/1742 722/1941/1766
f 3467/2052/1861 4421/1950/1774 5404/1893/1723
f 5058/2053/1862 1366/1967/1789 6119/2025/1838
f 2988/1946/1771 909/2047/1856 3868/1947/1656
f 4285/2054/1863 3761/1934/1759 4767/1933/1758
f 3781/2042/1848 1373/2055/1864 4934/2043/1852
f 4467/2049/1858 3268/1969/1768 1157/1962/1785
f 3752/2056/1865 3268/1969/1768 4467/2049/1858
f 1401/2057/1866 4330/2040/1850 1298/2024/1837
f 2076/2033/1843 5493/1870/1701 823/1912/1740
f 4638/2058/1867 5293/1918/1746 1361/1957/1780
f 6103/1910/1739 3761/1934/1759 3256/2059/1868
f 861/2060/1869 4934/2043/1852 1373/2055/1864
f 4934/2043/1852 6043/2061/1870 2348/2005/1822
f 2076/2033/1843 3044/2046/1855 5065/2014/1830
f 5071/2015/1831 5045/1929/1754 4358/2062/1871
f 4285/2054/1863 3256/2059/1868 3761/1934/1759
f 2856/1924/1750 808/2063/1872 5300/2027/1839
f 4748/2064/1842 1208/2065/1873 5018/2029/1840
f 3529/2066/1874 2635/1956/1779 6185/1948/1772
f 4838/2067/1875 4747/2068/1842 5022/2069/1876
f 5021/2023/1836 4224/2003/1820 4330/2040/1850
f 1298/2024/1837 3044/2046/1855 1348/2070/1877
f 5334/1994/1812 3229/1961/1784 2320/2071/1878
f 1372/2072/1879 3780/2038/1848 586/2073/1880
f 861/2060/1869 6043/2061/1870 4934/2043/1852
f 5788/2074/1881 5085/2019/1834 5018/2029/1840
f 4508/2075/1882 6304/1958/1781 5636/1964/1787
f 2076/2033/1843 2701/2076/1883 3044/2046/1855
f 4421/1950/1774 6008/2077/1884 524/1951/1775
f 2128/1972/1793 1366/1967/1789 5058/2053/1862
f 1870/2078/1885 1196/2079/1795 2508/1927/1752
f 586/2073/1880 2597/2080/1886 1372/2072/1879
f 1608/1982/1802 2320/2071/1878 3229/1961/1784
f 6043/2061/1870 1609/2026/1802 2348/2005/1822
f 2310/1901/1730 5581/2045/1854 926/2081/1887
f 1401/2057/1866 1298/2024/1837 1348/2070/1877
f 4486/1878/1708 2877/1955/1778 4866/2082/1888
f 2596/2083/1889 861/2060/1869 1373/2055/1864
f 5085/2019/1834 586/2073/1880 3780/2038/1848
f 808/2063/1872 2856/1924/1750 6103/1910/1739
f 5788/2074/1881 5018/2029/1840 1208/2065/1873
f 4338/2084/1890 3269/1943/1768 3753/2085/1891
f 6229/2086/1892 5021/2023/1836 4330/2040/1850
f 5491/1949/1773 3467/2052/1861 5404/1893/1723
f 1362/2087/1893 1679/2088/1894 4637/2089/1895
f 3421/2090/1896 5035/1944/1769 5071/2015/1831
f 5045/1929/1754 3054/1895/1725 4358/2062/1871
f 1270/2091/1897 3257/2092/1868 4284/2036/1846
f 3679/1915/1743 4486/1878/1708 4866/2082/1888
f 6103/1910/1739 3256/2059/1868 1271/2093/1898
f 4838/2067/1875 1209/2094/1873 4747/2068/1842
f 4846/2044/1853 4508/2075/1882 5636/1964/1787
f 4338/2084/1890 4525/1991/1810 3269/1943/1768
f 4431/2095/1899 4330/2040/1850 1401/2057/1866
f 4525/1991/1810 1942/2096/1900 5491/1949/1773
f 4358/2062/1871 3054/1895/1725 3213/2097/1901
f 6119/2025/1838 3443/1932/1757 4218/2035/1845
f 6043/2061/1870 861/2060/1869 4274/2098/1902
f 2777/2050/1859 3529/2066/1874 6185/1948/1772
f 4846/2044/1853 2635/1956/1779 3529/2066/1874
f 3421/2090/1896 823/1912/1740 5035/1944/1769
f 2770/2099/1903 4183/1900/1729 1181/1925/1751
f 1348/2070/1877 3044/2046/1855 2701/2076/1883
f 1678/2100/1904 1361/1957/1780 6304/1958/1781
f 176/1919/1747 4231/1953/1776 4564/2101/1905
f 5058/2053/1862 4284/2036/1846 2128/1972/1793
f 4330/2040/1850 1297/2102/1906 6229/2086/1892
f 823/1912/1740 3421/2090/1896 2076/2033/1843
f 802/1942/1767 5075/2103/1907 1710/1968/1790
f 5333/2030/1841 1812/2104/1908 802/1942/1767
f 4274/2098/1902 2319/2105/1909 6043/2061/1870
f 2319/2105/1909 1609/2026/1802 6043/2061/1870
f 4846/2044/1853 6304/1958/1781 4508/2075/1882
f 1170/2051/1860 722/1941/1766 5639/2106/1910
f 6008/2077/1884 3999/2107/1911 524/1951/1775
f 4056/2108/1912 4231/1953/1776 5294/1992/1746
f 3213/2097/1901 3054/1895/1725 368/1902/1731
f 1218/2109/1913 4218/2035/1845 981/1977/1797
f 1197/1974/1795 3770/2110/1914 981/1977/1797
f 5075/2103/1907 802/1942/1767 1812/2104/1908
f 2319/2105/1909 1812/2104/1908 5333/2030/1841
f 1037/2111/1915 6069/2112/1916 4183/1900/1729
f 1209/2094/1873 4838/2067/1875 4474/2113/1917
f 1297/2102/1906 4330/2040/1850 4431/2095/1899
f 368/1902/1731 524/1951/1775 3999/2107/1911
f 2878/2114/1918 4890/2115/1798 5768/2116/1919
f 1197/1974/1795 1871/2117/1920 3770/2110/1914
f 6103/1910/1739 1271/2093/1898 6184/2118/1921
f 1633/2039/1849 1870/2078/1885 2508/1927/1752
f 808/2063/1872 6103/1910/1739 5756/2119/1922
f 4846/2044/1853 653/2120/1923 6304/1958/1781
f 3421/2090/1896 4671/2121/1924 2076/2033/1843
f 981/1977/1797 3770/2110/1914 1218/2109/1913
f 4867/2122/1888 2878/2114/1918 2196/2123/1925
f 2596/2083/1889 3289/2124/1926 861/2060/1869
f 5085/2019/1834 86/2125/1927 586/2073/1880
f 6069/2112/1916 1633/2039/1849 4183/1900/1729
f 1401/2057/1866 1348/2070/1877 5473/2126/1928
f 5294/1992/1746 4637/2089/1895 4056/2108/1912
f 4218/2035/1845 5058/2053/1862 6119/2025/1838
f 2701/2076/1883 2076/2033/1843 4671/2121/1924
f 5897/2034/1844 723/2127/1929 2146/1939/1764
f 4231/1953/1776 1840/2128/1930 4564/2101/1905
f 4384/2041/1851 3679/1915/1743 4866/2082/1888
f 5788/2074/1881 86/2125/1927 5085/2019/1834
f 4183/1900/1729 2770/2099/1903 1037/2111/1915
f 1208/2065/1873 4473/2129/1917 5788/2074/1881
f 2769/2130/1903 1180/1976/1751 2310/1901/1730
f 926/2081/1887 2769/2130/1903 2310/1901/1730
f 4901/2131/1931 6304/1958/1781 653/2120/1923
f 3571/2132/1932 4838/2067/1875 5022/2069/1876
f 1678/2100/1904 6304/1958/1781 4901/2131/1931
f 5897/2034/1844 176/1919/1747 4564/2101/1905
f 3276/2133/1933 1270/2091/1897 4284/2036/1846
f 651/2134/1934 4901/2131/1931 653/2120/1923
f 2701/2076/1883 1947/2135/1935 1348/2070/1877
f 5625/2136/1936 225/1914/1742 1170/2051/1860
f 909/2047/1856 358/2137/1937 4888/2048/1857
f 1710/1968/1790 3367/2138/1938 2387/1959/1782
f 4940/2139/1939 4467/2049/1858 5555/2010/1827
f 6184/2118/1921 5756/2119/1922 6103/1910/1739
f 586/2073/1880 86/2125/1927 3344/2140/1940
f 5300/2027/1839 2051/2141/1941 2777/2050/1859
f 5998/2142/1942 653/2120/1923 4846/2044/1853
f 5998/2142/1942 652/2143/1943 653/2120/1923
f 225/1914/1742 5625/2136/1936 5581/2045/1854
f 3999/2107/1911 3213/2097/1901 368/1902/1731
f 579/2016/1832 3743/2144/1944 2988/1946/1771
f 3743/2144/1944 909/2047/1856 2988/1946/1771
f 579/2016/1832 2387/1959/1782 3367/2138/1938
f 1812/2104/1908 2319/2105/1909 3725/2145/1945
f 3725/2145/1945 2319/2105/1909 4274/2098/1902
f 1870/2078/1885 1633/2039/1849 6069/2112/1916
f 5300/2027/1839 808/2063/1872 2051/2141/1941
f 2051/2141/1941 1540/2146/1946 2777/2050/1859
f 1540/2146/1946 3529/2066/1874 2777/2050/1859
f 5998/2142/1942 4901/2131/1931 651/2134/1934
f 5638/2147/1910 723/2127/1929 5897/2034/1844
f 2196/2123/1925 2878/2114/1918 5768/2116/1919
f 2183/2148/1947 4467/2049/1858 4940/2139/1939
f 586/2073/1880 3344/2140/1940 2597/2080/1886
f 565/2149/1948 5788/2074/1881 4473/2129/1917
f 3915/2150/1949 5998/2142/1942 4846/2044/1853
f 4474/2113/1917 4838/2067/1875 1979/2151/1950
f 5001/2152/1951 5021/2023/1836 6229/2086/1892
f 4056/2108/1912 1840/2128/1930 4231/1953/1776
f 2051/2141/1941 808/2063/1872 4983/2153/1952
f 2051/2141/1941 763/2154/1953 1540/2146/1946
f 763/2154/1953 5960/2155/1954 1540/2146/1946
f 5960/2155/1954 3529/2066/1874 1540/2146/1946
f 5960/2155/1954 4846/2044/1853 3529/2066/1874
f 1979/2151/1950 4838/2067/1875 3571/2132/1932
f 3914/2156/1949 4900/2157/1955 5999/2158/1956
f 5001/2152/1951 6229/2086/1892 1297/2102/1906
f 1947/2135/1935 2701/2076/1883 4671/2121/1924
f 1170/2051/1860 1152/2159/1957 5625/2136/1936
f 4525/1991/1810 3427/2160/1958 1942/2096/1900
f 1152/2159/1957 1170/2051/1860 5639/2106/1910
f 5768/2116/1919 4890/2115/1798 357/2161/1959
f 4025/2162/1960 3915/2150/1949 4846/2044/1853
f 4431/2095/1899 1401/2057/1866 5473/2126/1928
f 3427/2160/1958 4525/1991/1810 4338/2084/1890
f 357/2161/1959 2542/2163/1961 5768/2116/1919
f 1710/1968/1790 5075/2103/1907 3367/2138/1938
f 4274/2098/1902 6228/2164/1962 3725/2145/1945
f 2051/2141/1941 2452/2165/1963 763/2154/1953
f 4025/2162/1960 4846/2044/1853 5960/2155/1954
f 5642/2166/1964 6008/2077/1884 4421/1950/1774
f 1645/2167/1965 3421/2090/1896 5071/2015/1831
f 1270/2091/1897 2037/2168/1966 6183/2169/1967
f 3806/2170/1968 5788/2074/1881 565/2149/1948
f 2051/2141/1941 4983/2153/1952 2785/2171/1969
f 2786/2172/1970 5380/2173/1971 2050/2174/1972
f 3570/2175/1973 5021/2023/1836 5001/2152/1951
f 5912/2176/1974 5625/2136/1936 1152/2159/1957
f 1152/2159/1957 5639/2106/1910 5912/2176/1974
f 4519/2177/1975 5223/2178/1976 4056/2108/1912
f 4519/2177/1975 4056/2108/1912 4637/2089/1895
f 5223/2178/1976 1840/2128/1930 4056/2108/1912
f 1218/2109/1913 2743/2179/1977 4218/2035/1845
f 3770/2110/1914 5030/2180/1978 2524/2181/1979
f 4284/2036/1846 5058/2053/1862 3276/2133/1933
f 1871/2117/1920 5030/2180/1978 3770/2110/1914
f 795/2182/1980 3990/2183/1981 2596/2083/1889
f 3990/2183/1981 3289/2124/1926 2596/2083/1889
f 6228/2164/1962 4274/2098/1902 861/2060/1869
f 808/2063/1872 2785/2171/1969 4983/2153/1952
f 5960/2155/1954 402/2184/1982 4025/2162/1960
f 4431/2095/1899 342/2185/1983 3849/2186/1984
f 4431/2095/1899 1175/2187/1985 342/2185/1983
f 5912/2176/1974 5639/2106/1910 1694/2188/1986
f 2886/2189/1987 4637/2089/1895 1679/2088/1894
f 2200/2190/1988 4519/2177/1975 4637/2089/1895
f 2709/2191/1989 1840/2128/1930 5223/2178/1976
f 1270/2091/1897 3276/2133/1933 1539/2192/1990
f 2037/2168/1966 1161/2193/1991 6183/2169/1967
f 3806/2170/1968 1179/2194/1992 5788/2074/1881
f 5380/2173/1971 2451/2195/1963 2050/2174/1972
f 2183/2148/1947 3752/2056/1865 4467/2049/1858
f 3916/2196/1949 4024/2197/1993 5115/2198/1994
f 3353/2199/1995 4900/2157/1955 3914/2156/1949
f 5002/2200/1996 1296/2201/1997 461/2202/1998
f 4431/2095/1899 5473/2126/1928 1175/2187/1985
f 2743/2179/1977 257/2203/1999 4218/2035/1845
f 4218/2035/1845 257/2203/1999 5058/2053/1862
f 3770/2110/1914 2524/2181/1979 1218/2109/1913
f 2196/2123/1925 5855/2204/2000 4867/2122/1888
f 2037/2168/1966 1270/2091/1897 2013/2205/2001
f 795/2182/1980 2596/2083/1889 5089/2206/2002
f 5088/2207/2002 2597/2080/1886 3344/2140/1940
f 1179/2194/1992 86/2125/1927 5788/2074/1881
f 1037/2111/1915 330/2208/2003 6069/2112/1916
f 60/2209/2004 5960/2155/1954 763/2154/1953
f 4900/2157/1955 3353/2199/1995 1679/2088/1894
f 5690/2210/2005 1947/2135/1935 4671/2121/1924
f 4421/1950/1774 3467/2052/1861 5642/2166/1964
f 3323/2211/2006 241/2212/2007 5638/2147/1910
f 2709/2191/1989 4564/2101/1905 1840/2128/1930
f 2524/2181/1979 2743/2179/1977 1218/2109/1913
f 3990/2183/1981 3852/2213/2008 3289/2124/1926
f 5626/2214/2009 1870/2078/1885 6069/2112/1916
f 5757/2215/1922 2698/2216/2010 807/2217/1872
f 2452/2165/1963 60/2209/2004 763/2154/1953
f 1297/2102/1906 4431/2095/1899 6123/2218/2011
f 5473/2126/1928 1348/2070/1877 1947/2135/1935
f 4431/2095/1899 3849/2186/1984 6123/2218/2011
f 261/2219/2012 5625/2136/1936 5912/2176/1974
f 2708/2220/2013 5897/2034/1844 4564/2101/1905
f 5058/2053/1862 257/2203/1999 3276/2133/1933
f 1539/2192/1990 2013/2205/2001 1270/2091/1897
f 2013/2205/2001 2674/2221/2014 2037/2168/1966
f 1161/2193/1991 5757/2215/1922 6183/2169/1967
f 2698/2216/2010 5757/2215/1922 1161/2193/1991
f 3990/2183/1981 1515/2222/2015 3852/2213/2008
f 3289/2124/1926 3852/2213/2008 861/2060/1869
f 3344/2140/1940 86/2125/1927 1179/2194/1992
f 565/2149/1948 4473/2129/1917 93/2223/2016
f 1285/2224/2017 1486/2225/2018 6069/2112/1916
f 1486/2225/2018 1285/2224/2017 803/2226/2019
f 6069/2112/1916 803/2226/2019 1285/2224/2017
f 4024/2197/1993 401/2227/1982 5115/2198/1994
f 926/2081/1887 4300/2228/2020 1448/2229/2021
f 926/2081/1887 5581/2045/1854 4300/2228/2020
f 5625/2136/1936 261/2219/2012 5581/2045/1854
f 2886/2189/1987 1679/2088/1894 1466/2230/2022
f 5223/2178/1976 4519/2177/1975 3793/2231/2023
f 5223/2178/1976 3793/2231/2023 1906/2232/2024
f 1936/2233/2025 3323/2211/2006 5638/2147/1910
f 1936/2233/2025 5638/2147/1910 5897/2034/1844
f 2709/2191/1989 2708/2220/2013 4564/2101/1905
f 2542/2163/1961 2196/2123/1925 5768/2116/1919
f 5856/2234/2026 4384/2041/1851 4866/2082/1888
f 5030/2180/1978 1871/2117/1920 5627/2235/2009
f 2674/2221/2014 1161/2193/1991 2037/2168/1966
f 330/2208/2003 803/2226/2019 6069/2112/1916
f 1037/2111/1915 2770/2099/1903 330/2208/2003
f 401/2227/1982 5959/2236/2027 61/2237/2028
f 3916/2196/1949 5115/2198/1994 3352/2238/1995
f 3990/2183/1981 795/2182/1980 1816/2239/2029
f 1703/2240/2030 795/2182/1980 5089/2206/2002
f 1812/2104/1908 3725/2145/1945 1865/2241/2031
f 6228/2164/1962 1865/2241/2031 3725/2145/1945
f 3219/2242/2032 4474/2113/1917 1979/2151/1950
f 3321/2243/2033 1979/2151/1950 3571/2132/1932
f 6123/2218/2011 3849/2186/1984 5752/2244/2034
f 5912/2176/1974 1261/2245/2035 261/2219/2012
f 5473/2126/1928 2937/2246/2036 1175/2187/1985
f 578/2247/2037 5642/2166/1964 3467/2052/1861
f 5843/2248/2038 3421/2090/1896 1645/2167/1965
f 4370/2249/2039 4519/2177/1975 2200/2190/1988
f 861/2060/1869 3852/2213/2008 6228/2164/1962
f 1486/2225/2018 5626/2214/2009 6069/2112/1916
f 2697/2250/2010 2786/2172/1970 809/2251/1872
f 4576/2252/2040 2769/2130/1903 1448/2229/2021
f 3219/2242/2032 1075/2253/2041 4474/2113/1917
f 1448/2229/2021 2769/2130/1903 926/2081/1887
f 5581/2045/1854 261/2219/2012 4300/2228/2020
f 463/2254/1998 1297/2102/1906 6123/2218/2011
f 5473/2126/1928 1947/2135/1935 3808/2255/2042
f 1466/2230/2022 1679/2088/1894 3353/2199/1995
f 3952/2256/2043 3467/2052/1861 5491/1949/1773
f 2200/2190/1988 4637/2089/1895 2886/2189/1987
f 773/2257/2044 3999/2107/1911 6008/2077/1884
f 5897/2034/1844 2708/2220/2013 1936/2233/2025
f 4354/2258/2045 3344/2140/1940 1179/2194/1992
f 2769/2130/1903 4576/2252/2040 1896/2259/2046
f 3753/2085/1891 2563/2260/2047 4338/2084/1890
f 1175/2187/1985 2342/2261/2048 342/2185/1983
f 5843/2248/2038 4671/2121/1924 3421/2090/1896
f 240/2262/2049 1694/2188/1986 5639/2106/1910
f 773/2257/2044 6008/2077/1884 5642/2166/1964
f 1906/2232/2024 2709/2191/1989 5223/2178/1976
f 1515/2222/2015 3990/2183/1981 1816/2239/2029
f 61/2237/2028 2451/2195/1963 5380/2173/1971
f 1897/2263/2050 330/2208/2003 2770/2099/1903
f 1075/2253/2041 92/2264/2016 4474/2113/1917
f 1261/2245/2035 5912/2176/1974 391/2265/2051
f 2342/2261/2048 1175/2187/1985 2937/2246/2036
f 3849/2186/1984 342/2185/1983 485/2266/2052
f 3427/2160/1958 3952/2256/2043 1942/2096/1900
f 3793/2231/2023 4519/2177/1975 4370/2249/2039
f 2743/2179/1977 5102/2267/2053 257/2203/1999
f 2743/2179/1977 3872/2268/2054 5102/2267/2053
f 257/2203/1999 5102/2267/2053 4058/2269/2055
f 2743/2179/1977 2524/2181/1979 3872/2268/2054
f 257/2203/1999 4058/2269/2055 1574/2270/2056
f 2524/2181/1979 4213/2271/2057 3872/2268/2054
f 2524/2181/1979 2455/2272/2058 4213/2271/2057
f 257/2203/1999 1574/2270/2056 3276/2133/1933
f 2524/2181/1979 5030/2180/1978 2455/2272/2058
f 5030/2180/1978 870/2273/2059 2455/2272/2058
f 1574/2270/2056 6190/2274/2060 3276/2133/1933
f 3276/2133/1933 6190/2274/2060 1539/2192/1990
f 5030/2180/1978 1184/2275/2061 870/2273/2059
f 6190/2274/2060 2013/2205/2001 1539/2192/1990
f 5030/2180/1978 5627/2235/2009 1184/2275/2061
f 5627/2235/2009 4130/2276/2062 1184/2275/2061
f 1161/2193/1991 2674/2221/2014 2698/2216/2010
f 2674/2221/2014 5053/2277/2063 2698/2216/2010
f 5626/2214/2009 2388/2278/2064 4129/2279/2062
f 5626/2214/2009 1486/2225/2018 2388/2278/2064
f 2697/2250/2010 5054/2280/2063 2786/2172/1970
f 5054/2280/2063 698/2281/2065 2786/2172/1970
f 698/2281/2065 5380/2173/1971 2786/2172/1970
f 637/2282/2066 4576/2252/2040 5201/2283/2067
f 4576/2252/2040 1448/2229/2021 5201/2283/2067
f 1845/2284/2068 5115/2198/1994 401/2227/1982
f 3321/2243/2033 3219/2242/2032 1979/2151/1950
f 1448/2229/2021 4300/2228/2020 2832/2285/2069
f 5115/2198/1994 1845/2284/2068 5453/2286/2070
f 1845/2284/2068 768/2287/2071 5453/2286/2070
f 2832/2285/2069 4300/2228/2020 942/2288/2072
f 5115/2198/1994 5453/2286/2070 3352/2238/1995
f 5454/2289/2073 5236/2290/2074 3353/2199/1995
f 4300/2228/2020 261/2219/2012 942/2288/2072
f 942/2288/2072 261/2219/2012 1261/2245/2035
f 5236/2290/2074 1466/2230/2022 3353/2199/1995
f 5236/2290/2074 2886/2189/1987 1466/2230/2022
f 5236/2290/2074 2966/2291/2075 2886/2189/1987
f 1694/2188/1986 391/2265/2051 5912/2176/1974
f 2966/2291/2075 5179/2292/2076 2886/2189/1987
f 5179/2292/2076 2200/2190/1988 2886/2189/1987
f 4829/2293/2077 1694/2188/1986 240/2262/2049
f 5179/2292/2076 4370/2249/2039 2200/2190/1988
f 4828/2294/2077 241/2212/2007 3323/2211/2006
f 3323/2211/2006 1936/2233/2025 4701/2295/2078
f 1906/2232/2024 3233/2296/2079 2709/2191/1989
f 4701/2295/2078 1936/2233/2025 4021/2297/2080
f 5857/2298/2081 4021/2297/2080 2708/2220/2013
f 5857/2298/2081 2708/2220/2013 3232/2299/2082
f 2708/2220/2013 4021/2297/2080 1936/2233/2025
f 3232/2299/2082 2708/2220/2013 3233/2296/2079
f 2709/2191/1989 3233/2296/2079 2708/2220/2013
f 3367/2138/1938 5075/2103/1907 6137/2300/2083
f 5555/2010/1827 4384/2041/1851 522/2301/2084
f 193/2302/2085 2183/2148/1947 4940/2139/1939
f 803/2226/2019 330/2208/2003 1269/2303/2086
f 330/2208/2003 1897/2263/2050 1269/2303/2086
f 1269/2303/2086 1897/2263/2050 2372/2304/2087
f 1075/2253/2041 5694/2305/2088 92/2264/2016
f 2371/2306/2089 1896/2259/2046 637/2282/2066
f 1896/2259/2046 4576/2252/2040 637/2282/2066
f 5201/2283/2067 1448/2229/2021 2832/2285/2069
f 3219/2242/2032 3321/2243/2033 3134/2307/2090
f 3320/2308/2091 3572/2309/2092 3135/2310/2090
f 463/2254/1998 6123/2218/2011 938/2311/2093
f 244/2312/2094 3849/2186/1984 485/2266/2052
f 485/2266/2052 342/2185/1983 2342/2261/2048
f 1942/2096/1900 3952/2256/2043 5491/1949/1773
f 795/2182/1980 5367/2313/2095 1816/2239/2029
f 230/2314/2096 4383/2315/1851 5855/2204/2000
f 2260/2316/2097 2013/2205/2001 5451/2317/2098
f 5496/2318/2099 5088/2207/2002 3344/2140/1940
f 4396/2319/2100 4129/2279/2062 2388/2278/2064
f 4944/2320/2101 5380/2173/1971 698/2281/2065
f 3963/2321/2102 61/2237/2028 5380/2173/1971
f 637/2282/2066 5201/2283/2067 195/2322/2103
f 195/2322/2103 5201/2283/2067 2832/2285/2069
f 1075/2253/2041 3219/2242/2032 3134/2307/2090
f 1969/2323/2104 3355/2324/2105 3053/2325/2106
f 4213/2271/2057 2121/2326/2107 3872/2268/2054
f 4605/2327/2108 1574/2270/2056 4058/2269/2055
f 1116/2328/2109 2542/2163/1961 357/2161/1959
f 2455/2272/2058 870/2273/2059 2651/2329/2110
f 672/2330/2111 6190/2274/2060 1574/2270/2056
f 4941/2331/2112 5855/2204/2000 2196/2123/1925
f 1443/2332/2113 2013/2205/2001 6190/2274/2060
f 1443/2332/2113 5451/2317/2098 2013/2205/2001
f 1184/2275/2061 4130/2276/2062 4529/2333/2114
f 2674/2221/2014 1857/2334/2115 5053/2277/2063
f 2905/2335/2116 2890/2336/2117 5025/2337/2118
f 2563/2260/2047 3753/2085/1891 2184/2338/1947
f 3702/2339/2119 942/2288/2072 1261/2245/2035
f 2252/2340/2120 1694/2188/1986 4829/2293/2077
f 5049/2341/2121 1906/2232/2024 3793/2231/2023
f 5071/2015/1831 598/2342/2122 1645/2167/1965
f 5970/2343/2123 3414/2344/2124 3233/2296/2079
f 3172/2345/2125 4021/2297/2080 5857/2298/2081
f 954/2346/2126 3285/2347/2127 5406/2348/2128
f 1969/2323/2104 2335/2349/2129 3355/2324/2105
f 51/2350/2130 4058/2269/2055 5102/2267/2053
f 2455/2272/2058 2121/2326/2107 4213/2271/2057
f 2853/2351/2131 6299/2352/2132 1574/2270/2056
f 672/2330/2111 1574/2270/2056 6299/2352/2132
f 5088/2207/2002 4624/2353/2133 1702/2354/2030
f 6228/2164/1962 3852/2213/2008 1515/2222/2015
f 4529/2333/2114 4130/2276/2062 4397/2355/2134
f 2832/2285/2069 942/2288/2072 6270/2356/2135
f 938/2311/2093 6123/2218/2011 5752/2244/2034
f 598/2342/2122 5071/2015/1831 4358/2062/1871
f 5857/2298/2081 3232/2299/2082 572/2357/2136
f 3872/2268/2054 2121/2326/2107 4092/2358/2137
f 4941/2331/2112 2196/2123/1925 2542/2163/1961
f 565/2149/1948 5548/2359/2138 3806/2170/1968
f 2674/2221/2014 3290/2360/2139 1857/2334/2115
f 5548/2359/2138 565/2149/1948 93/2223/2016
f 5548/2359/2138 93/2223/2016 5691/2361/2140
f 109/2362/2141 1486/2225/2018 803/2226/2019
f 3963/2321/2102 5380/2173/1971 4944/2320/2101
f 803/2226/2019 1269/2303/2086 2506/2363/2142
f 637/2282/2066 195/2322/2103 1769/2364/2143
f 5473/2126/1928 3808/2255/2042 2937/2246/2036
f 5006/2365/2144 4358/2062/1871 3213/2097/1901
f 954/2346/2126 2836/2366/2145 3285/2347/2127
f 579/2016/1832 3367/2138/1938 3743/2144/1944
f 2853/2351/2131 1574/2270/2056 4605/2327/2108
f 6190/2274/2060 672/2330/2111 5673/2367/2146
f 795/2182/1980 1703/2240/2030 5367/2313/2095
f 2674/2221/2014 2013/2205/2001 2260/2316/2097
f 3930/2368/2147 1179/2194/1992 3806/2170/1968
f 2305/2369/2148 3135/2310/2090 3572/2309/2092
f 866/2370/2149 2966/2291/2075 5236/2290/2074
f 4370/2249/2039 5179/2292/2076 5424/2371/2150
f 3233/2296/2079 1906/2232/2024 5970/2343/2123
f 3356/2372/2151 3346/2373/2152 4424/2374/2153
f 5367/2313/2095 1703/2240/2030 1842/2375/2154
f 1816/2239/2029 2448/2376/2155 1515/2222/2015
f 2651/2329/2110 870/2273/2059 4724/2377/2156
f 4940/2139/1939 5555/2010/1827 522/2301/2084
f 6228/2164/1962 1515/2222/2015 5612/2378/2157
f 4624/2353/2133 5088/2207/2002 5496/2318/2099
f 2505/2379/2158 2371/2306/2089 637/2282/2066
f 1947/2135/1935 5690/2210/2005 5375/2380/2159
f 4577/2381/2160 3702/2339/2119 1261/2245/2035
f 889/2382/2161 1438/2383/2162 2966/2291/2075
f 4606/2384/2163 2342/2261/2048 2937/2246/2036
f 4971/2385/2164 3952/2256/2043 3427/2160/1958
f 3467/2052/1861 3952/2256/2043 578/2247/2037
f 5857/2298/2081 572/2357/2136 573/2386/2165
f 2163/2387/2166 954/2346/2126 5406/2348/2128
f 4894/2388/2167 2163/2387/2166 5406/2348/2128
f 4894/2388/2167 5406/2348/2128 3285/2347/2127
f 2335/2349/2129 5853/2389/2168 3355/2324/2105
f 4092/2358/2137 5102/2267/2053 3872/2268/2054
f 5367/2313/2095 1792/2390/2169 1816/2239/2029
f 6190/2274/2060 5673/2367/2146 1443/2332/2113
f 4457/2391/2170 1184/2275/2061 4529/2333/2114
f 2260/2316/2097 3290/2360/2139 2674/2221/2014
f 4354/2258/2045 1179/2194/1992 3930/2368/2147
f 1486/2225/2018 4396/2319/2100 2388/2278/2064
f 2506/2363/2142 1269/2303/2086 2372/2304/2087
f 2905/2335/2116 5025/2337/2118 4276/2392/2171
f 2832/2285/2069 6270/2356/2135 195/2322/2103
f 5439/2393/2172 768/2287/2071 1845/2284/2068
f 1844/2394/2173 867/2395/2174 5235/2396/2175
f 3808/2255/2042 1947/2135/1935 5375/2380/2159
f 3808/2255/2042 3527/2397/2176 2937/2246/2036
f 4370/2249/2039 3842/2398/2177 3793/2231/2023
f 6193/2399/2178 3172/2345/2125 5857/2298/2081
f 496/2400/2179 2163/2387/2166 3309/2401/2180
f 2163/2387/2166 3957/2402/2181 954/2346/2126
f 6258/2403/2182 1969/2323/2104 3053/2325/2106
f 5853/2389/2168 3345/2404/2183 3355/2324/2105
f 3052/2405/2106 3356/2372/2151 5601/2406/2184
f 4424/2374/2153 5601/2406/2184 3356/2372/2151
f 2455/2272/2058 3580/2407/2185 2121/2326/2107
f 2651/2329/2110 3580/2407/2185 2455/2272/2058
f 6137/2300/2083 5075/2103/1907 2472/2408/2186
f 2472/2408/2186 5075/2103/1907 1812/2104/1908
f 4944/2320/2101 698/2281/2065 5054/2280/2063
f 3572/2309/2092 5002/2200/1996 461/2202/1998
f 391/2265/2051 1694/2188/1986 2252/2340/2120
f 2251/2409/2187 4828/2294/2077 948/2410/2188
f 3793/2231/2023 3842/2398/2177 1140/2411/2189
f 5049/2341/2121 3793/2231/2023 3262/2412/2190
f 3172/2345/2125 4701/2295/2078 4021/2297/2080
f 3285/2347/2127 2836/2366/2145 5978/2413/2191
f 1969/2323/2104 1970/2414/2192 2335/2349/2129
f 3052/2405/2106 5601/2406/2184 6121/2415/2193
f 397/2416/2194 2265/2417/2195 5025/2337/2118
f 397/2416/2194 5025/2337/2118 2890/2336/2117
f 2905/2335/2116 1624/2418/2196 2361/2419/2197
f 5453/2286/2070 768/2287/2071 1844/2394/2173
f 5453/2286/2070 1844/2394/2173 5235/2396/2175
f 4577/2381/2160 1261/2245/2035 391/2265/2051
f 485/2266/2052 2342/2261/2048 1548/2420/2198
f 948/2410/2188 4828/2294/2077 3323/2211/2006
f 4701/2295/2078 1619/2421/2199 3323/2211/2006
f 164/2422/2200 4701/2295/2078 3172/2345/2125
f 5970/2343/2123 5340/2423/2201 3414/2344/2124
f 3232/2299/2082 3233/2296/2079 5340/2423/2201
f 1808/2424/2202 3957/2402/2181 496/2400/2179
f 3957/2402/2181 2163/2387/2166 496/2400/2179
f 2163/2387/2166 4894/2388/2167 3309/2401/2180
f 4092/2358/2137 2960/2425/2203 5102/2267/2053
f 5102/2267/2053 2960/2425/2203 51/2350/2130
s 0
f 4093/2426/2204 3873/2427/2204 3924/2428/2204
s 1
f 1816/2239/2029 1792/2390/2169 2448/2376/2155
f 2506/2363/2142 109/2362/2141 803/2226/2019
f 3287/2429/2205 637/2282/2066 1769/2364/2143
f 5694/2305/2088 1075/2253/2041 3134/2307/2090
f 889/2382/2161 2966/2291/2075 866/2370/2149
f 2966/2291/2075 1438/2383/2162 4155/2430/2206
f 2966/2291/2075 2299/2431/2207 5179/2292/2076
f 5751/2432/2208 3848/2433/2209 245/2434/2094
f 4061/2435/2210 245/2434/2094 486/2436/2211
f 164/2422/2200 1619/2421/2199 4701/2295/2078
f 5904/2437/2212 1906/2232/2024 5049/2341/2121
f 496/2400/2179 3309/2401/2180 2736/2438/2213
f 3285/2347/2127 999/2439/2214 4894/2388/2167
f 3346/2373/2152 6195/2440/2215 4424/2374/2153
f 51/2350/2130 4605/2327/2108 4058/2269/2055
f 1842/2375/2154 1703/2240/2030 4623/2441/2216
f 1486/2225/2018 109/2362/2141 4396/2319/2100
f 2505/2379/2158 637/2282/2066 3287/2429/2205
f 484/2442/2217 2905/2335/2116 2361/2419/2197
f 5439/2393/2172 1845/2284/2068 401/2227/1982
f 541/2443/2218 5375/2380/2159 5690/2210/2005
f 3719/2444/2219 4338/2084/1890 2563/2260/2047
f 2937/2246/2036 3527/2397/2176 4606/2384/2163
f 2299/2431/2207 5424/2371/2150 5179/2292/2076
f 2342/2261/2048 4606/2384/2163 2001/2445/2220
f 5424/2371/2150 3842/2398/2177 4370/2249/2039
f 1140/2411/2189 3262/2412/2190 3793/2231/2023
f 5049/2341/2121 3262/2412/2190 5904/2437/2212
f 3999/2107/1911 773/2257/2044 923/2446/2221
f 5970/2343/2123 1906/2232/2024 5904/2437/2212
f 598/2342/2122 4358/2062/1871 5006/2365/2144
f 572/2357/2136 3232/2299/2082 5340/2423/2201
f 999/2439/2214 3285/2347/2127 4042/2447/2222
f 3346/2373/2152 2520/2448/2223 6195/2440/2215
f 1312/2449/2224 358/2137/1937 909/2047/1856
f 3367/2138/1938 3773/2450/2225 3743/2144/1944
f 1841/2451/2154 4908/2452/2226 5368/2453/2227
f 4724/2377/2156 1184/2275/2061 4457/2391/2170
f 1184/2275/2061 4724/2377/2156 870/2273/2059
f 5110/2454/2228 5451/2317/2098 1443/2332/2113
f 5054/2280/2063 1859/2455/2229 4944/2320/2101
f 4276/2392/2171 5025/2337/2118 2265/2417/2195
f 4276/2392/2171 3244/2456/2230 2905/2335/2116
f 4155/2430/2206 1438/2383/2162 889/2382/2161
f 4306/2457/2231 245/2434/2094 4061/2435/2210
f 4061/2435/2210 486/2436/2211 1360/2458/2232
f 1360/2458/2232 486/2436/2211 1549/2459/2198
f 4639/2460/2233 3323/2211/2006 1619/2421/2199
f 5340/2423/2201 3233/2296/2079 3414/2344/2124
f 923/2446/2221 3213/2097/1901 3999/2107/1911
f 2736/2438/2213 3582/2461/2234 496/2400/2179
f 3582/2461/2234 1808/2424/2202 496/2400/2179
f 5853/2389/2168 2335/2349/2129 3681/2462/2235
f 5601/2406/2184 4424/2374/2153 6089/2463/2236
f 2853/2351/2131 1216/2464/2237 6299/2352/2132
f 4298/2465/2238 4624/2353/2133 5496/2318/2099
f 4276/2392/2171 2265/2417/2195 5399/2466/2239
f 3244/2456/2230 1624/2418/2196 2905/2335/2116
f 3244/2456/2230 2361/2419/2197 1624/2418/2196
f 942/2288/2072 3702/2339/2119 6270/2356/2135
f 2252/2340/2120 4577/2381/2160 391/2265/2051
f 3719/2444/2219 3427/2160/1958 4338/2084/1890
f 5444/2467/2240 5751/2432/2208 245/2434/2094
f 1548/2420/2198 2342/2261/2048 4060/2468/2241
f 948/2410/2188 3323/2211/2006 4639/2460/2233
f 573/2386/2165 6193/2399/2178 5857/2298/2081
f 4463/2469/2242 2736/2438/2213 3309/2401/2180
f 6258/2403/2182 134/2470/2243 1969/2323/2104
f 4954/2471/2244 4618/2472/2245 3559/2473/2246
f 4954/2471/2244 3559/2473/2246 4772/2474/2247
f 3559/2473/2246 1365/2475/2248 4772/2474/2247
f 2485/2476/2249 1116/2328/2109 357/2161/1959
f 1515/2222/2015 2448/2376/2155 5612/2378/2157
f 5110/2454/2228 2260/2316/2097 5451/2317/2098
f 1812/2104/1908 1865/2241/2031 2472/2408/2186
f 5439/2393/2172 1844/2394/2173 768/2287/2071
f 2305/2369/2148 3572/2309/2092 461/2202/1998
f 4671/2121/1924 5843/2248/2038 5690/2210/2005
f 4155/2430/2206 2299/2431/2207 2966/2291/2075
f 4531/2477/2250 2949/2478/2251 201/2479/2252
f 201/2479/2252 2949/2478/2251 2976/2480/2253
f 2976/2480/2253 2949/2478/2251 3098/2481/2254
f 2949/2478/2251 1988/2482/2255 3098/2481/2254
f 3900/2483/2256 2749/2484/2257 3098/2481/2254
f 1808/2424/2202 3582/2461/2234 2240/2485/2258
f 6089/2463/2236 6121/2415/2193 5601/2406/2184
f 2302/2486/2259 2520/2448/2223 3346/2373/2152
f 6195/2440/2215 5238/2487/2260 4424/2374/2153
f 4954/2471/2244 6281/2488/2261 4618/2472/2245
f 672/2330/2111 6299/2352/2132 1216/2464/2237
f 522/2301/2084 4627/2489/2262 4940/2139/1939
f 5444/2467/2240 245/2434/2094 4306/2457/2231
f 4148/2490/2263 5642/2166/1964 578/2247/2037
f 1360/2458/2232 1549/2459/2198 4061/2435/2210
f 4148/2490/2263 773/2257/2044 5642/2166/1964
f 5006/2365/2144 3213/2097/1901 2290/2491/2264
f 180/2492/2265 4531/2477/2250 201/2479/2252
f 4763/2493/2266 201/2479/2252 2976/2480/2253
f 4531/2477/2250 1953/2494/2267 2949/2478/2251
f 2976/2480/2253 3098/2481/2254 2749/2484/2257
f 3098/2481/2254 4936/2495/2268 3900/2483/2256
f 1309/2496/2269 3900/2483/2256 4936/2495/2268
f 3900/2483/2256 1309/2496/2269 3582/2461/2234
f 3900/2483/2256 3582/2461/2234 2736/2438/2213
f 4042/2447/2222 3285/2347/2127 5978/2413/2191
f 134/2470/2243 1970/2414/2192 1969/2323/2104
f 4424/2374/2153 5238/2487/2260 6089/2463/2236
f 5238/2487/2260 6195/2440/2215 6281/2488/2261
f 4772/2474/2247 1365/2475/2248 5840/2497/2270
f 1778/2498/2271 1365/2475/2248 3559/2473/2246
f 5706/2499/2272 1365/2475/2248 78/2500/2273
f 2853/2351/2131 4605/2327/2108 51/2350/2130
f 2121/2326/2107 3580/2407/2185 4092/2358/2137
f 2853/2351/2131 51/2350/2130 1216/2464/2237
f 2960/2425/2203 5611/2501/2274 51/2350/2130
f 672/2330/2111 1216/2464/2237 5673/2367/2146
f 1792/2390/2169 2683/2502/2275 2448/2376/2155
f 51/2350/2130 1159/2503/2276 1216/2464/2237
f 5611/2501/2274 2960/2425/2203 4092/2358/2137
f 51/2350/2130 5611/2501/2274 1159/2503/2276
f 1216/2464/2237 1159/2503/2276 5673/2367/2146
f 5673/2367/2146 5110/2454/2228 1443/2332/2113
f 3580/2407/2185 251/2504/2277 4092/2358/2137
f 4092/2358/2137 1749/2505/2278 5611/2501/2274
f 1159/2503/2276 3130/2506/2279 5673/2367/2146
f 2651/2329/2110 251/2504/2277 3580/2407/2185
f 4092/2358/2137 3988/2507/2280 1749/2505/2278
f 4092/2358/2137 4699/2508/2281 3988/2507/2280
f 3988/2507/2280 5830/2509/2282 1749/2505/2278
f 3130/2506/2279 5110/2454/2228 5673/2367/2146
f 2260/2316/2097 5110/2454/2228 3290/2360/2139
f 4457/2391/2170 4529/2333/2114 4724/2377/2156
f 4092/2358/2137 251/2504/2277 4699/2508/2281
f 2651/2329/2110 4724/2377/2156 246/2510/2283
f 2651/2329/2110 246/2510/2283 251/2504/2277
f 4724/2377/2156 4970/2511/2284 246/2510/2283
f 4529/2333/2114 4970/2511/2284 4724/2377/2156
f 175/2512/2285 251/2504/2277 4271/2513/2286
f 3290/2360/2139 5110/2454/2228 1857/2334/2115
f 3130/2506/2279 5574/2514/2287 5110/2454/2228
f 4271/2513/2286 251/2504/2277 246/2510/2283
f 4529/2333/2114 4397/2355/2134 4970/2511/2284
f 246/2510/2283 4970/2511/2284 2961/2515/2288
f 5574/2514/2287 2690/2516/2289 5110/2454/2228
f 5109/2517/2290 4943/2518/2291 1858/2519/2229
f 4970/2511/2284 4363/2520/2292 2961/2515/2288
f 4943/2518/2291 5109/2517/2290 4361/2521/2293
f 5110/2454/2228 2690/2516/2289 4360/2522/2294
f 4970/2511/2284 4397/2355/2134 4621/2523/2295
f 2954/2524/2296 4943/2518/2291 5399/2466/2239
f 4396/2319/2100 109/2362/2141 4619/2525/2297
f 4970/2511/2284 800/2526/2298 4363/2520/2292
f 4943/2518/2291 4361/2521/2293 4276/2392/2171
f 4943/2518/2291 4276/2392/2171 5399/2466/2239
f 4619/2525/2297 109/2362/2141 2506/2363/2142
f 5136/2527/2299 4276/2392/2171 4361/2521/2293
f 4970/2511/2284 4621/2523/2295 800/2526/2298
f 5136/2527/2299 3956/2528/2300 4276/2392/2171
f 4620/2529/2301 2505/2379/2158 1769/2364/2143
f 4276/2392/2171 3956/2528/2300 4512/2530/2302
f 3956/2528/2300 340/2531/2303 4512/2530/2302
f 3508/2532/2304 4620/2529/2301 1769/2364/2143
f 4276/2392/2171 5438/2533/2172 3244/2456/2230
f 2505/2379/2158 3287/2429/2205 1769/2364/2143
f 4276/2392/2171 4512/2530/2302 5438/2533/2172
f 5407/2534/2305 3507/2535/2304 3111/2536/2306
f 3508/2532/2304 1769/2364/2143 3112/2537/2307
f 340/2531/2303 4305/2538/2308 4512/2530/2302
f 3244/2456/2230 5438/2533/2172 2361/2419/2197
f 730/2539/2309 3111/2536/2306 5926/2540/2310
f 4305/2538/2308 6145/2541/2311 4512/2530/2302
f 195/2322/2103 6270/2356/2135 1769/2364/2143
f 3112/2537/2307 1769/2364/2143 5928/2542/2310
f 6147/2543/2312 1136/2544/2313 4513/2545/2302
f 1769/2364/2143 3142/2546/2314 5928/2542/2310
f 4514/2547/2302 1844/2394/2173 5439/2393/2172
f 6270/2356/2135 3702/2339/2119 1769/2364/2143
f 3142/2546/2314 1769/2364/2143 2252/2340/2120
f 3141/2548/2315 2251/2409/2187 2707/2549/2316
f 1136/2544/2313 4171/2550/2317 4513/2545/2302
f 3702/2339/2119 2252/2340/2120 1769/2364/2143
f 2707/2549/2316 2251/2409/2187 1949/2551/2318
f 2468/2552/2319 1056/2553/2320 4902/2554/2321
f 4171/2550/2317 1140/2411/2189 4513/2545/2302
f 4171/2550/2317 4902/2554/2321 1140/2411/2189
f 1949/2551/2318 2251/2409/2187 3809/2555/2322
f 3809/2555/2322 2251/2409/2187 1682/2556/2323
f 4902/2554/2321 1056/2553/2320 1140/2411/2189
f 1056/2553/2320 4192/2557/2324 1140/2411/2189
f 4513/2545/2302 889/2382/2161 866/2370/2149
f 2252/2340/2120 3702/2339/2119 4577/2381/2160
f 4513/2545/2302 1140/2411/2189 889/2382/2161
f 4192/2557/2324 2462/2558/2325 1140/2411/2189
f 1682/2556/2323 6093/2559/2326 2009/2560/2327
f 2462/2558/2325 6193/2399/2178 1140/2411/2189
f 2462/2558/2325 5686/2561/2328 6193/2399/2178
f 3548/2562/2329 6193/2399/2178 5686/2561/2328
f 2251/2409/2187 6093/2559/2326 1682/2556/2323
f 3548/2562/2329 2009/2560/2327 6193/2399/2178
f 889/2382/2161 2299/2431/2207 4155/2430/2206
f 889/2382/2161 5424/2371/2150 2299/2431/2207
f 889/2382/2161 1140/2411/2189 5424/2371/2150
f 2251/2409/2187 948/2410/2188 6093/2559/2326
f 2009/2560/2327 6093/2559/2326 6193/2399/2178
f 335/2563/2330 2342/2261/2048 2001/2445/2220
f 6093/2559/2326 948/2410/2188 4639/2460/2233
f 6093/2559/2326 3172/2345/2125 6193/2399/2178
f 1140/2411/2189 6193/2399/2178 5340/2423/2201
f 3842/2398/2177 5424/2371/2150 1140/2411/2189
f 5340/2423/2201 5904/2437/2212 1140/2411/2189
f 4639/2460/2233 1619/2421/2199 6093/2559/2326
f 6193/2399/2178 573/2386/2165 5340/2423/2201
f 1140/2411/2189 5904/2437/2212 3262/2412/2190
f 3172/2345/2125 6093/2559/2326 164/2422/2200
f 164/2422/2200 6093/2559/2326 1619/2421/2199
f 5904/2437/2212 5340/2423/2201 5970/2343/2123
f 573/2386/2165 572/2357/2136 5340/2423/2201
f 2729/2564/2331 179/2565/2265 202/2566/2332
f 4763/2493/2266 2976/2480/2253 2749/2484/2257
f 2749/2484/2257 3900/2483/2256 4016/2567/2333
f 4016/2567/2333 3900/2483/2256 2736/2438/2213
f 4016/2567/2333 2736/2438/2213 4463/2469/2242
f 954/2346/2126 3957/2402/2181 2409/2568/2334
f 2409/2568/2334 5180/2569/2335 954/2346/2126
f 6258/2403/2182 3053/2325/2106 1688/2570/2336
f 3053/2325/2106 35/2571/2337 1688/2570/2336
f 3052/2405/2106 6121/2415/2193 36/2572/2337
f 6089/2463/2236 3917/2573/2338 6121/2415/2193
f 5238/2487/2260 6281/2488/2261 3929/2574/2339
f 6281/2488/2261 4954/2471/2244 3929/2574/2339
f 4445/2575/2340 1778/2498/2271 3559/2473/2246
f 5840/2497/2270 1365/2475/2248 5706/2499/2272
f 78/2500/2273 1365/2475/2248 682/2576/2341
f 78/2500/2273 682/2576/2341 2317/2577/2342
f 1311/2578/2343 2485/2476/2249 357/2161/1959
f 1116/2328/2109 526/2579/2344 2542/2163/1961
f 4354/2258/2045 5496/2318/2099 3344/2140/1940
f 4514/2547/2302 867/2395/2174 1844/2394/2173
f 5444/2467/2240 4425/2580/2345 5751/2432/2208
f 4060/2468/2241 2342/2261/2048 335/2563/2330
f 304/2581/2346 179/2565/2265 2729/2564/2331
f 305/2582/2346 4531/2477/2250 180/2492/2265
f 2949/2478/2251 1953/2494/2267 1988/2482/2255
f 3098/2481/2254 1988/2482/2255 4936/2495/2268
f 2240/2485/2258 3582/2461/2234 1309/2496/2269
f 1808/2424/2202 2409/2568/2334 3957/2402/2181
f 2836/2366/2145 954/2346/2126 5180/2569/2335
f 3345/2404/2183 5853/2389/2168 1582/2583/2347
f 5238/2487/2260 3929/2574/2339 6089/2463/2236
f 6195/2440/2215 5472/2584/2348 6281/2488/2261
f 4618/2472/2245 6281/2488/2261 5472/2584/2348
f 4618/2472/2245 4530/2585/2349 3559/2473/2246
f 682/2576/2341 1365/2475/2248 1778/2498/2271
f 3743/2144/1944 1312/2449/2224 909/2047/1856
f 2317/2577/2342 1791/2586/2350 78/2500/2273
f 1791/2586/2350 4908/2452/2226 78/2500/2273
f 5367/2313/2095 4907/2587/2351 1792/2390/2169
f 4627/2489/2262 193/2302/2085 4940/2139/1939
f 4354/2258/2045 4252/2588/2352 5496/2318/2099
f 2820/2589/2353 1865/2241/2031 6228/2164/1962
f 1493/2590/2354 3805/2591/2355 5547/2592/2356
f 397/2416/2194 5399/2466/2239 2265/2417/2195
f 462/2593/1998 939/2594/2357 5283/2595/2358
f 4061/2435/2210 306/2596/2359 4459/2597/2360
f 2729/2564/2331 4460/2598/2360 304/2581/2346
f 2041/2599/2361 4531/2477/2250 305/2582/2346
f 202/2566/2332 3042/2600/2362 2729/2564/2331
f 1953/2494/2267 3307/2601/2363 1988/2482/2255
f 3309/2401/2180 6181/2602/2364 4463/2469/2242
f 2240/2485/2258 3120/2603/2365 1808/2424/2202
f 3309/2401/2180 4894/2388/2167 6181/2602/2364
f 1583/2604/2366 2302/2486/2259 3346/2373/2152
f 4618/2472/2245 5472/2584/2348 4530/2585/2349
f 4530/2585/2349 153/2605/2367 3559/2473/2246
f 4772/2474/2247 5840/2497/2270 4954/2471/2244
f 4445/2575/2340 3559/2473/2246 153/2605/2367
f 4908/2452/2226 3586/2606/2368 78/2500/2273
f 961/2607/2369 4622/2608/2370 4297/2609/2371
f 175/2512/2285 3093/2610/2372 251/2504/2277
f 1493/2590/2354 4160/2611/2373 3805/2591/2355
f 4160/2611/2373 3931/2612/2147 3805/2591/2355
f 1899/2613/2374 5692/2614/2140 3135/2310/2090
f 709/2615/2375 2305/2369/2148 461/2202/1998
f 3527/2397/2176 3808/2255/2042 4406/2616/2376
f 4061/2435/2210 4459/2597/2360 4306/2457/2231
f 303/2617/2377 4062/2618/2210 336/2619/2330
f 2041/2599/2361 983/2620/2378 4531/2477/2250
f 202/2566/2332 4762/2621/2266 3042/2600/2362
f 4531/2477/2250 983/2620/2378 1953/2494/2267
f 2749/2484/2257 4016/2567/2333 4754/2622/2379
f 4936/2495/2268 1988/2482/2255 3307/2601/2363
f 1309/2496/2269 5458/2623/2380 2240/2485/2258
f 1808/2424/2202 3120/2603/2365 2409/2568/2334
f 4269/2624/2381 5840/2497/2270 5706/2499/2272
f 5706/2499/2272 78/2500/2273 4269/2624/2381
f 3367/2138/1938 6137/2300/2083 671/2625/2382
f 962/2626/2369 4298/2465/2238 5496/2318/2099
f 962/2626/2369 5496/2318/2099 4252/2588/2352
f 3093/2610/2372 3092/2627/2383 251/2504/2277
f 3092/2627/2383 3093/2610/2372 175/2512/2285
f 3816/2628/2384 4359/2629/2294 2689/2630/2385
f 1950/2631/2386 3810/2632/2387 3787/2633/2388
f 5283/2595/2358 939/2594/2357 4425/2580/2345
f 3252/2634/2389 5690/2210/2005 5843/2248/2038
f 939/2594/2357 5751/2432/2208 4425/2580/2345
f 3527/2397/2176 2934/2635/2390 4606/2384/2163
f 336/2619/2330 2000/2636/2220 4735/2637/2391
f 5843/2248/2038 1645/2167/1965 4771/2638/2392
f 1256/2639/2393 3120/2603/2365 2240/2485/2258
f 1081/2640/2394 6181/2602/2364 4894/2388/2167
f 2836/2366/2145 5180/2569/2335 1418/2641/2395
f 2836/2366/2145 1418/2641/2395 5978/2413/2191
f 3681/2462/2235 2335/2349/2129 1970/2414/2192
f 1810/2642/2396 6195/2440/2215 2520/2448/2223
f 5840/2497/2270 3929/2574/2339 4954/2471/2244
f 1189/2643/2397 1778/2498/2271 4445/2575/2340
f 6228/2164/1962 5612/2378/2157 2820/2589/2353
f 3304/2644/2398 251/2504/2277 3092/2627/2383
f 3304/2644/2398 3092/2627/2383 175/2512/2285
f 397/2416/2194 2954/2524/2296 5399/2466/2239
f 5910/2645/2399 3507/2535/2304 5407/2534/2305
f 4606/2384/2163 2934/2635/2390 2001/2445/2220
f 303/2617/2377 336/2619/2330 3860/2646/2400
f 3860/2646/2400 2042/2647/2401 303/2617/2377
f 4763/2493/2266 2749/2484/2257 4754/2622/2379
f 4936/2495/2268 2229/2648/2402 1309/2496/2269
f 2911/2649/2403 4016/2567/2333 4463/2469/2242
f 1810/2642/2396 5472/2584/2348 6195/2440/2215
f 6089/2463/2236 3929/2574/2339 3917/2573/2338
f 4269/2624/2381 78/2500/2273 3586/2606/2368
f 671/2625/2382 3773/2450/2225 3367/2138/1938
f 2684/2650/2404 1791/2586/2350 2317/2577/2342
f 4622/2608/2370 961/2607/2369 1841/2451/2154
f 3931/2612/2147 4160/2611/2373 4353/2651/2405
f 4943/2518/2291 2954/2524/2296 1118/2652/2406
f 3455/2653/2407 4363/2520/2292 800/2526/2298
f 5687/2654/2408 2463/2655/2409 3906/2656/2410
f 3427/2160/1958 3719/2444/2219 4971/2385/2164
f 4754/2622/2379 4016/2567/2333 2911/2649/2403
f 1309/2496/2269 2229/2648/2402 5458/2623/2380
f 36/2572/2337 6121/2415/2193 3429/2657/2411
f 2520/2448/2223 2302/2486/2259 4029/2658/2412
f 4941/2331/2112 3680/2659/2413 5855/2204/2000
f 5612/2378/2157 3989/2660/2414 2820/2589/2353
f 1494/2661/2354 5548/2359/2138 5691/2361/2140
f 2890/2336/2117 2905/2335/2116 484/2442/2217
f 6147/2543/2312 5655/2662/2415 1136/2544/2313
f 1899/2613/2374 3135/2310/2090 2305/2369/2148
f 2463/2655/2409 4191/2663/2416 1510/2664/2417
f 6087/2665/2418 4306/2457/2231 4459/2597/2360
f 3042/2600/2362 544/2666/2419 2729/2564/2331
f 4936/2495/2268 5916/2667/2420 2229/2648/2402
f 4137/2668/2421 3929/2574/2339 5840/2497/2270
f 4520/2669/2422 2542/2163/1961 526/2579/2344
f 6137/2300/2083 2472/2408/2186 1541/2670/2423
f 1117/2671/2424 3963/2321/2102 4944/2320/2101
f 4460/2598/2360 2729/2564/2331 6086/2672/2425
f 3983/2673/2426 1954/2674/2427 984/2675/2428
f 3815/2676/2429 1954/2674/2427 3983/2673/2426
f 3308/2677/2430 1954/2674/2427 3815/2676/2429
f 6121/2415/2193 3917/2573/2338 222/2678/2431
f 153/2605/2367 1189/2643/2397 4445/2575/2340
f 1778/2498/2271 1189/2643/2397 2010/2679/2432
f 3773/2450/2225 1312/2449/2224 3743/2144/1944
f 2683/2502/2275 2450/2680/2433 2448/2376/2155
f 230/2314/2096 5855/2204/2000 3680/2659/2413
f 961/2607/2369 3362/2681/2434 1841/2451/2154
f 3989/2660/2414 5612/2378/2157 2450/2680/2433
f 3771/2682/2435 401/2227/1982 61/2237/2028
f 4406/2616/2376 2934/2635/2390 3527/2397/2176
f 4736/2683/2436 2001/2445/2220 2934/2635/2390
f 3213/2097/1901 923/2446/2221 2290/2491/2264
f 5916/2667/2420 4936/2495/2268 3307/2601/2363
f 2229/2648/2402 5916/2667/2420 885/2684/2437
f 2240/2485/2258 5458/2623/2380 1256/2639/2393
f 4894/2388/2167 999/2439/2214 1081/2640/2394
f 6258/2403/2182 1688/2570/2336 134/2470/2243
f 1810/2642/2396 2520/2448/2223 4029/2658/2412
f 2101/2685/2438 3917/2573/2338 3929/2574/2339
f 5840/2497/2270 4269/2624/2381 4137/2668/2421
f 5976/2686/2439 4269/2624/2381 3586/2606/2368
f 1841/2451/2154 5860/2687/2440 4908/2452/2226
f 2450/2680/2433 5612/2378/2157 2448/2376/2155
f 3130/2506/2279 1159/2503/2276 5846/2688/2441
f 1925/2689/2442 1494/2661/2354 5691/2361/2140
f 5574/2514/2287 557/2690/2443 2690/2516/2289
f 558/2691/2443 3816/2628/2384 2689/2630/2385
f 277/2692/2444 5135/2693/2445 4359/2629/2294
f 5375/2380/2159 4406/2616/2376 3808/2255/2042
f 4306/2457/2231 6087/2665/2418 5643/2694/2446
f 6086/2672/2425 2729/2564/2331 3034/2695/2447
f 2729/2564/2331 544/2666/2419 3034/2695/2447
f 3042/2600/2362 4762/2621/2266 3128/2696/2448
f 4753/2697/2449 3128/2696/2448 4762/2621/2266
f 1778/2498/2271 55/2698/2450 682/2576/2341
f 4908/2452/2226 5860/2687/2440 3586/2606/2368
f 4986/2699/2451 4271/2513/2286 246/2510/2283
f 5439/2393/2172 401/2227/1982 3771/2682/2435
f 1926/2700/2442 5693/2701/2140 1900/2702/2374
f 4735/2637/2391 3860/2646/2400 336/2619/2330
f 544/2666/2419 3042/2600/2362 3128/2696/2448
f 5458/2623/2380 2229/2648/2402 885/2684/2437
f 6121/2415/2193 222/2678/2431 3429/2657/2411
f 4530/2585/2349 804/2703/2452 153/2605/2367
f 1778/2498/2271 2010/2679/2432 55/2698/2450
f 2317/2577/2342 682/2576/2341 55/2698/2450
f 4837/2704/2453 4699/2508/2281 251/2504/2277
f 5871/2705/2454 5407/2534/2305 3111/2536/2306
f 3111/2536/2306 730/2539/2309 5871/2705/2454
f 1510/2664/2417 4191/2663/2416 1055/2706/2455
f 825/2707/2456 3252/2634/2389 5843/2248/2038
f 2891/2708/2457 4530/2585/2349 5472/2584/2348
f 961/2607/2369 2676/2709/2458 3362/2681/2434
f 505/2710/2459 557/2690/2443 5574/2514/2287
f 6026/2711/2460 800/2526/2298 4621/2523/2295
f 1718/2712/2461 4406/2616/2376 5375/2380/2159
f 3906/2656/2410 2463/2655/2409 1510/2664/2417
f 5444/2467/2240 4306/2457/2231 5643/2694/2446
f 553/2713/2462 773/2257/2044 4148/2490/2263
f 1645/2167/1965 598/2342/2122 4771/2638/2392
f 2042/2647/2401 3860/2646/2400 100/2714/2463
f 2042/2647/2401 3983/2673/2426 984/2675/2428
f 4463/2469/2242 6181/2602/2364 4598/2715/2464
f 1256/2639/2393 3444/2716/2465 3120/2603/2365
f 5374/2717/2466 5180/2569/2335 2409/2568/2334
f 134/2470/2243 3218/2718/2467 1970/2414/2192
f 3586/2606/2368 5860/2687/2440 5976/2686/2439
f 4699/2508/2281 3349/2719/2468 3988/2507/2280
f 2961/2515/2288 4363/2520/2292 4181/2720/2469
f 4363/2520/2292 3455/2653/2407 4181/2720/2469
f 3143/2721/2470 2706/2722/2316 4839/2723/2471
f 2305/2369/2148 709/2615/2375 4651/2724/2472
f 825/2707/2456 5843/2248/2038 4771/2638/2392
f 4697/2725/2473 3308/2677/2430 3815/2676/2429
f 5186/2726/2474 4753/2697/2449 2910/2727/2475
f 1831/2728/2476 885/2684/2437 5916/2667/2420
f 4463/2469/2242 4598/2715/2464 2911/2649/2403
f 2409/2568/2334 3120/2603/2365 3444/2716/2465
f 134/2470/2243 1688/2570/2336 3144/2729/2477
f 1582/2583/2347 5853/2389/2168 5112/2730/2478
f 2302/2486/2259 1583/2604/2366 6263/2731/2479
f 1810/2642/2396 2891/2708/2457 5472/2584/2348
f 804/2703/2452 1189/2643/2397 153/2605/2367
f 4137/2668/2421 4269/2624/2381 5976/2686/2439
f 5662/2732/2480 2684/2650/2404 2317/2577/2342
f 961/2607/2369 4251/2733/2481 2676/2709/2458
f 4177/2734/2482 800/2526/2298 6026/2711/2460
f 6026/2711/2460 4621/2523/2295 3507/2535/2304
f 2563/2260/2047 1862/2735/2483 3719/2444/2219
f 4839/2723/2471 2706/2722/2316 1950/2631/2386
f 710/2736/2375 462/2593/1998 5283/2595/2358
f 4406/2616/2376 1043/2737/2484 2934/2635/2390
f 2801/2738/2485 1688/2570/2336 35/2571/2337
f 5853/2389/2168 3681/2462/2235 5112/2730/2478
f 3049/2739/2486 193/2302/2085 4627/2489/2262
f 3719/2444/2219 1364/2740/2487 4971/2385/2164
f 3860/2646/2400 4735/2637/2391 100/2714/2463
f 3444/2716/2465 5374/2717/2466 2409/2568/2334
f 999/2439/2214 4042/2447/2222 2071/2741/2488
f 2071/2741/2488 4042/2447/2222 6244/2742/2489
f 3681/2462/2235 1970/2414/2192 3218/2718/2467
f 2480/2743/2490 4029/2658/2412 2302/2486/2259
f 5662/2732/2480 2317/2577/2342 55/2698/2450
f 3362/2681/2434 5860/2687/2440 1841/2451/2154
f 3043/2744/2491 397/2416/2194 2890/2336/2117
f 1136/2544/2313 5655/2662/2415 4171/2550/2317
f 786/2745/2492 5283/2595/2358 4425/2580/2345
f 3685/2746/2493 5643/2694/2446 6087/2665/2418
f 6086/2672/2425 3034/2695/2447 3684/2747/2494
f 1221/2748/2495 3128/2696/2448 4753/2697/2449
f 5916/2667/2420 3307/2601/2363 1831/2728/2476
f 1830/2749/2496 3308/2677/2430 4697/2725/2473
f 885/2684/2437 3015/2750/2497 5458/2623/2380
f 5458/2623/2380 3015/2750/2497 1256/2639/2393
f 1080/2751/2498 998/2752/2499 3465/2753/2500
f 4042/2447/2222 5978/2413/2191 6244/2742/2489
f 1935/2754/2501 5112/2730/2478 3681/2462/2235
f 6263/2731/2479 2480/2743/2490 2302/2486/2259
f 3929/2574/2339 2077/2755/2502 2101/2685/2438
f 4137/2668/2421 2077/2755/2502 3929/2574/2339
f 3984/2756/2503 2472/2408/2186 1865/2241/2031
f 1118/2652/2406 2954/2524/2296 397/2416/2194
f 4902/2554/2321 6024/2757/2504 2468/2552/2319
f 1681/2758/2505 2008/2759/2506 4190/2760/2507
f 5543/2761/2508 4148/2490/2263 578/2247/2037
f 7/2762/2509 3034/2695/2447 544/2666/2419
f 5831/2763/2510 4599/2764/2511 6182/2765/2512
f 1935/2754/2501 3681/2462/2235 3218/2718/2467
f 10/2766/2513 36/2572/2337 3429/2657/2411
f 2699/2767/2514 4137/2668/2421 5976/2686/2439
f 2485/2476/2249 526/2579/2344 1116/2328/2109
f 2683/2502/2275 126/2768/2515 2450/2680/2433
f 1677/2769/2516 4380/2770/2517 4353/2651/2405
f 4380/2770/2517 4251/2733/2481 4353/2651/2405
f 1677/2769/2516 4353/2651/2405 4160/2611/2373
f 246/2510/2283 2961/2515/2288 4986/2699/2451
f 696/2771/2518 5656/2772/2519 6146/2773/2312
f 552/2774/2520 3983/2673/2426 2042/2647/2401
f 6104/2775/2521 4697/2725/2473 3815/2676/2429
f 998/2752/2499 2072/2776/2522 3465/2753/2500
f 1189/2643/2397 804/2703/2452 3150/2777/2523
f 2077/2755/2502 4137/2668/2421 2699/2767/2514
f 1541/2670/2423 671/2625/2382 6137/2300/2083
f 505/2710/2459 5574/2514/2287 1125/2778/2524
f 235/2779/2525 3455/2653/2407 800/2526/2298
f 4669/2780/2526 4304/2781/2527 341/2782/2528
f 1055/2706/2455 2469/2783/2319 6023/2784/2529
f 786/2745/2492 1898/2785/2530 5283/2595/2358
f 1043/2737/2484 4406/2616/2376 1718/2712/2461
f 5643/2694/2446 3685/2746/2493 2097/2786/2531
f 3144/2729/2477 1688/2570/2336 2801/2738/2485
f 9/2787/2532 2801/2738/2485 35/2571/2337
f 4328/2788/2533 6263/2731/2479 1583/2604/2366
f 4299/2789/2534 222/2678/2431 3917/2573/2338
f 4299/2789/2534 3917/2573/2338 2101/2685/2438
f 4530/2585/2349 3541/2790/2535 804/2703/2452
f 504/2791/2459 3816/2628/2384 558/2691/2443
f 4864/2792/2536 61/2237/2028 3963/2321/2102
f 4864/2792/2536 3771/2682/2435 61/2237/2028
f 6207/2793/2537 3507/2535/2304 5910/2645/2399
f 5910/2645/2399 5407/2534/2305 5871/2705/2454
f 541/2443/2218 5690/2210/2005 3252/2634/2389
f 3810/2632/2387 1681/2758/2505 4190/2760/2507
f 4735/2637/2391 2935/2794/2538 1044/2795/2539
f 2097/2786/2531 5444/2467/2240 5643/2694/2446
f 2754/2796/2540 100/2714/2463 4735/2637/2391
f 5186/2726/2474 2910/2727/2475 3830/2797/2541
f 4757/2798/2542 2891/2708/2457 1810/2642/2396
f 1131/2799/2543 2010/2679/2432 1189/2643/2397
f 3984/2756/2503 1541/2670/2423 2472/2408/2186
f 490/2800/2544 1493/2590/2354 1922/2801/2442
f 506/2802/2545 3816/2628/2384 504/2791/2459
f 3179/2803/2546 731/2804/2547 5927/2805/2310
f 3143/2721/2470 2414/2806/2548 5927/2805/2310
f 5580/2807/2549 1924/2808/2442 1899/2613/2374
f 4425/2580/2345 5444/2467/2240 786/2745/2492
f 5543/2761/2508 578/2247/2037 3952/2256/2043
f 552/2774/2520 2042/2647/2401 100/2714/2463
f 5186/2726/2474 1221/2748/2495 4753/2697/2449
f 5112/2730/2478 4329/2809/2533 1582/2583/2347
f 4757/2798/2542 4029/2658/2412 2480/2743/2490
f 4757/2798/2542 1810/2642/2396 4029/2658/2412
f 4530/2585/2349 2891/2708/2457 537/2810/2550
f 3150/2777/2523 1131/2799/2543 1189/2643/2397
f 3773/2450/2225 699/2811/2551 1312/2449/2224
f 127/2812/2552 2684/2650/2404 5662/2732/2480
f 3304/2644/2398 4837/2704/2453 251/2504/2277
f 664/2813/2553 397/2416/2194 3043/2744/2491
f 2305/2369/2148 5580/2807/2549 1899/2613/2374
f 5375/2380/2159 2396/2814/2554 1718/2712/2461
f 786/2745/2492 5444/2467/2240 1577/2815/2555
f 7/2762/2509 544/2666/2419 3128/2696/2448
f 1692/2816/2556 6104/2775/2521 3815/2676/2429
f 4599/2764/2511 3830/2797/2541 2910/2727/2475
f 6080/2817/2557 5374/2717/2466 3444/2716/2465
f 1629/2818/2558 4299/2789/2534 2101/2685/2438
f 5572/2819/2559 55/2698/2450 2010/2679/2432
f 1160/2820/2560 3955/2821/2300 5135/2693/2445
f 6207/2793/2537 6026/2711/2460 3507/2535/2304
f 4132/2822/2561 2563/2260/2047 2184/2338/1947
f 3179/2803/2546 5927/2805/2310 2414/2806/2548
f 1250/2823/2562 5006/2365/2144 967/2824/2563
f 1709/2825/2564 222/2678/2431 4299/2789/2534
f 537/2810/2550 3541/2790/2535 4530/2585/2349
f 2101/2685/2438 2077/2755/2502 1629/2818/2558
f 1131/2799/2543 5572/2819/2559 2010/2679/2432
f 3794/2826/2565 2699/2767/2514 5976/2686/2439
f 5762/2827/2566 5860/2687/2440 3362/2681/2434
f 1562/2828/2567 3680/2659/2413 4941/2331/2112
f 4384/2041/1851 5583/2829/2568 522/2301/2084
f 2820/2589/2353 3984/2756/2503 1865/2241/2031
f 3955/2821/2300 4153/2830/2569 341/2782/2528
f 553/2713/2462 923/2446/2221 773/2257/2044
f 3983/2673/2426 552/2774/2520 1398/2831/2570
f 3737/2832/2571 3444/2716/2465 1256/2639/2393
f 1080/2751/2498 5831/2763/2510 6182/2765/2512
f 6244/2742/2489 5978/2413/2191 1418/2641/2395
f 2276/2833/2572 2480/2743/2490 6263/2731/2479
f 3150/2777/2523 804/2703/2452 3541/2790/2535
f 1798/2834/2573 2077/2755/2502 2699/2767/2514
f 2522/2835/2574 55/2698/2450 5572/2819/2559
f 55/2698/2450 2522/2835/2574 5662/2732/2480
f 4380/2770/2517 2676/2709/2458 4251/2733/2481
f 5574/2514/2287 3130/2506/2279 1125/2778/2524
f 2754/2796/2540 1955/2836/2575 100/2714/2463
f 3034/2695/2447 595/2837/2576 3684/2747/2494
f 595/2837/2576 3034/2695/2447 7/2762/2509
f 1398/2831/2570 3815/2676/2429 3983/2673/2426
f 2601/2838/2577 4697/2725/2473 6104/2775/2521
f 2601/2838/2577 1830/2749/2496 4697/2725/2473
f 4665/2839/2578 3830/2797/2541 4599/2764/2511
f 3737/2832/2571 1256/2639/2393 3015/2750/2497
f 290/2840/2579 1418/2641/2395 5180/2569/2335
f 3989/2660/2414 1495/2841/2580 2820/2589/2353
f 491/2842/2544 1923/2843/2442 3621/2844/2581
f 2790/2845/2582 3719/2444/2219 1862/2735/2483
f 2290/2491/2264 923/2446/2221 443/2846/2583
f 7/2762/2509 3128/2696/2448 2005/2847/2584
f 2005/2847/2584 3128/2696/2448 1221/2748/2495
f 3444/2716/2465 3737/2832/2571 3231/2848/2585
f 5831/2763/2510 4903/2849/2586 4599/2764/2511
f 3231/2848/2585 6080/2817/2557 3444/2716/2465
f 290/2840/2579 5180/2569/2335 5374/2717/2466
f 3144/2729/2477 772/2850/2587 134/2470/2243
f 10/2766/2513 3429/2657/2411 4352/2851/2588
f 4352/2851/2588 3429/2657/2411 222/2678/2431
f 4352/2851/2588 222/2678/2431 1709/2825/2564
f 2522/2835/2574 127/2812/2552 5662/2732/2480
f 5976/2686/2439 5860/2687/2440 5762/2827/2566
f 1562/2828/2567 4941/2331/2112 2542/2163/1961
f 3049/2739/2486 5685/2852/2589 193/2302/2085
f 2931/2853/2590 696/2771/2518 6146/2773/2312
f 2361/2419/2197 5438/2533/2172 484/2442/2217
f 4839/2723/2471 1950/2631/2386 3649/2854/2591
f 1718/2712/2461 2396/2814/2554 1043/2737/2484
f 967/2824/2563 5006/2365/2144 2290/2491/2264
f 1398/2831/2570 1692/2816/2556 3815/2676/2429
f 5374/2717/2466 6080/2817/2557 1724/2855/2592
f 1724/2855/2592 290/2840/2579 5374/2717/2466
f 2771/2856/2593 2699/2767/2514 3794/2826/2565
f 3794/2826/2565 5976/2686/2439 5762/2827/2566
f 541/2443/2218 2396/2814/2554 5375/2380/2159
f 100/2714/2463 1955/2836/2575 552/2774/2520
f 4166/2857/2594 552/2774/2520 1955/2836/2575
f 3737/2832/2571 3015/2750/2497 885/2684/2437
f 4903/2849/2586 4665/2839/2578 4599/2764/2511
f 2771/2856/2593 1798/2834/2573 2699/2767/2514
f 504/2791/2459 1124/2858/2595 506/2802/2545
f 5444/2467/2240 2097/2786/2531 1577/2815/2555
f 1831/2728/2476 6096/2859/2596 885/2684/2437
f 671/2625/2382 625/2860/2597 5485/2861/2598
f 490/2800/2544 4160/2611/2373 1493/2590/2354
f 5839/2862/2599 3963/2321/2102 1117/2671/2424
f 2931/2853/2590 6146/2773/2312 4304/2781/2527
f 1292/2863/2600 1898/2785/2530 786/2745/2492
f 4190/2760/2507 2008/2759/2506 3470/2864/2601
f 923/2446/2221 553/2713/2462 443/2846/2583
f 1250/2823/2562 598/2342/2122 5006/2365/2144
f 968/2865/2563 2291/2866/2602 719/2867/2603
f 6096/2859/2596 3737/2832/2571 885/2684/2437
f 4757/2798/2542 2480/2743/2490 2276/2833/2572
f 1929/2868/2604 4299/2789/2534 1629/2818/2558
f 316/2869/2605 2077/2755/2502 1798/2834/2573
f 128/2870/2515 3271/2871/2606 2449/2872/2433
f 6068/2873/2607 2961/2515/2288 4181/2720/2469
f 2414/2806/2548 3143/2721/2470 1731/2874/2608
f 3143/2721/2470 4839/2723/2471 1731/2874/2608
f 3649/2854/2591 1950/2631/2386 3787/2633/2388
f 2305/2369/2148 4651/2724/2472 5580/2807/2549
f 1577/2815/2555 1292/2863/2600 786/2745/2492
f 1577/2815/2555 2097/2786/2531 4267/2875/2609
f 311/2876/2610 4148/2490/2263 5543/2761/2508
f 4268/2877/2609 2096/2878/2611 3684/2747/2494
f 595/2837/2576 7/2762/2509 2061/2879/2612
f 552/2774/2520 4166/2857/2594 1398/2831/2570
f 1709/2825/2564 4299/2789/2534 1929/2868/2604
f 2077/2755/2502 316/2869/2605 1629/2818/2558
f 671/2625/2382 5485/2861/2598 3773/2450/2225
f 2676/2709/2458 465/2880/2613 3362/2681/2434
f 1495/2841/2580 3984/2756/2503 2820/2589/2353
f 5580/2807/2549 3619/2881/2581 1924/2808/2442
f 2754/2796/2540 4735/2637/2391 1044/2795/2539
f 5186/2726/2474 3830/2797/2541 3347/2882/2614
f 3541/2790/2535 3975/2883/2615 3150/2777/2523
f 3008/2884/2616 1541/2670/2423 3984/2756/2503
f 6068/2873/2607 4986/2699/2451 2961/2515/2288
f 2236/2885/2617 3816/2628/2384 506/2802/2545
f 2236/2885/2617 4359/2629/2294 3816/2628/2384
f 4131/2886/2561 2183/2148/1947 193/2302/2085
f 1862/2735/2483 2563/2260/2047 4132/2822/2561
f 710/2736/2375 5283/2595/2358 1898/2785/2530
f 681/2887/2618 1955/2836/2575 2754/2796/2540
f 2061/2879/2612 7/2762/2509 2005/2847/2584
f 2485/2476/2249 1217/2888/2619 526/2579/2344
f 5583/2829/2568 4384/2041/1851 229/2889/2096
f 5872/2890/2620 731/2804/2547 5460/2891/2621
f 3347/2882/2614 3830/2797/2541 4665/2839/2578
f 772/2850/2587 3218/2718/2467 134/2470/2243
f 6263/2731/2479 4328/2788/2533 5446/2892/2622
f 5446/2892/2622 2276/2833/2572 6263/2731/2479
f 5446/2892/2622 4757/2798/2542 2276/2833/2572
f 3211/2893/2623 537/2810/2550 2891/2708/2457
f 2885/2894/2624 2523/2895/2625 5573/2896/2626
f 4177/2734/2482 235/2779/2525 800/2526/2298
f 3043/2744/2491 2890/2336/2117 484/2442/2217
f 541/2443/2218 3252/2634/2389 5525/2897/2627
f 3338/2898/2628 3252/2634/2389 825/2707/2456
f 4268/2877/2609 3684/2747/2494 2538/2899/2629
f 4167/2900/2630 4166/2857/2594 1955/2836/2575
f 2518/2901/2631 2005/2847/2584 1221/2748/2495
f 5733/2902/2632 754/2903/2633 1831/2728/2476
f 1935/2754/2501 1638/2904/2634 5112/2730/2478
f 3211/2893/2623 2891/2708/2457 4757/2798/2542
f 4714/2905/2635 1929/2868/2604 1629/2818/2558
f 3989/2660/2414 2450/2680/2433 177/2906/2636
f 465/2880/2613 2676/2709/2458 4380/2770/2517
f 3126/2907/2637 4304/2781/2527 4669/2780/2526
f 2259/2908/2638 1898/2785/2530 1292/2863/2600
f 4674/2909/2639 2396/2814/2554 541/2443/2218
f 3470/2864/2601 2008/2759/2506 3547/2910/2640
f 2754/2796/2540 1044/2795/2539 681/2887/2618
f 2123/2911/2641 827/2912/2642 4769/2913/2643
f 3684/2747/2494 595/2837/2576 2538/2899/2629
f 5801/2914/2644 1221/2748/2495 5186/2726/2474
f 1831/2728/2476 754/2903/2633 6096/2859/2596
f 3641/2915/2645 1080/2751/2498 3465/2753/2500
f 316/2869/2605 1929/2868/2604 4714/2905/2635
f 4714/2905/2635 1629/2818/2558 316/2869/2605
f 538/2916/2646 5572/2819/2559 1131/2799/2543
f 1830/2749/2496 2601/2838/2577 5732/2917/2647
f 1418/2641/2395 5385/2918/2648 6244/2742/2489
f 5540/2919/2649 1709/2825/2564 1929/2868/2604
f 6173/2920/2650 3541/2790/2535 537/2810/2550
f 2338/2921/2651 1798/2834/2573 2771/2856/2593
f 2771/2856/2593 3794/2826/2565 143/2922/2652
f 4520/2669/2422 1562/2828/2567 2542/2163/1961
f 3362/2681/2434 2381/2923/2653 5762/2827/2566
f 2449/2872/2433 3271/2871/2606 178/2924/2654
f 177/2906/2636 1495/2841/2580 3989/2660/2414
f 5568/2925/2655 731/2804/2547 3179/2803/2546
f 4166/2857/2594 1004/2926/2656 1398/2831/2570
f 2989/2927/2657 2061/2879/2612 2005/2847/2584
f 1692/2816/2556 1398/2831/2570 1883/2928/2658
f 4903/2849/2586 5831/2763/2510 3913/2929/2659
f 3641/2915/2645 5831/2763/2510 1080/2751/2498
f 772/2850/2587 3144/2729/2477 5243/2930/2660
f 3144/2729/2477 2801/2738/2485 5243/2930/2660
f 174/2931/2661 4352/2851/2588 1709/2825/2564
f 3541/2790/2535 6173/2920/2650 4822/2932/2662
f 4822/2932/2662 3975/2883/2615 3541/2790/2535
f 2885/2894/2624 5573/2896/2626 539/2933/2663
f 3794/2826/2565 5762/2827/2566 1356/2934/2664
f 4627/2489/2262 3167/2935/2665 3049/2739/2486
f 4131/2886/2561 193/2302/2085 5685/2852/2589
f 4971/2385/2164 5465/2936/2666 3952/2256/2043
f 1955/2836/2575 681/2887/2618 5029/2937/2667
f 595/2837/2576 2061/2879/2612 2538/2899/2629
f 2518/2901/2631 1221/2748/2495 5801/2914/2644
f 3347/2882/2614 5801/2914/2644 5186/2726/2474
f 5831/2763/2510 3641/2915/2645 3913/2929/2659
f 1638/2904/2634 4329/2809/2533 5112/2730/2478
f 3211/2893/2623 6173/2920/2650 537/2810/2550
f 1131/2799/2543 3150/2777/2523 538/2916/2646
f 143/2922/2652 3794/2826/2565 1356/2934/2664
f 4030/2938/2668 490/2800/2544 3620/2939/2669
f 713/2940/2670 3619/2881/2581 5580/2807/2549
f 3126/2907/2637 2931/2853/2590 4304/2781/2527
f 598/2342/2122 2880/2941/2671 4771/2638/2392
f 2061/2879/2612 1446/2942/2672 2538/2899/2629
f 1004/2926/2656 4166/2857/2594 4167/2900/2630
f 1692/2816/2556 5480/2943/2673 6104/2775/2521
f 5480/2943/2673 2601/2838/2577 6104/2775/2521
f 2601/2838/2577 4032/2944/2674 5732/2917/2647
f 3231/2848/2585 3737/2832/2571 5143/2945/2675
f 3231/2848/2585 4937/2946/2676 6080/2817/2557
f 4937/2946/2676 1724/2855/2592 6080/2817/2557
f 1709/2825/2564 5540/2919/2649 174/2931/2661
f 3211/2893/2623 4757/2798/2542 5818/2947/2677
f 538/2916/2646 3150/2777/2523 3975/2883/2615
f 2381/2923/2653 1356/2934/2664 5762/2827/2566
f 3349/2719/2468 2917/2948/2678 3988/2507/2280
f 1159/2503/2276 116/2949/2679 5846/2688/2441
f 3787/2633/2388 3810/2632/2387 4135/2950/2680
f 6138/2951/2681 553/2713/2462 4148/2490/2263
f 2989/2927/2657 2005/2847/2584 2518/2901/2631
f 4032/2944/2674 2601/2838/2577 5480/2943/2673
f 2801/2738/2485 9/2787/2532 5243/2930/2660
f 4352/2851/2588 174/2931/2661 10/2766/2513
f 1798/2834/2573 2338/2921/2651 316/2869/2605
f 143/2922/2652 5282/2952/2682 2771/2856/2593
f 5611/2501/2274 116/2949/2679 1159/2503/2276
f 277/2692/2444 1160/2820/2560 5135/2693/2445
f 4153/2830/2569 3955/2821/2300 1160/2820/2560
f 5568/2925/2655 5460/2891/2621 731/2804/2547
f 3497/2953/2683 2414/2806/2548 1731/2874/2608
f 1498/2954/2684 4651/2724/2472 709/2615/2375
f 710/2736/2375 1898/2785/2530 2259/2908/2638
f 5989/2955/2685 1044/2795/2539 2395/2956/2554
f 2124/2957/2641 3339/2958/2686 826/2959/2687
f 1001/2960/2688 1577/2815/2555 4267/2875/2609
f 4167/2900/2630 1955/2836/2575 5029/2937/2667
f 1883/2928/2658 1398/2831/2570 1004/2926/2656
f 4665/2839/2578 2980/2961/2689 3347/2882/2614
f 6096/2859/2596 754/2903/2633 3737/2832/2571
f 754/2903/2633 5143/2945/2675 3737/2832/2571
f 5385/2918/2648 1418/2641/2395 290/2840/2579
f 128/2870/2515 2523/2895/2625 4118/2962/2690
f 490/2800/2544 1677/2769/2516 4160/2611/2373
f 3901/2963/2691 2236/2885/2617 506/2802/2545
f 5737/2964/2692 5580/2807/2549 4651/2724/2472
f 4268/2877/2609 2538/2899/2629 971/2965/2693
f 5029/2937/2667 681/2887/2618 508/2966/2694
f 2061/2879/2612 2989/2927/2657 1429/2967/2695
f 4903/2849/2586 2980/2961/2689 4665/2839/2578
f 1724/2855/2592 405/2968/2696 290/2840/2579
f 4118/2962/2690 438/2969/2697 128/2870/2515
f 397/2416/2194 4631/2970/2698 1118/2652/2406
f 2562/2971/2699 663/2972/2700 4359/2629/2294
f 4171/2550/2317 4334/2973/2701 4902/2554/2321
f 1364/2740/2487 3719/2444/2219 2790/2845/2582
f 5989/2955/2685 3637/2974/2702 1044/2795/2539
f 1001/2960/2688 1292/2863/2600 1577/2815/2555
f 4268/2877/2609 971/2965/2693 1120/2975/2703
f 5143/2945/2675 4937/2946/2676 3231/2848/2585
f 1929/2868/2604 316/2869/2605 5891/2976/2704
f 2338/2921/2651 5891/2976/2704 316/2869/2605
f 5282/2952/2682 2338/2921/2651 2771/2856/2593
f 3811/2977/2705 539/2933/2663 3974/2978/2706
f 5282/2952/2682 143/2922/2652 5983/2979/2707
f 1541/2670/2423 38/2980/2708 671/2625/2382
f 5830/2509/2282 3988/2507/2280 2917/2948/2678
f 4271/2513/2286 5826/2981/2709 175/2512/2285
f 506/2802/2545 1124/2858/2595 3901/2963/2691
f 663/2972/2700 277/2692/2444 4359/2629/2294
f 924/2982/2710 484/2442/2217 5438/2533/2172
f 4674/2909/2639 5988/2983/2685 2396/2814/2554
f 2078/2984/2711 1292/2863/2600 1001/2960/2688
f 2124/2957/2641 4770/2985/2643 3841/2986/2712
f 311/2876/2610 6138/2951/2681 4148/2490/2263
f 509/2987/2694 5558/2988/2713 5028/2989/2667
f 2538/2899/2629 1446/2942/2672 971/2965/2693
f 5480/2943/2673 1692/2816/2556 1883/2928/2658
f 5143/2945/2675 754/2903/2633 3591/2990/2714
f 1724/2855/2592 4937/2946/2676 2673/2991/2715
f 4329/2809/2533 1638/2904/2634 2497/2992/2716
f 5447/2993/2717 4329/2809/2533 2497/2992/2716
f 5818/2947/2677 4757/2798/2542 5446/2892/2622
f 2885/2894/2624 4118/2962/2690 2523/2895/2625
f 2381/2923/2653 3362/2681/2434 465/2880/2613
f 4031/2994/2718 3622/2995/2719 714/2996/2720
f 2931/2853/2590 5656/2772/2519 696/2771/2518
f 508/2966/2694 681/2887/2618 3637/2974/2702
f 718/2997/2721 2290/2491/2264 443/2846/2583
f 1429/2967/2695 1446/2942/2672 2061/2879/2612
f 4903/2849/2586 3913/2929/2659 2980/2961/2689
f 405/2968/2696 5385/2918/2648 290/2840/2579
f 173/2998/2722 3889/2999/2723 9/2787/2532
f 5539/3000/2724 2746/3001/2725 173/2998/2722
f 1929/2868/2604 5891/2976/2704 2445/3002/2726
f 4821/3003/2662 3658/3004/2727 3974/2978/2706
f 700/3005/2728 4800/3006/2729 1313/3007/2343
f 4118/2962/2690 143/2922/2652 1356/2934/2664
f 38/2980/2708 625/2860/2597 671/2625/2382
f 438/2969/2697 3271/2871/2606 128/2870/2515
f 1677/2769/2516 1016/3008/2730 4380/2770/2517
f 1055/2706/2455 1240/3009/2731 1510/2664/2417
f 4502/3010/2732 4674/2909/2639 541/2443/2218
f 1292/2863/2600 2078/2984/2711 2259/2908/2638
f 681/2887/2618 1044/2795/2539 3637/2974/2702
f 1120/2975/2703 971/2965/2693 5595/3011/2733
f 4032/2944/2674 691/3012/2734 5732/2917/2647
f 3591/2990/2714 754/2903/2633 5733/2902/2632
f 3218/2718/2467 4568/3013/2735 1935/2754/2501
f 5540/2919/2649 1929/2868/2604 2445/3002/2726
f 3853/3014/2736 6174/3015/2737 3210/3016/2623
f 6174/3015/2737 3286/3017/2738 4821/3003/2662
f 5983/2979/2707 143/2922/2652 4118/2962/2690
f 744/3018/2739 5685/2852/2589 3049/2739/2486
f 2562/2971/2699 4359/2629/2294 2236/2885/2617
f 3841/2986/2712 4770/2985/2643 2879/3019/2671
f 4032/2944/2674 5480/2943/2673 691/3012/2734
f 5801/2914/2644 3347/2882/2614 3644/3020/2740
f 3591/2990/2714 2876/3021/2741 5143/2945/2675
f 772/2850/2587 850/3022/2742 3218/2718/2467
f 1638/2904/2634 1132/3023/2743 2497/2992/2716
f 5881/3024/2744 3853/3014/2736 3210/3016/2623
f 5880/3025/2744 3211/2893/2623 5818/2947/2677
f 2338/2921/2651 531/3026/2745 5891/2976/2704
f 3658/3004/2727 3811/2977/2705 3974/2978/2706
f 2338/2921/2651 5282/2952/2682 3972/3027/2746
f 2885/2894/2624 539/2933/2663 4695/3028/2747
f 3130/2506/2279 5846/2688/2441 1125/2778/2524
f 664/2813/2553 4631/2970/2698 397/2416/2194
f 5839/2862/2599 4864/2792/2536 3963/2321/2102
f 925/3029/2710 5439/2393/2172 3771/2682/2435
f 5687/2654/2408 3906/2656/2410 4272/3030/2748
f 5029/2937/2667 2560/3031/2749 4167/2900/2630
f 1428/3032/2750 4167/2900/2630 2560/3031/2749
f 4167/2900/2630 1428/3032/2750 1004/2926/2656
f 5004/3033/2751 307/3034/2752 2518/2901/2631
f 2518/2901/2631 5801/2914/2644 5004/3033/2751
f 3347/2882/2614 2980/2961/2689 3644/3020/2740
f 2673/2991/2715 405/2968/2696 1724/2855/2592
f 850/3022/2742 4568/3013/2735 3218/2718/2467
f 1935/2754/2501 1132/3023/2743 1638/2904/2634
f 5880/3025/2744 5818/2947/2677 5446/2892/2622
f 3286/3017/2738 3658/3004/2727 4821/3003/2662
f 3972/3027/2746 5282/2952/2682 5983/2979/2707
f 539/2933/2663 3811/2977/2705 4695/3028/2747
f 4118/2962/2690 1356/2934/2664 438/2969/2697
f 2381/2923/2653 465/2880/2613 3295/3035/2753
f 4669/2780/2526 341/2782/2528 4153/2830/2569
f 5737/2964/2692 4651/2724/2472 3958/3036/2754
f 1001/2960/2688 4267/2875/2609 1121/3037/2755
f 5595/3011/2733 5558/2988/2713 509/2987/2694
f 971/2965/2693 5558/2988/2713 5595/3011/2733
f 971/2965/2693 1446/2942/2672 2561/3038/2756
f 5558/2988/2713 971/2965/2693 2561/3038/2756
f 2561/3038/2756 5028/2989/2667 5558/2988/2713
f 1446/2942/2672 1429/2967/2695 2913/3039/2757
f 2989/2927/2657 2518/2901/2631 307/3034/2752
f 1004/2926/2656 5199/3040/2758 1883/2928/2658
f 691/3012/2734 5480/2943/2673 3145/3041/2759
f 5802/3042/2644 793/3043/2760 5005/3044/2751
f 792/3045/2761 5801/2914/2644 3644/3020/2740
f 3644/3020/2740 2980/2961/2689 1975/3046/2762
f 9/2787/2532 3889/2999/2723 5243/2930/2660
f 5540/2919/2649 2445/3002/2726 74/3047/2763
f 5983/2979/2707 4118/2962/2690 4695/3028/2747
f 2885/2894/2624 4695/3028/2747 4118/2962/2690
f 3474/3048/2764 1356/2934/2664 2381/2923/2653
f 177/2906/2636 2941/3049/2765 1495/2841/2580
f 3958/3036/2754 4651/2724/2472 1498/2954/2684
f 2942/3050/2766 4500/3051/2767 540/3052/2218
f 2561/3038/2756 1446/2942/2672 2913/3039/2757
f 2914/3053/2768 1428/3032/2750 2560/3031/2749
f 1883/2928/2658 3145/3041/2759 5480/2943/2673
f 5732/2917/2647 691/3012/2734 793/3043/2760
f 3590/3054/2769 792/3045/2761 3546/3055/2770
f 791/3056/2771 3591/2990/2714 5733/2902/2632
f 3546/3055/2770 1489/3057/2772 3590/3054/2769
f 3590/3054/2769 1489/3057/2772 5723/3058/2773
f 5386/3059/2648 2244/3060/2774 6243/3061/2775
f 6243/3061/2775 5660/3062/2776 2072/2776/2522
f 1132/3023/2743 1935/2754/2501 4568/3013/2735
f 2138/3063/2777 5882/3064/2744 5447/2993/2717
f 2746/3001/2725 5539/3000/2724 73/3065/2778
f 5881/3024/2744 74/3047/2763 3853/3014/2736
f 74/3047/2763 2445/3002/2726 3853/3014/2736
f 2445/3002/2726 5891/2976/2704 3853/3014/2736
f 3853/3014/2736 4049/3066/2779 6174/3015/2737
f 5891/2976/2704 4049/3066/2779 3853/3014/2736
f 4049/3066/2779 5891/2976/2704 531/3026/2745
f 531/3026/2745 2338/2921/2651 3972/3027/2746
f 3658/3004/2727 4695/3028/2747 3811/2977/2705
f 3972/3027/2746 5983/2979/2707 4695/3028/2747
f 5486/3067/2598 700/3005/2728 3772/3068/2780
f 3349/2719/2468 4699/2508/2281 4837/2704/2453
f 4152/3069/2781 6208/3070/2782 5911/3071/2399
f 5876/3072/2783 4170/3073/2784 5656/2772/2519
f 5687/2654/2408 4378/3074/2785 3547/2910/2640
f 5014/3075/2786 3339/2958/2686 2124/2957/2641
f 2989/2927/2657 2913/3039/2757 1429/2967/2695
f 1004/2926/2656 1428/3032/2750 5199/3040/2758
f 3145/3041/2759 1883/2928/2658 5199/3040/2758
f 792/3045/2761 3644/3020/2740 3546/3055/2770
f 3546/3055/2770 3644/3020/2740 1489/3057/2772
f 1489/3057/2772 3644/3020/2740 5723/3058/2773
f 5723/3058/2773 3644/3020/2740 1975/3046/2762
f 5723/3058/2773 1975/3046/2762 3590/3054/2769
f 3590/3054/2769 1975/3046/2762 2875/3076/2787
f 2673/2991/2715 5143/2945/2675 2876/3021/2741
f 5143/2945/2675 2673/2991/2715 4937/2946/2676
f 2497/2992/2716 2138/3063/2777 5447/2993/2717
f 4049/3066/2779 3286/3017/2738 6174/3015/2737
f 531/3026/2745 3972/3027/2746 3286/3017/2738
f 3972/3027/2746 4695/3028/2747 3658/3004/2727
f 3167/2935/2665 522/2301/2084 5583/2829/2568
f 3049/2739/2486 3167/2935/2665 744/3018/2739
f 3295/3035/2753 465/2880/2613 4380/2770/2517
f 5826/2981/2709 3304/2644/2398 175/2512/2285
f 4986/2699/2451 4553/3077/2788 4271/2513/2286
f 5465/2936/2666 5543/2761/2508 3952/2256/2043
f 1001/2960/2688 1121/3037/2755 1853/3078/2789
f 5597/3079/2790 508/2966/2694 3637/2974/2702
f 2879/3019/2671 597/3080/2791 1249/3081/2562
f 2989/2927/2657 307/3034/2752 2913/3039/2757
f 5005/3044/2751 793/3043/2760 691/3012/2734
f 5882/3064/2744 2138/3063/2777 73/3065/2778
f 3286/3017/2738 4049/3066/2779 531/3026/2745
f 3286/3017/2738 3972/3027/2746 3658/3004/2727
f 4906/3082/2792 3271/2871/2606 438/2969/2697
f 3167/2935/2665 4627/2489/2262 522/2301/2084
f 1749/2505/2278 1332/3083/2793 5611/2501/2274
f 1581/3084/2794 3295/3035/2753 4380/2770/2517
f 1016/3008/2730 1581/3084/2794 4380/2770/2517
f 5737/2964/2692 713/2940/2670 5580/2807/2549
f 4502/3010/2732 5988/2983/2685 4674/2909/2639
f 2914/3053/2768 5199/3040/2758 1428/3032/2750
f 3641/2915/2645 4324/3085/2795 3913/2929/2659
f 2629/3086/2796 73/3065/2778 2138/3063/2777
f 2629/3086/2796 2746/3001/2725 73/3065/2778
f 1495/2841/2580 1051/3087/2797 3984/2756/2503
f 5726/3088/2798 3637/2974/2702 5989/2955/2685
f 2914/3053/2768 308/3089/2799 5199/3040/2758
f 3145/3041/2759 5199/3040/2758 308/3089/2799
f 308/3089/2799 5005/3044/2751 3145/3041/2759
f 3145/3041/2759 5005/3044/2751 691/3012/2734
f 2875/3076/2787 1975/3046/2762 4995/3090/2800
f 1975/3046/2762 2980/2961/2689 3913/2929/2659
f 2672/3091/2801 2875/3076/2787 4995/3090/2800
f 2072/2776/2522 5660/3062/2776 3465/2753/2500
f 6255/3092/2802 173/2998/2722 2746/3001/2725
f 4006/3093/2803 2485/2476/2249 1311/2578/2343
f 5584/3094/2804 230/2314/2096 3680/2659/2413
f 3271/2871/2606 3834/3095/2805 178/2924/2654
f 4030/2938/2668 1677/2769/2516 490/2800/2544
f 1853/3078/2789 1121/3037/2755 5596/3096/2790
f 5597/3079/2790 3637/2974/2702 3875/3097/2806
f 1975/3046/2762 4536/3098/2807 4995/3090/2800
f 1975/3046/2762 3913/2929/2659 4536/3098/2807
f 3465/2753/2500 4324/3085/2795 3641/2915/2645
f 404/3099/2808 2244/3060/2774 5386/3059/2648
f 5243/2930/2660 850/3022/2742 772/2850/2587
f 2497/2992/2716 1132/3023/2743 2138/3063/2777
f 4520/2669/2422 2313/3100/2809 1562/2828/2567
f 1356/2934/2664 3474/3048/2764 438/2969/2697
f 2941/3049/2765 1154/3101/2810 1495/2841/2580
f 4030/2938/2668 2991/3102/2811 1677/2769/2516
f 2414/2806/2548 3497/2953/2683 3179/2803/2546
f 4501/3103/2767 263/3104/2812 5987/3105/2685
f 1903/3106/2813 2790/2845/2582 1862/2735/2483
f 2259/2908/2638 2078/2984/2711 1346/3107/2814
f 4378/3074/2785 5687/2654/2408 4272/3030/2748
f 3913/2929/2659 4324/3085/2795 4536/3098/2807
f 3889/2999/2723 173/2998/2722 6255/3092/2802
f 4006/3093/2803 1217/2888/2619 2485/2476/2249
f 438/2969/2697 3474/3048/2764 4906/3082/2792
f 2941/3049/2765 177/2906/2636 5551/3108/2815
f 5876/3072/2783 5656/2772/2519 2931/2853/2590
f 710/2736/2375 2259/2908/2638 5608/3109/2816
f 4499/3110/2767 3784/3111/2817 264/3112/2818
f 4324/3085/2795 3465/2753/2500 5660/3062/2776
f 5660/3062/2776 6243/3061/2775 2244/3060/2774
f 521/3113/2819 2629/3086/2796 2138/3063/2777
f 5584/3094/2804 3680/2659/2413 623/3114/2820
f 5551/3108/2815 177/2906/2636 3835/3115/2821
f 5872/2890/2620 2243/3116/2822 5911/3071/2399
f 2672/3091/2801 4995/3090/2800 404/3099/2808
f 1016/3008/2730 1677/2769/2516 2991/3102/2811
f 1118/2652/2406 4631/2970/2698 1850/3117/2823
f 5525/2897/2627 3252/2634/2389 3338/2898/2628
f 4423/3118/2824 404/3099/2808 4995/3090/2800
f 3889/2999/2723 6255/3092/2802 5243/2930/2660
f 521/3113/2819 2138/3063/2777 1132/3023/2743
f 6255/3092/2802 2746/3001/2725 2629/3086/2796
f 1749/2505/2278 5830/2509/2282 1332/3083/2793
f 3901/2963/2691 1124/2858/2595 5847/3119/2825
f 714/2996/2720 2431/3120/2826 4031/2994/2718
f 6024/2757/2504 4902/2554/2321 4334/2973/2701
f 1240/3009/2731 1055/2706/2455 6023/2784/2529
f 1346/3107/2814 5608/3109/2816 2259/2908/2638
f 3470/2864/2601 3547/2910/2640 2495/3121/2827
f 1346/3107/2814 2078/2984/2711 1001/2960/2688
f 1853/3078/2789 1346/3107/2814 1001/2960/2688
f 5596/3096/2790 3874/3122/2828 1853/3078/2789
f 6255/3092/2802 2629/3086/2796 521/3113/2819
f 2381/2923/2653 3295/3035/2753 1612/3123/2829
f 2917/2948/2678 1332/3083/2793 5830/2509/2282
f 3783/3124/2817 4500/3051/2767 3666/3125/2830
f 5987/3105/2685 263/3104/2812 5727/3126/2798
f 4423/3118/2824 2244/3060/2774 404/3099/2808
f 521/3113/2819 4568/3013/2735 850/3022/2742
f 5243/2930/2660 6255/3092/2802 850/3022/2742
f 2433/3127/2826 713/2940/2670 5737/2964/2692
f 5876/3072/2783 4333/3128/2701 4170/3073/2784
f 3637/2974/2702 250/3129/2831 3875/3097/2806
f 4995/3090/2800 4536/3098/2807 4324/3085/2795
f 4423/3118/2824 4995/3090/2800 4324/3085/2795
f 4324/3085/2795 5660/3062/2776 2244/3060/2774
f 850/3022/2742 6255/3092/2802 521/3113/2819
f 4568/3013/2735 521/3113/2819 1132/3023/2743
f 2381/2923/2653 1612/3123/2829 3474/3048/2764
f 3271/2871/2606 5834/3130/2832 3834/3095/2805
f 3834/3095/2805 741/3131/2833 5550/3132/2834
f 3947/3133/2835 95/3134/2836 4997/3135/2837
f 4997/3135/2837 95/3134/2836 480/3136/2838
f 4423/3118/2824 4324/3085/2795 2244/3060/2774
f 3474/3048/2764 1612/3123/2829 3472/3137/2839
f 3271/2871/2606 4906/3082/2792 5834/3130/2832
f 2236/2885/2617 3901/2963/2691 3947/3133/2835
f 3947/3133/2835 663/2972/2700 2236/2885/2617
f 2236/2885/2617 663/2972/2700 2562/2971/2699
f 663/2972/2700 3947/3133/2835 277/2692/2444
f 3947/3133/2835 4997/3135/2837 277/2692/2444
f 277/2692/2444 4997/3135/2837 1160/2820/2560
f 1160/2820/2560 4997/3135/2837 4153/2830/2569
f 4997/3135/2837 480/3136/2838 4153/2830/2569
f 4153/2830/2569 480/3136/2838 4669/2780/2526
f 95/3134/2836 4264/3138/2840 480/3136/2838
f 2931/2853/2590 3126/2907/2637 4669/2780/2526
f 4669/2780/2526 480/3136/2838 2931/2853/2590
f 5886/3139/2841 925/3029/2710 3771/2682/2435
f 480/3136/2838 4264/3138/2840 301/3140/2842
f 5876/3072/2783 480/3136/2838 301/3140/2842
f 3008/2884/2616 38/2980/2708 1541/2670/2423
f 84/3141/2843 744/3018/2739 548/3142/2844
f 84/3141/2843 5685/2852/2589 744/3018/2739
f 1332/3083/2793 116/2949/2679 5611/2501/2274
f 5551/3108/2815 1154/3101/2810 2941/3049/2765
f 5708/3143/2845 3947/3133/2835 4977/3144/2846
f 4977/3144/2846 3947/3133/2835 3901/2963/2691
f 3947/3133/2835 5708/3143/2845 95/3134/2836
f 95/3134/2836 4410/3145/2847 4264/3138/2840
f 480/3136/2838 5876/3072/2783 2931/2853/2590
f 4135/2950/2680 3810/2632/2387 4190/2760/2507
f 1346/3107/2814 1853/3078/2789 2209/3146/2848
f 1775/3147/2849 1853/3078/2789 3874/3122/2828
f 4006/3093/2803 1311/2578/2343 4799/3148/2850
f 741/3131/2833 3834/3095/2805 5834/3130/2832
f 3901/2963/2691 5847/3119/2825 4977/3144/2846
f 2243/3116/2822 4152/3069/2781 5911/3071/2399
f 4333/3128/2701 5876/3072/2783 301/3140/2842
f 4333/3128/2701 301/3140/2842 1804/3149/2851
f 1804/3149/2851 6022/3150/2852 4333/3128/2701
f 3666/3125/2830 4500/3051/2767 2942/3050/2766
f 5726/3088/2798 250/3129/2831 3637/2974/2702
f 1364/2740/2487 5465/2936/2666 4971/2385/2164
f 6138/2951/2681 443/2846/2583 553/2713/2462
f 4520/2669/2422 526/2579/2344 2313/3100/2809
f 3167/2935/2665 5583/2829/2568 6003/3151/2853
f 348/3152/2854 5834/3130/2832 4906/3082/2792
f 520/3153/2855 5708/3143/2845 4977/3144/2846
f 1850/3117/2823 4631/2970/2698 664/2813/2553
f 2349/3154/2856 664/2813/2553 3043/2744/2491
f 4410/3145/2847 5538/3155/2857 4264/3138/2840
f 5736/3156/2858 646/3157/2859 2430/3158/2860
f 263/3104/2812 3783/3124/2817 3666/3125/2830
f 1241/3159/2731 6022/3150/2852 1804/3149/2851
f 4550/3160/2861 263/3104/2812 1963/3161/2862
f 5608/3109/2816 1346/3107/2814 2209/3146/2848
f 263/3104/2812 4550/3160/2861 5727/3126/2798
f 2495/3121/2827 3547/2910/2640 4378/3074/2785
f 3472/3137/2839 4906/3082/2792 3474/3048/2764
f 3295/3035/2753 1581/3084/2794 1612/3123/2829
f 3625/3162/2863 4976/3163/2846 5846/2688/2441
f 3625/3162/2863 5846/2688/2441 116/2949/2679
f 1016/3008/2730 4898/3164/2864 1581/3084/2794
f 1393/3165/2865 5839/2862/2599 1117/2671/2424
f 5708/3143/2845 3891/3166/2866 95/3134/2836
f 3891/3166/2866 4410/3145/2847 95/3134/2836
f 6019/3167/2867 4864/2792/2536 5839/2862/2599
f 2243/3116/2822 5872/2890/2620 5460/2891/2621
f 4264/3138/2840 5538/3155/2857 301/3140/2842
f 301/3140/2842 3567/3168/2868 1804/3149/2851
f 1240/3009/2731 1805/3169/2851 2694/3170/2869
f 1510/2664/2417 1240/3009/2731 2694/3170/2869
f 5834/3130/2832 4836/3171/2870 741/3131/2833
f 2432/3172/2860 6306/3173/2871 4030/2938/2668
f 6067/3174/2872 3891/3166/2866 5708/3143/2845
f 3891/3166/2866 535/3175/2873 4410/3145/2847
f 5538/3155/2857 3567/3168/2868 301/3140/2842
f 2942/3050/2766 540/3052/2218 5528/3176/2874
f 1510/2664/2417 2694/3170/2869 3906/2656/2410
f 1804/3149/2851 3567/3168/2868 4215/3177/2875
f 5726/3088/2798 4551/3178/2861 250/3129/2831
f 3560/3179/2876 1364/2740/2487 2790/2845/2582
f 2313/3100/2809 4961/3180/2877 1562/2828/2567
f 623/3114/2820 3680/2659/2413 1562/2828/2567
f 1332/3083/2793 3625/3162/2863 116/2949/2679
f 1612/3123/2829 1581/3084/2794 4898/3164/2864
f 741/3131/2833 4836/3171/2870 1945/3181/2878
f 3041/3182/2879 6067/3174/2872 5708/3143/2845
f 535/3175/2873 5538/3155/2857 4410/3145/2847
f 1498/2954/2684 65/3183/2880 3958/3036/2754
f 3906/2656/2410 2694/3170/2869 2155/3184/2881
f 1805/3169/2851 4216/3185/2875 2694/3170/2869
f 1775/3147/2849 2209/3146/2848 1853/3078/2789
f 3625/3162/2863 519/3186/2882 4976/3163/2846
f 3625/3162/2863 1332/3083/2793 2917/2948/2678
f 4553/3077/2788 5826/2981/2709 4271/2513/2286
f 4272/3030/2748 3906/2656/2410 2155/3184/2881
f 5465/2936/2666 2544/3187/2883 5543/2761/2508
f 2917/2948/2678 3349/2719/2468 3625/3162/2863
f 520/3153/2855 3041/3182/2879 5708/3143/2845
f 5826/2981/2709 4837/2704/2453 3304/2644/2398
f 2573/3188/2884 644/3189/2885 5738/3190/2858
f 1498/2954/2684 709/2615/2375 65/3183/2880
f 65/3183/2880 709/2615/2375 5610/3191/2816
f 1963/3161/2862 5630/3192/2886 2141/3193/2887
f 2209/3146/2848 4650/3194/2888 5608/3109/2816
f 4550/3160/2861 1963/3161/2862 2141/3193/2887
f 4378/3074/2785 4272/3030/2748 2495/3121/2827
f 4272/3030/2748 2155/3184/2881 2495/3121/2827
f 4216/3185/2875 5645/3195/2889 2694/3170/2869
f 250/3129/2831 1776/3196/2890 3875/3097/2806
f 312/3197/2610 4792/3198/2891 6139/3199/2681
f 519/3186/2882 3625/3162/2863 3411/3200/2892
f 3472/3137/2839 348/3152/2854 4906/3082/2792
f 3625/3162/2863 3349/2719/2468 5377/3201/2893
f 1862/2735/2483 4132/2822/2561 1903/3106/2813
f 2495/3121/2827 2155/3184/2881 3470/2864/2601
f 348/3152/2854 4836/3171/2870 5834/3130/2832
f 2432/3172/2860 645/3202/2885 6306/3173/2871
f 6019/3167/2867 3771/2682/2435 4864/2792/2536
f 3497/2953/2683 5568/2925/2655 3179/2803/2546
f 1963/3161/2862 263/3104/2812 3666/3125/2830
f 1828/3203/2894 4190/2760/2507 3470/2864/2601
f 1828/3203/2894 3470/2864/2601 2155/3184/2881
f 2694/3170/2869 5645/3195/2889 2155/3184/2881
f 3893/3204/2895 3625/3162/2863 5377/3201/2893
f 4437/3205/2896 3166/3206/2897 6002/3207/2898
f 744/3018/2739 3167/2935/2665 548/3142/2844
f 741/3131/2833 1156/3208/2810 5550/3132/2834
f 4565/3209/2899 3567/3168/2868 5538/3155/2857
f 5377/3201/2893 3349/2719/2468 3692/3210/2900
f 348/3152/2854 4379/3211/2901 4836/3171/2870
f 4836/3171/2870 4379/3211/2901 1945/3181/2878
f 1154/3101/2810 1051/3087/2797 1495/2841/2580
f 4030/2938/2668 1532/3212/2902 2991/3102/2811
f 2984/3213/2903 3891/3166/2866 6067/3174/2872
f 6307/3214/2904 647/3215/2885 2572/3216/2905
f 2141/3193/2887 4998/3217/2906 4550/3160/2861
f 4190/2760/2507 1828/3203/2894 2162/3218/2907
f 1776/3196/2890 250/3129/2831 4551/3178/2861
f 2155/3184/2881 1396/3219/2908 1828/3203/2894
f 3625/3162/2863 3893/3204/2895 3411/3200/2892
f 3411/3200/2892 2575/3220/2909 519/3186/2882
f 3472/3137/2839 1612/3123/2829 90/3221/2910
f 1612/3123/2829 4898/3164/2864 90/3221/2910
f 3692/3210/2900 3349/2719/2468 4837/2704/2453
f 5737/2964/2692 3958/3036/2754 6285/3222/2911
f 4190/2760/2507 2162/3218/2907 4135/2950/2680
f 5629/3223/2912 3723/3224/2913 5000/3225/2914
f 5000/3225/2914 3723/3224/2913 4552/3226/2915
f 4650/3194/2888 2209/3146/2848 3723/3224/2913
f 3723/3224/2913 1775/3147/2849 4552/3226/2915
f 5645/3195/2889 4604/3227/2916 2155/3184/2881
f 5377/3201/2893 1214/3228/2917 3893/3204/2895
f 3692/3210/2900 1214/3228/2917 5377/3201/2893
f 348/3152/2854 3472/3137/2839 90/3221/2910
f 348/3152/2854 90/3221/2910 4379/3211/2901
f 4553/3077/2788 3692/3210/2900 4837/2704/2453
f 4837/2704/2453 5826/2981/2709 4553/3077/2788
f 84/3141/2843 4131/2886/2561 5685/2852/2589
f 3891/3166/2866 6021/3229/2918 535/3175/2873
f 3649/2854/2591 3787/2633/2388 4839/2723/2471
f 4839/2723/2471 3787/2633/2388 4135/2950/2680
f 4650/3194/2888 3723/3224/2913 5629/3223/2912
f 2209/3146/2848 1775/3147/2849 3723/3224/2913
f 5898/3230/2919 5584/3094/2804 623/3114/2820
f 3041/3182/2879 4254/3231/2920 2984/3213/2903
f 4553/3077/2788 4986/2699/2451 6068/2873/2607
f 3041/3182/2879 2984/3213/2903 6067/3174/2872
f 2951/3232/2921 5538/3155/2857 535/3175/2873
f 2162/3218/2907 4839/2723/2471 4135/2950/2680
f 5450/3233/2922 5609/3234/2923 4649/3235/2924
f 1396/3219/2908 2155/3184/2881 4604/3227/2916
f 3167/2935/2665 4436/3236/2896 548/3142/2844
f 2575/3220/2909 5833/3237/2925 4456/3238/2926
f 2575/3220/2909 4456/3238/2926 519/3186/2882
f 1051/3087/2797 3008/2884/2616 3984/2756/2503
f 1016/3008/2730 1464/3239/2927 4898/3164/2864
f 6306/3173/2871 1532/3212/2902 4030/2938/2668
f 3692/3210/2900 4553/3077/2788 6068/2873/2607
f 6021/3229/2918 3891/3166/2866 2984/3213/2903
f 2349/3154/2856 3043/2744/2491 484/2442/2217
f 1731/2874/2608 4839/2723/2471 6005/3240/2928
f 6005/3240/2928 4839/2723/2471 2162/3218/2907
f 6099/3241/2929 2162/3218/2907 1828/3203/2894
f 5833/3237/2925 519/3186/2882 4456/3238/2926
f 1016/3008/2730 2991/3102/2811 1464/3239/2927
f 2243/3116/2822 5460/2891/2621 5568/2925/2655
f 3497/2953/2683 1731/2874/2608 6005/3240/2928
f 4649/3235/2924 5628/3242/2930 5450/3233/2922
f 5630/3192/2886 1963/3161/2862 2283/3243/2931
f 1828/3203/2894 1552/3244/2932 6099/3241/2929
f 407/3245/2933 4215/3177/2875 3567/3168/2868
f 1396/3219/2908 1552/3244/2932 1828/3203/2894
f 312/3197/2610 5544/3246/2508 1623/3247/2934
f 2575/3220/2909 5919/3248/2935 5833/3237/2925
f 4254/3231/2920 3041/3182/2879 520/3153/2855
f 4379/3211/2901 1863/3249/2936 1945/3181/2878
f 3692/3210/2900 6068/2873/2607 4181/2720/2469
f 6305/3250/2871 2574/3251/2905 432/3252/2937
f 5886/3139/2841 1565/3253/2938 925/3029/2710
f 2951/3232/2921 4565/3209/2899 5538/3155/2857
f 5721/3254/2939 3497/2953/2683 6005/3240/2928
f 2545/3255/2940 1623/3247/2934 5544/3246/2508
f 6138/2951/2681 4791/3256/2941 443/2846/2583
f 39/3257/2942 5620/3258/2943 626/3259/2597
f 3411/3200/2892 1024/3260/2944 2575/3220/2909
f 5919/3248/2935 519/3186/2882 5833/3237/2925
f 2465/3261/2945 1214/3228/2917 3692/3210/2900
f 1464/3239/2927 2991/3102/2811 1207/3262/2946
f 2274/3263/2947 1392/3264/2865 1118/2652/2406
f 3692/3210/2900 4181/2720/2469 439/3265/2948
f 439/3265/2948 4181/2720/2469 3455/2653/2407
f 3455/2653/2407 235/2779/2525 439/3265/2948
f 439/3265/2948 235/2779/2525 4177/2734/2482
f 535/3175/2873 2492/3266/2949 2951/3232/2921
f 2243/3116/2822 5568/2925/2655 5721/3254/2939
f 5568/2925/2655 3497/2953/2683 5721/3254/2939
f 5645/3195/2889 4216/3185/2875 3745/3267/2950
f 37/3268/2951 1249/3081/2562 968/2865/2563
f 2968/3269/2952 4379/3211/2901 90/3221/2910
f 2968/3269/2952 1863/3249/2936 4379/3211/2901
f 1863/3249/2936 29/3270/2953 1945/3181/2878
f 1532/3212/2902 6306/3173/2871 430/3271/2937
f 4177/2734/2482 6026/2711/2460 439/3265/2948
f 6207/2793/2537 4159/3272/2954 439/3265/2948
f 439/3265/2948 6026/2711/2460 6207/2793/2537
f 6021/3229/2918 2492/3266/2949 535/3175/2873
f 6208/3070/2782 4152/3069/2781 4158/3273/2954
f 4158/3273/2954 4152/3069/2781 5721/3254/2939
f 4152/3069/2781 2243/3116/2822 5721/3254/2939
f 6005/3240/2928 2162/3218/2907 5330/3274/2955
f 4999/3275/2956 5524/3276/2957 5628/3242/2930
f 5450/3233/2922 5628/3242/2930 5524/3276/2957
f 2162/3218/2907 6099/3241/2929 5330/3274/2955
f 3588/3277/2958 1552/3244/2932 1396/3219/2908
f 1623/3247/2934 4792/3198/2891 312/3197/2610
f 626/3259/2597 603/3278/2959 5486/3067/2598
f 1024/3260/2944 5919/3248/2935 2575/3220/2909
f 142/3279/2960 3692/3210/2900 439/3265/2948
f 6286/3280/2961 2573/3188/2884 5738/3190/2858
f 6285/3222/2911 3958/3036/2754 65/3183/2880
f 3567/3168/2868 4565/3209/2899 407/3245/2933
f 4193/3281/2962 65/3183/2880 5610/3191/2816
f 2283/3243/2931 1963/3161/2862 3666/3125/2830
f 1447/3282/2963 3411/3200/2892 3893/3204/2895
f 1025/3283/2944 4254/3231/2920 5918/3284/2964
f 4254/3231/2920 520/3153/2855 5918/3284/2964
f 3692/3210/2900 142/3279/2960 2465/3261/2945
f 4194/3285/2965 5609/3234/2923 5450/3233/2922
f 3744/3286/2950 4215/3177/2875 407/3245/2933
f 4604/3227/2916 5645/3195/2889 5152/3287/2966
f 5703/3288/2967 4604/3227/2916 5152/3287/2966
f 5330/3274/2955 5721/3254/2939 6005/3240/2928
f 1396/3219/2908 4604/3227/2916 5703/3288/2967
f 603/3278/2959 3605/3289/2968 5486/3067/2598
f 894/3290/2969 142/3279/2960 439/3265/2948
f 439/3265/2948 4159/3272/2954 894/3290/2969
f 4158/3273/2954 5721/3254/2939 3951/3291/2970
f 3605/3289/2968 700/3005/2728 5486/3067/2598
f 1706/3292/2971 1447/3282/2963 3893/3204/2895
f 1214/3228/2917 1706/3292/2971 3893/3204/2895
f 1447/3282/2963 1024/3260/2944 3411/3200/2892
f 29/3270/2953 1156/3208/2810 741/3131/2833
f 1465/3293/2927 2967/3294/2972 89/3295/2973
f 1850/3117/2823 753/3296/2974 1118/2652/2406
f 2492/3266/2949 5674/3297/2975 2951/3232/2921
f 924/2982/2710 5644/3298/2976 484/2442/2217
f 5674/3297/2975 4565/3209/2899 2951/3232/2921
f 6286/3280/2961 433/3299/2937 2573/3188/2884
f 3561/3300/2876 2791/3301/2582 4048/3302/2977
f 5152/3287/2966 5645/3195/2889 3745/3267/2950
f 4898/3164/2864 1464/3239/2927 90/3221/2910
f 1532/3212/2902 4468/3303/2978 2991/3102/2811
f 5839/2862/2599 1393/3165/2865 4660/3304/2979
f 829/3305/2980 4131/2886/2561 84/3141/2843
f 5721/3254/2939 5330/3274/2955 3951/3291/2970
f 1364/2740/2487 2425/3306/2981 5465/2936/2666
f 2879/3019/2671 1249/3081/2562 37/3268/2951
f 2991/3102/2811 4468/3303/2978 1207/3262/2946
f 4660/3304/2979 6019/3167/2867 5839/2862/2599
f 3951/3291/2970 895/3307/2982 4158/3273/2954
f 5674/3297/2975 407/3245/2933 4565/3209/2899
f 623/3114/2820 1562/2828/2567 4961/3180/2877
f 1945/3181/2878 29/3270/2953 741/3131/2833
f 828/3308/2980 1903/3106/2813 4132/2822/2561
f 5674/3297/2975 2492/3266/2949 3738/3309/2983
f 3774/3310/2984 2544/3187/2883 5465/2936/2666
f 1214/3228/2917 1934/3311/2985 1706/3292/2971
f 5616/3312/2986 39/3257/2942 3007/3313/2616
f 4729/3314/2987 6021/3229/2918 2984/3213/2903
f 6021/3229/2918 5829/3315/2988 2492/3266/2949
f 3738/3309/2983 2492/3266/2949 5829/3315/2988
f 6088/3316/2989 5644/3298/2976 924/2982/2710
f 4319/3317/2990 3951/3291/2970 5330/3274/2955
f 6099/3241/2929 2137/3318/2991 5330/3274/2955
f 3968/3319/2992 444/3320/2993 4792/3198/2891
f 160/3321/2994 1214/3228/2917 2465/3261/2945
f 2141/3193/2887 5630/3192/2886 2283/3243/2931
f 4194/3285/2965 4938/3322/2995 64/3323/2880
f 3561/3300/2876 2424/3324/2981 1363/3325/2996
f 147/3326/2997 4792/3198/2891 1623/3247/2934
f 4374/3327/2998 1396/3219/2908 5703/3288/2967
f 1217/2888/2619 2313/3100/2809 526/2579/2344
f 4254/3231/2920 1025/3283/2944 2773/3328/2999
f 1207/3262/2946 5234/3329/3000 1464/3239/2927
f 382/3330/3001 4254/3231/2920 2773/3328/2999
f 2984/3213/2903 4254/3231/2920 382/3330/3001
f 2465/3261/2945 142/3279/2960 3661/3331/3002
f 431/3332/2937 4992/3333/3003 1533/3334/2902
f 2984/3213/2903 382/3330/3001 4729/3314/2987
f 4729/3314/2987 5829/3315/2988 6021/3229/2918
f 1637/3335/3004 5330/3274/2955 2137/3318/2991
f 3588/3277/2958 1396/3219/2908 4374/3327/2998
f 1413/3336/3005 3968/3319/2992 4792/3198/2891
f 3600/3337/3006 626/3259/2597 5620/3258/2943
f 5257/3338/3007 1863/3249/2936 2968/3269/2952
f 1531/3339/2902 4327/3340/3008 4469/3341/2978
f 5829/3315/2988 4729/3314/2987 1272/3342/3009
f 3738/3309/2983 5452/3343/3010 5674/3297/2975
f 5674/3297/2975 5452/3343/3010 407/3245/2933
f 5330/3274/2955 1637/3335/3004 4319/3317/2990
f 4999/3275/2956 3754/3344/3011 5524/3276/2957
f 4998/3217/2906 2141/3193/2887 3755/3345/3011
f 4194/3285/2965 5450/3233/2922 5130/3346/3012
f 1552/3244/2932 3588/3277/2958 403/3347/3013
f 160/3321/2994 1934/3311/2985 1214/3228/2917
f 1155/3348/3014 4427/3349/3015 1052/3350/2797
f 4468/3303/2978 5234/3329/3000 1207/3262/2946
f 1531/3339/2902 4994/3351/3016 4327/3340/3008
f 4729/3314/2987 382/3330/3001 1272/3342/3009
f 500/3352/3017 3965/3353/3018 1272/3342/3009
f 875/3354/3019 142/3279/2960 894/3290/2969
f 3965/3353/3018 4958/3355/3020 1272/3342/3009
f 5359/3356/3021 6019/3167/2867 4660/3304/2979
f 4958/3355/3020 1632/3357/3022 1272/3342/3009
f 1632/3357/3022 5829/3315/2988 1272/3342/3009
f 113/3358/3023 6245/3359/3024 1632/3357/3022
f 1632/3357/3022 6245/3359/3024 5829/3315/2988
f 5829/3315/2988 6245/3359/3024 5452/3343/3010
f 6245/3359/3024 3705/3360/3025 5452/3343/3010
f 3738/3309/2983 5829/3315/2988 5452/3343/3010
f 429/3361/2937 1872/3362/3026 4993/3363/3003
f 433/3299/2937 6286/3280/2961 1873/3364/3027
f 5450/3233/2922 5524/3276/2957 5130/3346/3012
f 5452/3343/3010 4744/3365/3028 407/3245/2933
f 4744/3365/3028 3744/3286/2950 407/3245/2933
f 737/3366/3029 3744/3286/2950 4744/3365/3028
f 3301/3367/3030 6099/3241/2929 1552/3244/2932
f 1552/3244/2932 403/3347/3013 3301/3367/3030
f 3588/3277/2958 4374/3327/2998 403/3347/3013
f 3600/3337/3006 603/3278/2959 626/3259/2597
f 160/3321/2994 2465/3261/2945 3661/3331/3002
f 4469/3341/2978 5391/3368/3031 5233/3369/3032
f 3661/3331/3002 142/3279/2960 875/3354/3019
f 1487/3370/3033 500/3352/3017 382/3330/3001
f 382/3330/3001 500/3352/3017 1272/3342/3009
f 6177/3371/3034 895/3307/2982 3951/3291/2970
f 4533/3372/3035 2141/3193/2887 2283/3243/2931
f 4938/3322/2995 4194/3285/2965 5130/3346/3012
f 2137/3318/2991 6099/3241/2929 3301/3367/3030
f 4509/3373/3036 2772/3374/2999 1024/3260/2944
f 2349/3154/2856 484/2442/2217 5644/3298/2976
f 5886/3139/2841 3771/2682/2435 6019/3167/2867
f 2653/3375/3037 3951/3291/2970 4319/3317/2990
f 1989/3376/3038 4744/3365/3028 3705/3360/3025
f 3705/3360/3025 4744/3365/3028 5452/3343/3010
f 64/3323/2880 4938/3322/2995 1700/3377/3039
f 3755/3345/3011 2141/3193/2887 4533/3372/3035
f 1024/3260/2944 1447/3282/2963 4509/3373/3036
f 5616/3312/2986 3007/3313/2616 1052/3350/2797
f 2773/3328/2999 1427/3378/3040 1487/3370/3033
f 2773/3328/2999 1487/3370/3033 382/3330/3001
f 6177/3371/3034 3951/3291/2970 4692/3379/3041
f 2653/3375/3037 4692/3379/3041 3951/3291/2970
f 1989/3376/3038 2351/3380/3042 4744/3365/3028
f 736/3381/3029 5152/3287/2966 3745/3267/2950
f 700/3005/2728 3605/3289/2968 4800/3006/2729
f 1465/3293/2927 5233/3369/3032 2967/3294/2972
f 5233/3369/3032 5256/3382/3043 2967/3294/2972
f 2274/3263/2947 5570/3383/3044 1392/3264/2865
f 4327/3340/3008 4994/3351/3016 270/3384/3045
f 269/3385/3045 4993/3363/3003 1076/3386/3046
f 1872/3362/3026 1076/3386/3046 4993/3363/3003
f 5524/3276/2957 3754/3344/3011 5130/3346/3012
f 2351/3380/3042 737/3366/3029 4744/3365/3028
f 2427/3387/2981 3775/3388/3047 5464/3389/2666
f 5703/3288/2967 5152/3287/2966 736/3381/3029
f 1706/3292/2971 1934/3311/2985 5092/3390/3048
f 1706/3292/2971 5092/3390/3048 1447/3282/2963
f 5128/3391/3049 1427/3378/3040 2773/3328/2999
f 3892/3392/3050 3965/3353/3018 500/3352/3017
f 6286/3280/2961 63/3393/2880 1699/3394/3051
f 4938/3322/2995 5130/3346/3012 3754/3344/3011
f 5790/3395/3052 737/3366/3029 2351/3380/3042
f 57/3396/3053 5703/3288/2967 736/3381/3029
f 4374/3327/2998 5703/3288/2967 57/3396/3053
f 5092/3390/3048 4509/3373/3036 1447/3282/2963
f 2440/3397/3054 5129/3398/3049 4509/3373/3036
f 2772/3374/2999 4509/3373/3036 5129/3398/3049
f 513/3399/3055 3595/3400/3056 5257/3338/3007
f 4938/3322/2995 3754/3344/3011 4783/3401/3057
f 2137/3318/2991 3301/3367/3030 403/3347/3013
f 5233/3369/3032 514/3402/3055 5256/3382/3043
f 6302/3403/3058 1850/3117/2823 664/2813/2553
f 875/3354/3019 894/3290/2969 6178/3404/3059
f 1162/3405/3060 4319/3317/2990 1637/3335/3004
f 1700/3377/3039 4938/3322/2995 4783/3401/3057
f 2137/3318/2991 1162/3405/3060 1637/3335/3004
f 4047/3406/3061 2790/2845/2582 1903/3106/2813
f 5790/3395/3052 2548/3407/3062 737/3366/3029
f 57/3396/3053 403/3347/3013 4374/3327/2998
f 5391/3368/3031 514/3402/3055 5233/3369/3032
f 2214/3408/3063 4327/3340/3008 270/3384/3045
f 2214/3408/3063 270/3384/3045 864/3409/3064
f 1527/3410/3065 1632/3357/3022 4958/3355/3020
f 2351/3380/3042 3379/3411/3066 5790/3395/3052
f 57/3396/3053 736/3381/3029 2547/3412/3062
f 5092/3390/3048 1934/3311/2985 2915/3413/3067
f 3312/3414/3068 83/3415/3069 549/3416/2844
f 3595/3400/3056 29/3270/2953 1863/3249/2936
f 3595/3400/3056 1863/3249/2936 5257/3338/3007
f 4469/3341/2978 4327/3340/3008 2214/3408/3063
f 1872/3362/3026 3374/3417/3070 1076/3386/3046
f 5529/3418/3071 3755/3345/3011 4533/3372/3035
f 2216/3419/3072 2137/3318/2991 403/3347/3013
f 39/3257/2942 5616/3312/2986 5620/3258/2943
f 4509/3373/3036 5092/3390/3048 6158/3420/3073
f 4509/3373/3036 6158/3420/3073 2440/3397/3054
f 1934/3311/2985 160/3321/2994 2915/3413/3067
f 5391/3368/3031 4469/3341/2978 2214/3408/3063
f 863/3421/3074 268/3422/3045 3373/3423/3070
f 269/3385/3045 1076/3386/3046 3374/3417/3070
f 113/3358/3023 3742/3424/3075 6245/3359/3024
f 1162/3405/3060 2653/3375/3037 4319/3317/2990
f 3754/3344/3011 498/3425/3076 4783/3401/3057
f 5529/3418/3071 499/3426/3077 3755/3345/3011
f 1699/3394/3051 1873/3364/3027 6286/3280/2961
f 1015/3427/3078 57/3396/3053 2547/3412/3062
f 2216/3419/3072 403/3347/3013 57/3396/3053
f 5391/3368/3031 1463/3428/3079 514/3402/3055
f 2214/3408/3063 864/3409/3064 3102/3429/3080
f 1529/3430/3081 862/3431/3082 3374/3417/3070
f 1874/3432/3026 1700/3377/3039 3310/3433/3083
f 4783/3401/3057 498/3425/3076 712/3434/3084
f 5584/3094/2804 5898/3230/2919 4809/3435/3085
f 5092/3390/3048 2105/3436/3086 6158/3420/3073
f 2466/3437/3087 2105/3436/3086 5092/3390/3048
f 6203/3438/3088 515/3439/3089 1462/3440/3079
f 500/3352/3017 1487/3370/3033 6032/3441/3090
f 2657/3442/3091 3705/3360/3025 6245/3359/3024
f 1526/3443/3092 3374/3417/3070 3311/3444/3093
f 3374/3417/3070 1872/3362/3026 3311/3444/3093
f 5092/3390/3048 2915/3413/3067 2466/3437/3087
f 5391/3368/3031 2214/3408/3063 1369/3445/3094
f 3764/3446/3095 3661/3331/3002 875/3354/3019
f 6203/3438/3088 1462/3440/3079 2193/3447/3096
f 4239/3448/3097 500/3352/3017 6032/3441/3090
f 6288/3449/3098 3102/3429/3080 864/3409/3064
f 828/3308/2980 4107/3450/3099 1903/3106/2813
f 498/3425/3076 5534/3451/3100 712/3434/3084
f 1700/3377/3039 4783/3401/3057 712/3434/3084
f 1162/3405/3060 2137/3318/2991 2216/3419/3072
f 2216/3419/3072 57/3396/3053 615/3452/3101
f 615/3452/3101 57/3396/3053 1015/3427/3078
f 1463/3428/3079 5391/3368/3031 1369/3445/3094
f 3892/3392/3050 500/3352/3017 4239/3448/3097
f 4235/3453/3102 206/3454/3103 1463/3428/3079
f 2193/3447/3096 1462/3440/3079 207/3455/3103
f 234/3456/3104 3965/3353/3018 3892/3392/3050
f 2214/3408/3063 3102/3429/3080 2605/3457/3105
f 208/3458/3106 916/3459/3107 2194/3460/3108
f 2191/3461/3108 915/3462/3107 499/3426/3077
f 1529/3430/3081 2503/3463/3109 862/3431/3082
f 2191/3461/3108 499/3426/3077 2362/3464/3110
f 917/3465/3107 2398/3466/3111 498/3425/3076
f 3826/3467/3112 3374/3417/3070 1526/3443/3092
f 498/3425/3076 2398/3466/3111 5534/3451/3100
f 3038/3468/3113 712/3434/3084 2398/3466/3111
f 2398/3466/3111 712/3434/3084 5534/3451/3100
f 1162/3405/3060 2216/3419/3072 2827/3469/3114
f 1242/3470/3115 2216/3419/3072 615/3452/3101
f 5526/3471/2627 3339/2958/2686 5014/3075/2786
f 1623/3247/2934 2545/3255/2940 147/3326/2997
f 4975/3472/3116 2466/3437/3087 2915/3413/3067
f 2605/3457/3105 1369/3445/3094 2214/3408/3063
f 160/3321/2994 3661/3331/3002 2915/3413/3067
f 1463/3428/3079 1369/3445/3094 2605/3457/3105
f 2605/3457/3105 4235/3453/3102 1463/3428/3079
f 6239/3473/3117 2192/3474/3096 2363/3475/3110
f 3102/3429/3080 6288/3449/3098 4629/3476/3118
f 2502/3477/3109 6287/3478/3119 865/3479/3064
f 3374/3417/3070 3826/3467/3112 1529/3430/3081
f 1526/3443/3092 3311/3444/3093 3037/3480/3113
f 3038/3468/3113 3310/3433/3083 712/3434/3084
f 2653/3375/3037 1162/3405/3060 4376/3481/3120
f 3310/3433/3083 1700/3377/3039 712/3434/3084
f 2286/3482/3121 6158/3420/3073 2105/3436/3086
f 2466/3437/3087 2286/3482/3121 2105/3436/3086
f 6203/3438/3088 2193/3447/3096 6240/3483/3117
f 208/3458/3106 4236/3484/3102 123/3485/3122
f 3764/3446/3095 875/3354/3019 6/3486/3123
f 875/3354/3019 6178/3404/3059 6/3486/3123
f 2653/3375/3037 4376/3481/3120 4692/3379/3041
f 4376/3481/3120 1162/3405/3060 2827/3469/3114
f 3813/3487/3124 2216/3419/3072 1242/3470/3115
f 37/3268/2951 968/2865/2563 1091/3488/3125
f 1091/3488/3125 968/2865/2563 719/2867/2603
f 2915/3413/3067 4802/3489/3126 4975/3472/3116
f 3661/3331/3002 3764/3446/3095 2915/3413/3067
f 4629/3476/3118 2605/3457/3105 3102/3429/3080
f 6177/3371/3034 4692/3379/3041 4376/3481/3120
f 6177/3371/3034 4376/3481/3120 5/3490/3127
f 1526/3443/3092 3037/3480/3113 3826/3467/3112
f 2441/3491/3054 1086/3492/3128 5128/3391/3049
f 4628/3493/3129 4233/3494/3130 2606/3495/3131
f 6238/3496/3117 2362/3464/3110 2202/3497/3132
f 2362/3464/3110 499/3426/3077 2202/3497/3132
f 2827/3469/3114 2216/3419/3072 5903/3498/3133
f 5903/3498/3133 2216/3419/3072 3813/3487/3124
f 917/3465/3107 2766/3499/3134 2398/3466/3111
f 5903/3498/3133 4376/3481/3120 2827/3469/3114
f 719/2867/2603 442/3500/2583 3967/3501/3135
f 5979/3502/3136 2313/3100/2809 1217/2888/2619
f 2915/3413/3067 3764/3446/3095 4802/3489/3126
f 3764/3446/3095 6136/3503/3137 4802/3489/3126
f 5920/3504/3138 123/3485/3122 4236/3484/3102
f 1921/3505/3139 916/3459/3107 208/3458/3106
f 1529/3430/3081 3826/3467/3112 1344/3506/3140
f 3463/3507/3141 4376/3481/3120 5903/3498/3133
f 2545/3255/2940 1484/3508/3142 147/3326/2997
f 5979/3502/3136 1217/2888/2619 4006/3093/2803
f 6000/3509/2853 5585/3510/2804 4808/3511/3085
f 5126/3512/3143 4430/3513/3015 1156/3208/2810
f 3764/3446/3095 5332/3514/3144 6136/3503/3137
f 3765/3515/3145 4/3516/3146 5331/3517/3147
f 4/3516/3146 641/3518/3148 5331/3517/3147
f 2399/3519/3149 2767/3520/3150 3025/3521/3151
f 4/3516/3146 4375/3522/3152 641/3518/3148
f 3826/3467/3112 3037/3480/3113 3025/3521/3151
f 640/3523/3148 4376/3481/3120 3463/3507/3141
f 1527/3410/3065 113/3358/3023 1632/3357/3022
f 5903/3498/3133 3813/3487/3124 2332/3524/3153
f 6202/3525/3088 3595/3400/3056 513/3399/3055
f 4928/3526/3154 1392/3264/2865 5570/3383/3044
f 664/2813/2553 4178/3527/3155 6302/3403/3058
f 208/3458/3106 123/3485/3122 5920/3504/3138
f 1989/3376/3038 4051/3528/3156 2351/3380/3042
f 5920/3504/3138 1921/3505/3139 208/3458/3106
f 4006/3093/2803 1997/3529/3157 5979/3502/3136
f 964/3530/3158 4958/3355/3020 3965/3353/3018
f 5921/3531/3159 4234/3532/3102 4629/3476/3118
f 2504/3533/3109 5695/3534/3160 6290/3535/3119
f 499/3426/3077 5529/3418/3071 4507/3536/3161
f 5529/3418/3071 4533/3372/3035 2794/3537/3162
f 4244/3538/3163 2124/2957/2641 3841/2986/2712
f 1444/3539/3164 1091/3488/3125 719/2867/2603
f 4799/3148/2850 1997/3529/3157 4006/3093/2803
f 1487/3370/3033 1427/3378/3040 1717/3540/3165
f 6032/3441/3090 1487/3370/3033 450/3541/3166
f 3379/3411/3066 2351/3380/3042 1467/3542/3167
f 3841/2986/2712 2879/3019/2671 4244/3538/3163
f 6288/3449/3098 3597/3543/3168 4629/3476/3118
f 2768/3544/3169 916/3459/3107 1921/3505/3139
f 3025/3521/3151 3037/3480/3113 2399/3519/3149
f 4918/3545/3170 1344/3506/3140 3826/3467/3112
f 3597/3543/3168 5921/3531/3159 4629/3476/3118
f 3597/3543/3168 6288/3449/3098 366/3546/3171
f 113/3358/3023 1527/3410/3065 3742/3424/3075
f 1617/3547/3172 925/3029/2710 1565/3253/2938
f 6235/3548/3173 1989/3376/3038 3705/3360/3025
f 1989/3376/3038 6235/3548/3173 4051/3528/3156
f 4107/3450/3099 4047/3406/3061 1903/3106/2813
f 1242/3470/3115 615/3452/3101 2997/3549/3174
f 2879/3019/2671 37/3268/2951 3708/3550/3175
f 1527/3410/3065 4958/3355/3020 964/3530/3158
f 4861/3551/3176 2503/3463/3109 1529/3430/3081
f 4507/3536/3161 2202/3497/3132 499/3426/3077
f 356/3552/3177 2313/3100/2809 5979/3502/3136
f 6289/3553/3098 5696/3554/3178 365/3555/3171
f 3826/3467/3112 3025/3521/3151 4918/3545/3170
f 616/3556/3101 3694/3557/3179 2996/3558/3180
f 37/3268/2951 1091/3488/3125 3708/3550/3175
f 1444/3539/3164 719/2867/2603 3967/3501/3135
f 6302/3403/3058 753/3296/2974 1850/3117/2823
f 3918/3559/3181 4239/3448/3097 6032/3441/3090
f 3918/3559/3181 3892/3392/3050 4239/3448/3097
f 2108/3560/3182 5921/3531/3159 3597/3543/3168
f 1920/3561/3183 5921/3531/3159 2108/3560/3182
f 1765/3562/3184 6203/3438/3088 6240/3483/3117
f 3919/3563/3185 3918/3559/3181 6032/3441/3090
f 3919/3563/3185 3892/3392/3050 3918/3559/3181
f 2170/3564/3186 6135/3565/3187 5331/3517/3147
f 2887/3566/3188 1344/3506/3140 4918/3545/3170
f 5014/3075/2786 2124/2957/2641 950/3567/3189
f 450/3541/3166 1487/3370/3033 1717/3540/3165
f 4918/3545/3170 3025/3521/3151 87/3568/3190
f 5321/3569/3191 3464/3570/3192 5902/3571/3193
f 468/3572/3194 5903/3498/3133 2332/3524/3153
f 2794/3537/3162 4507/3536/3161 5529/3418/3071
f 1742/3573/3195 2548/3407/3062 5790/3395/3052
f 549/3416/2844 4437/3205/2896 3312/3414/3068
f 4653/3574/3196 1086/3492/3128 2441/3491/3054
f 5695/3534/3160 2504/3533/3109 4863/3575/3197
f 2106/3576/3182 4584/3577/3198 1921/3505/3139
f 1921/3505/3139 4584/3577/3198 2768/3544/3169
f 87/3568/3190 2767/3520/3150 4582/3578/3199
f 87/3568/3190 3025/3521/3151 2767/3520/3150
f 950/3567/3189 5526/3471/2627 5014/3075/2786
f 356/3552/3177 4961/3180/2877 2313/3100/2809
f 5514/3579/3200 83/3415/3069 3312/3414/3068
f 5965/3580/3201 5526/3471/2627 950/3567/3189
f 1413/3336/3005 4792/3198/2891 147/3326/2997
f 1940/3581/3202 3605/3289/2968 603/3278/2959
f 356/3552/3177 6106/3582/3203 4961/3180/2877
f 2117/3583/3204 5620/3258/2943 5616/3312/2986
f 4437/3205/2896 6002/3207/2898 1876/3584/3205
f 3272/3585/3206 3892/3392/3050 3919/3563/3185
f 913/3586/3207 4918/3545/3170 87/3568/3190
f 3272/3585/3206 3919/3563/3185 6032/3441/3090
f 1765/3562/3184 6240/3483/3117 2203/3587/3132
f 664/2813/2553 2349/3154/2856 4178/3527/3155
f 5898/3230/2919 623/3114/2820 4961/3180/2877
f 5128/3391/3049 4835/3588/3208 1427/3378/3040
f 370/3589/3209 4660/3304/2979 1393/3165/2865
f 2944/3590/3210 5696/3554/3178 4862/3591/3197
f 5644/3298/2976 3854/3592/3211 2349/3154/2856
f 1507/3593/3212 641/3518/3148 3464/3570/3192
f 1616/3594/3213 6088/3316/2989 924/2982/2710
f 2286/3482/3121 4652/3595/3196 6158/3420/3073
f 3813/3487/3124 1242/3470/3115 2997/3549/3174
f 615/3452/3101 1015/3427/3078 3695/3596/3214
f 5602/3597/3215 1014/3598/3216 2548/3407/3062
f 4891/3599/3217 2124/2957/2641 4244/3538/3163
f 2716/3600/3218 1413/3336/3005 147/3326/2997
f 5126/3512/3143 1156/3208/2810 29/3270/2953
f 3595/3400/3056 1049/3601/3219 29/3270/2953
f 450/3541/3166 3272/3585/3206 6032/3441/3090
f 4804/3602/3220 4048/3302/2977 4105/3603/3099
f 2117/3583/3204 3600/3337/3006 5620/3258/2943
f 1991/3604/3221 4961/3180/2877 6106/3582/3203
f 2657/3442/3091 6245/3359/3024 3742/3424/3075
f 6235/3548/3173 3705/3360/3025 2657/3442/3091
f 603/3278/2959 3600/3337/3006 1940/3581/3202
f 5616/3312/2986 1052/3350/2797 2558/3605/3222
f 5936/3606/3223 3464/3570/3192 5321/3569/3191
f 1381/3607/3224 4506/3608/3161 2795/3609/3225
f 4427/3349/3015 2558/3605/3222 1052/3350/2797
f 371/3610/3226 1392/3264/2865 4928/3526/3154
f 4583/3611/3198 2107/3612/3227 3648/3613/3228
f 1482/3614/3142 2543/3615/2883 3775/3388/3047
f 4891/3599/3217 950/3567/3189 2124/2957/2641
f 1997/3529/3157 4667/3616/3229 5979/3502/3136
f 5898/3230/2919 4961/3180/2877 1991/3604/3221
f 2286/3482/3121 2466/3437/3087 4975/3472/3116
f 2274/3263/2947 1118/2652/2406 753/3296/2974
f 3965/3353/3018 234/3456/3104 964/3530/3158
f 829/3305/2980 84/3141/2843 5513/3617/3200
f 654/3618/3230 2107/3612/3227 3596/3619/3231
f 3854/3592/3211 4178/3527/3155 2349/3154/2856
f 4533/3372/3035 2283/3243/2931 649/3620/3232
f 4667/3616/3229 356/3552/3177 5979/3502/3136
f 6202/3525/3088 1049/3601/3219 3595/3400/3056
f 4990/3621/3233 1529/3430/3081 1344/3506/3140
f 5359/3356/3021 5886/3139/2841 6019/3167/2867
f 4244/3538/3163 2879/3019/2671 3708/3550/3175
f 4340/3622/3234 6106/3582/3203 356/3552/3177
f 2558/3605/3222 2117/3583/3204 5616/3312/2986
f 1991/3604/3221 6106/3582/3203 4340/3622/3234
f 3272/3585/3206 234/3456/3104 3892/3392/3050
f 4919/3623/3235 914/3624/3207 2888/3625/3236
f 4804/3602/3220 3561/3300/2876 4048/3302/2977
f 3115/3626/3237 1997/3529/3157 4799/3148/2850
f 1086/3492/3128 4835/3588/3208 5128/3391/3049
f 1048/3627/3219 1610/3628/3238 30/3629/2953
f 1766/3630/3184 1048/3627/3219 6201/3631/3088
f 4991/3632/3233 1345/3633/3239 2888/3625/3236
f 3606/3634/3240 3115/3626/3237 4799/3148/2850
f 2440/3397/3054 6158/3420/3073 4652/3595/3196
f 3928/3635/3241 4975/3472/3116 4802/3489/3126
f 5359/3356/3021 4660/3304/2979 370/3589/3209
f 474/3636/3242 2279/3637/3243 5852/3638/3244
f 5852/3638/3244 2279/3637/3243 1416/3639/3245
f 3691/3640/3246 914/3624/3207 88/3641/3247
f 6295/3642/3248 4805/3643/3220 4106/3644/3099
f 2427/3387/2981 1482/3614/3142 3775/3388/3047
f 4835/3588/3208 1717/3540/3165 1427/3378/3040
f 3272/3585/3206 964/3530/3158 234/3456/3104
f 964/3530/3158 3272/3585/3206 5852/3638/3244
f 5852/3638/3244 1527/3410/3065 964/3530/3158
f 1527/3410/3065 5852/3638/3244 1416/3639/3245
f 1527/3410/3065 1416/3639/3245 3742/3424/3075
f 5790/3395/3052 3379/3411/3066 1742/3573/3195
f 1779/3645/3249 5852/3638/3244 450/3541/3166
f 1779/3645/3249 474/3636/3242 5852/3638/3244
f 450/3541/3166 5852/3638/3244 3272/3585/3206
f 4106/3644/3099 830/3646/2980 4641/3647/3250
f 3742/3424/3075 1416/3639/3245 2657/3442/3091
f 2657/3442/3091 1416/3639/3245 1559/3648/3251
f 2657/3442/3091 1559/3648/3251 6235/3548/3173
f 4051/3528/3156 1467/3542/3167 2351/3380/3042
f 1779/3645/3249 450/3541/3166 1717/3540/3165
f 1779/3645/3249 3431/3649/3252 474/3636/3242
f 2073/3650/3253 6291/3651/3254 474/3636/3242
f 2279/3637/3243 474/3636/3242 6291/3651/3254
f 1416/3639/3245 2279/3637/3243 5145/3652/3255
f 5602/3597/3215 2548/3407/3062 1742/3573/3195
f 4437/3205/2896 1876/3584/3205 3312/3414/3068
f 1875/3653/3205 1556/3654/3256 3313/3655/3068
f 30/3629/2953 1610/3628/3238 5127/3656/3143
f 3431/3649/3252 2073/3650/3253 474/3636/3242
f 3648/3613/3228 2107/3612/3227 654/3618/3230
f 4989/3657/3257 4862/3591/3197 1528/3658/3258
f 1416/3639/3245 5145/3652/3255 5901/3659/3259
f 1416/3639/3245 6047/3660/3260 1559/3648/3251
f 6235/3548/3173 1559/3648/3251 4051/3528/3156
f 1559/3648/3251 5017/3661/3261 4051/3528/3156
f 3697/3662/3214 1014/3598/3216 5602/3597/3215
f 147/3326/2997 1484/3508/3142 2716/3600/3218
f 3968/3319/2992 1413/3336/3005 130/3663/3262
f 1444/3539/3164 3967/3501/3135 129/3664/3263
f 1717/3540/3165 3164/3665/3264 1779/3645/3249
f 3072/3666/3265 3431/3649/3252 1779/3645/3249
f 753/3296/2974 2022/3667/3266 2274/3263/2947
f 365/3555/3171 654/3618/3230 3596/3619/3231
f 6291/3651/3254 2350/3668/3267 2279/3637/3243
f 2666/3669/3268 2279/3637/3243 2350/3668/3267
f 5145/3652/3255 2279/3637/3243 2666/3669/3268
f 701/3670/3269 5644/3298/2976 6088/3316/2989
f 5901/3659/3259 6047/3660/3260 1416/3639/3245
f 468/3572/3194 2332/3524/3153 3813/3487/3124
f 1467/3542/3167 4051/3528/3156 3379/3411/3066
f 2942/3050/2766 5528/3176/2874 3195/3671/3270
f 3379/3411/3066 4051/3528/3156 5017/3661/3261
f 1559/3648/3251 6047/3660/3260 5017/3661/3261
f 3072/3666/3265 1779/3645/3249 3164/3665/3264
f 3164/3665/3264 4835/3588/3208 1086/3492/3128
f 3164/3665/3264 1717/3540/3165 4835/3588/3208
f 1616/3594/3213 701/3670/3269 6088/3316/2989
f 4810/3672/3085 1301/3673/3271 6001/3674/2898
f 1030/3675/3272 371/3610/3226 4928/3526/3154
f 4496/3676/3273 5359/3356/3021 370/3589/3209
f 1742/3573/3195 3379/3411/3066 5017/3661/3261
f 3561/3300/2876 5061/3677/3274 2424/3324/2981
f 545/3678/3275 830/3646/2980 5515/3679/3200
f 4840/3680/3276 365/3555/3171 5696/3554/3178
f 1766/3630/3184 2201/3681/3132 614/3682/3277
f 6295/3642/3248 4106/3644/3099 4641/3647/3250
f 2846/3683/3278 2201/3681/3132 4506/3608/3161
f 2149/3684/3279 3072/3666/3265 3164/3665/3264
f 145/3685/3280 4928/3526/3154 5570/3383/3044
f 2274/3263/2947 145/3685/3280 5570/3383/3044
f 701/3670/3269 3854/3592/3211 5644/3298/2976
f 3464/3570/3192 5936/3606/3223 1507/3593/3212
f 2899/3686/3281 2116/3687/3204 2559/3688/3222
f 5729/3689/3282 2286/3482/3121 4975/3472/3116
f 1557/3690/3283 5514/3579/3200 3312/3414/3068
f 6136/3503/3137 529/3691/3284 4802/3489/3126
f 5359/3356/3021 4496/3676/3273 5886/3139/2841
f 4533/3372/3035 649/3620/3232 2794/3537/3162
f 3193/3692/3270 5527/3693/2627 5964/3694/3285
f 1742/3573/3195 5017/3661/3261 1006/3695/3286
f 6047/3660/3260 5724/3696/3287 5017/3661/3261
f 5139/3697/3288 5899/3698/2919 1990/3699/3221
f 4810/3672/3085 5899/3698/2919 5139/3697/3288
f 1165/3700/3289 2149/3684/3279 3164/3665/3264
f 1165/3700/3289 3164/3665/3264 1086/3492/3128
f 1165/3700/3289 1086/3492/3128 4653/3574/3196
f 5127/3656/3143 4126/3701/3290 4428/3702/3015
f 6291/3651/3254 2073/3650/3253 3818/3703/3291
f 1742/3573/3195 1006/3695/3286 5602/3597/3215
f 6071/3704/3292 5964/3694/3285 951/3705/3189
f 4892/3706/3217 4243/3707/3163 5622/3708/3293
f 4583/3611/3198 3691/3640/3246 88/3641/3247
f 1452/3709/3294 2666/3669/3268 2350/3668/3267
f 1617/3547/3172 1565/3253/2938 5172/3710/3295
f 5475/3711/3296 3666/3125/2830 2942/3050/2766
f 5724/3696/3287 287/3712/3297 5017/3661/3261
f 353/3713/3298 4243/3707/3163 3707/3714/3175
f 1990/3699/3221 4341/3715/3299 3553/3716/3300
f 1165/3700/3289 4653/3574/3196 2287/3717/3301
f 3928/3635/3241 5729/3689/3282 4975/3472/3116
f 914/3624/3207 6222/3718/3302 2888/3625/3236
f 1452/3709/3294 5145/3652/3255 2666/3669/3268
f 4892/3706/3217 5622/3708/3293 6071/3704/3292
f 3553/3716/3300 4341/3715/3299 355/3719/3303
f 3987/3720/3304 2350/3668/3267 6291/3651/3254
f 4862/3591/3197 4989/3657/3257 2211/3721/3305
f 3697/3662/3214 5602/3597/3215 1006/3695/3286
f 2426/3722/2981 2490/3723/3306 1483/3724/3142
f 3431/3649/3252 3469/3725/3307 2073/3650/3253
f 2131/3726/3308 3928/3635/3241 4802/3489/3126
f 2022/3667/3266 753/3296/2974 6302/3403/3058
f 3987/3720/3304 1452/3709/3294 2350/3668/3267
f 2846/3683/3278 4506/3608/3161 1381/3607/3224
f 5901/3659/3259 1166/3727/3309 6047/3660/3260
f 3814/3728/3310 2995/3729/3311 470/3730/3194
f 649/3620/3232 2283/3243/2931 3666/3125/2830
f 3697/3662/3214 1006/3695/3286 3909/3731/3312
f 1006/3695/3286 5017/3661/3261 5641/3732/3313
f 287/3712/3297 5641/3732/3313 5017/3661/3261
f 1485/3733/3142 2489/3734/3306 2715/3735/3218
f 2899/3686/3281 2559/3688/3222 4429/3736/3015
f 529/3691/3284 2131/3726/3308 4802/3489/3126
f 2170/3564/3186 5331/3517/3147 5798/3737/3314
f 5798/3737/3314 5331/3517/3147 641/3518/3148
f 4583/3611/3198 3648/3613/3228 2139/3738/3315
f 2211/3721/3305 31/3739/3316 4862/3591/3197
f 420/3740/3317 1565/3253/2938 5886/3139/2841
f 648/3741/3232 3665/3742/2830 4315/3743/3318
f 2715/3735/3218 2489/3734/3306 5461/3744/3319
f 6001/3674/2898 1301/3673/3271 1875/3653/3205
f 1164/3745/3320 2284/3746/3301 1835/3747/3321
f 2226/3748/3322 5515/3679/3200 1556/3654/3256
f 4178/3527/3155 5337/3749/3323 6302/3403/3058
f 1452/3709/3294 1166/3727/3309 5145/3652/3255
f 1166/3727/3309 5901/3659/3259 5145/3652/3255
f 6071/3704/3292 951/3705/3189 4892/3706/3217
f 5461/3744/3319 1412/3750/3324 2715/3735/3218
f 1835/3747/3321 4844/3751/3325 1164/3745/3320
f 3072/3666/3265 4069/3752/3326 3431/3649/3252
f 2132/3753/3327 3927/3754/3241 2130/3755/3308
f 2132/3753/3327 2130/3755/3308 528/3756/3328
f 2944/3590/3210 4862/3591/3197 1499/3757/3329
f 4862/3591/3197 31/3739/3316 1499/3757/3329
f 5798/3737/3314 641/3518/3148 1507/3593/3212
f 4711/3758/3330 614/3682/3277 2201/3681/3132
f 1164/3745/3320 5273/3759/3331 2150/3760/3332
f 2149/3684/3279 5803/3761/3333 3072/3666/3265
f 1555/3762/3334 1556/3654/3256 1875/3653/3205
f 1833/3763/3321 2285/3764/3301 5730/3765/3335
f 2132/3753/3327 1855/3766/3336 3927/3754/3241
f 1855/3766/3336 2132/3753/3327 528/3756/3328
f 3818/3703/3291 2073/3650/3253 3469/3725/3307
f 371/3610/3226 1030/3675/3272 2727/3767/3337
f 3987/3720/3304 6291/3651/3254 3818/3703/3291
f 4583/3611/3198 2139/3738/3315 3691/3640/3246
f 3827/3768/3338 4991/3632/3233 2888/3625/3236
f 5902/3571/3193 469/3769/3194 5321/3569/3191
f 2994/3770/3311 3696/3771/3339 3908/3772/3312
f 5275/3773/3331 2612/3774/3340 2149/3684/3279
f 1164/3745/3320 4844/3751/3325 5273/3759/3331
f 4928/3526/3154 145/3685/3280 1030/3675/3272
f 1166/3727/3309 2280/3775/3341 6047/3660/3260
f 4277/3776/3342 3193/3692/3270 5964/3694/3285
f 4069/3752/3326 3072/3666/3265 5803/3761/3333
f 2899/3686/3281 4429/3736/3015 4221/3777/3343
f 528/3756/3328 3927/3754/3241 1855/3766/3336
f 2814/3778/3344 3907/3779/3345 1007/3780/3346
f 5641/3732/3313 2813/3781/3344 1006/3695/3286
f 48/3782/3347 355/3719/3303 4666/3783/3348
f 1834/3784/3349 5728/3785/3350 3927/3754/3241
f 145/3685/3280 2274/3263/2947 2022/3667/3266
f 619/3786/3351 1381/3607/3224 2795/3609/3225
f 467/3787/3352 2998/3788/3180 3910/3789/3312
f 5477/3790/3353 2943/3791/2766 3192/3792/3270
f 1836/3793/3349 5068/3794/3354 4845/3795/3355
f 4429/3736/3015 4454/3796/3356 4221/3777/3343
f 3469/3725/3307 3431/3649/3252 4069/3752/3326
f 545/3678/3275 4641/3647/3250 830/3646/2980
f 5264/3797/3357 3854/3592/3211 701/3670/3269
f 420/3740/3317 5172/3710/3295 1565/3253/2938
f 2280/3775/3341 5724/3696/3287 6047/3660/3260
f 5461/3744/3319 4702/3798/3358 1412/3750/3324
f 3476/3799/3359 2116/3687/3204 2899/3686/3281
f 2226/3748/3322 1556/3654/3256 1555/3762/3334
f 1834/3784/3349 3927/3754/3241 1368/3800/3360
f 1368/3800/3360 3927/3754/3241 528/3756/3328
f 527/3801/3361 6135/3565/3187 2170/3564/3186
f 5696/3554/3178 2944/3590/3210 4840/3680/3276
f 2815/3802/3362 1399/3803/3363 3910/3789/3312
f 4805/3643/3220 1803/3804/3364 5060/3805/3365
f 5061/3677/3274 3561/3300/2876 4804/3602/3220
f 533/3806/3366 287/3712/3297 196/3807/3367
f 287/3712/3297 5724/3696/3287 196/3807/3367
f 5640/3808/3313 286/3809/3297 2093/3810/3368
f 1999/3811/3157 48/3782/3347 4666/3783/3348
f 2149/3684/3279 2612/3774/3340 5803/3761/3333
f 5069/3812/3369 1834/3784/3349 1368/3800/3360
f 5337/3749/3323 4178/3527/3155 3854/3592/3211
f 2944/3590/3210 986/3813/3370 4840/3680/3276
f 4315/3743/3318 3665/3742/2830 5476/3814/3296
f 3601/3815/3006 3476/3799/3359 1939/3816/3371
f 2116/3687/3204 3476/3799/3359 3601/3815/3006
f 3818/3703/3291 4389/3817/3372 3987/3720/3304
f 420/3740/3317 5886/3139/2841 4496/3676/3273
f 2280/3775/3341 196/3807/3367 5724/3696/3287
f 5622/3708/3293 4243/3707/3163 353/3713/3298
f 4702/3798/3358 131/3818/3262 1412/3750/3324
f 1092/3819/3125 5945/3820/3373 3707/3714/3175
f 986/3813/3370 2944/3590/3210 1499/3757/3329
f 370/3589/3209 1376/3821/3374 4496/3676/3273
f 914/3624/3207 3691/3640/3246 6222/3718/3302
f 1452/3709/3294 3987/3720/3304 315/3822/3375
f 3910/3789/3312 1029/3823/3376 467/3787/3352
f 1029/3823/3376 3910/3789/3312 1399/3803/3363
f 1803/3804/3364 4805/3643/3220 6295/3642/3248
f 2093/3810/3368 286/3809/3297 532/3824/3377
f 48/3782/3347 3553/3716/3300 355/3719/3303
f 1567/3825/3378 2611/3826/3340 5274/3827/3379
f 1097/3828/3380 1567/3825/3378 5274/3827/3379
f 1368/3800/3360 5789/3829/3381 5069/3812/3369
f 1368/3800/3360 528/3756/3328 4337/3830/3382
f 528/3756/3328 2169/3831/3186 4337/3830/3382
f 2211/3721/3305 4989/3657/3257 3828/3832/3383
f 5320/3833/3191 467/3787/3352 1029/3823/3376
f 1766/3630/3184 5665/3834/3384 1048/3627/3219
f 3818/3703/3291 3469/3725/3307 4389/3817/3372
f 4840/3680/3276 3434/3835/3385 365/3555/3171
f 365/3555/3171 3434/3835/3385 654/3618/3230
f 5337/3749/3323 3854/3592/3211 5264/3797/3357
f 986/3813/3370 1499/3757/3329 31/3739/3316
f 1508/3836/3212 5935/3837/3386 1029/3823/3376
f 5320/3833/3191 1029/3823/3376 5935/3837/3386
f 3259/3838/3387 1452/3709/3294 315/3822/3375
f 1452/3709/3294 3259/3838/3387 1166/3727/3309
f 6231/3839/3388 2280/3775/3341 1166/3727/3309
f 3607/3840/3389 4524/3841/3390 3116/3842/3391
f 5946/3843/3392 1097/3828/3380 5274/3827/3379
f 4069/3752/3326 5106/3844/3393 3469/3725/3307
f 289/3845/3394 5789/3829/3381 1368/3800/3360
f 5337/3749/3323 4966/3846/3395 6302/3403/3058
f 289/3845/3394 1368/3800/3360 4337/3830/3382
f 4337/3830/3382 2169/3831/3186 5797/3847/3396
f 4389/3817/3372 315/3822/3375 3987/3720/3304
f 5797/3847/3396 1508/3836/3212 4337/3830/3382
f 6222/3718/3302 3827/3768/3338 2888/3625/3236
f 4337/3830/3382 1508/3836/3212 1029/3823/3376
f 6231/3839/3388 1166/3727/3309 3259/3838/3387
f 4845/3795/3355 5946/3843/3392 5274/3827/3379
f 4069/3752/3326 5803/3761/3333 5106/3844/3393
f 3469/3725/3307 5106/3844/3393 4389/3817/3372
f 4711/3758/3330 1766/3630/3184 614/3682/3277
f 6191/3848/3397 1029/3823/3376 1399/3803/3363
f 4277/3776/3342 5964/3694/3285 6071/3704/3292
f 1399/3803/3363 2815/3802/3362 2838/3849/3398
f 5306/3850/3399 2838/3849/3398 2815/3802/3362
f 3707/3714/3175 5945/3820/3373 353/3713/3298
f 5946/3843/3392 4845/3795/3355 5068/3794/3354
f 6107/3851/3400 2919/3852/3401 2640/3853/3402
f 300/3854/3403 654/3618/3230 3434/3835/3385
f 4389/3817/3372 2640/3853/3402 315/3822/3375
f 2640/3853/3402 5082/3855/3404 315/3822/3375
f 2640/3853/3402 2919/3852/3401 5082/3855/3404
f 2919/3852/3401 4855/3856/3405 5082/3855/3404
f 5082/3855/3404 3259/3838/3387 315/3822/3375
f 3416/3857/3406 1617/3547/3172 5172/3710/3295
f 196/3807/3367 2280/3775/3341 6231/3839/3388
f 5804/3858/3407 2611/3826/3340 4727/3859/3408
f 5105/3860/3409 5804/3858/3407 4727/3859/3408
f 3263/3861/3410 4390/3862/3372 5105/3860/3409
f 2226/3748/3322 545/3678/3275 5515/3679/3200
f 4337/3830/3382 1029/3823/3376 3876/3863/3411
f 5082/3855/3404 4855/3856/3405 2095/3864/3412
f 2094/3865/3413 5765/3866/3414 5081/3867/3415
f 4398/3868/3416 5640/3808/3313 2093/3810/3368
f 5945/3820/3373 1092/3819/3125 1445/3869/3417
f 3607/3840/3389 1939/3816/3371 4524/3841/3390
f 3263/3861/3410 2641/3870/3418 4390/3862/3372
f 3263/3861/3410 5870/3871/3419 6108/3872/3400
f 3263/3861/3410 6108/3872/3400 2641/3870/3418
f 3973/3873/3420 289/3845/3394 4337/3830/3382
f 621/3874/3421 3973/3873/3420 4337/3830/3382
f 1377/3875/3422 372/3876/3209 2728/3877/3337
f 5766/3878/3414 3273/3879/3423 5080/3880/3424
f 479/3881/3425 1615/3882/3426 1596/3883/3427
f 3263/3861/3410 5105/3860/3409 2370/3884/3428
f 5080/3880/3424 4746/3885/3429 3258/3886/3430
f 5080/3880/3424 3273/3879/3423 4746/3885/3429
f 619/3786/3351 2795/3609/3225 32/3887/3431
f 1082/3888/3432 5060/3805/3365 1803/3804/3364
f 5640/3808/3313 4398/3868/3416 2816/3889/3344
f 3520/3890/3433 5622/3708/3293 353/3713/3298
f 2611/3826/3340 1567/3825/3378 4727/3859/3408
f 3263/3861/3410 3021/3891/3434 5870/3871/3419
f 4337/3830/3382 3876/3863/3411 621/3874/3421
f 1029/3823/3376 6191/3848/3397 3876/3863/3411
f 5247/3892/3435 5174/3893/3436 421/3894/3317
f 3273/3879/3423 1811/3895/3437 4746/3885/3429
f 4746/3885/3429 6230/3896/3438 3258/3886/3430
f 5306/3850/3399 2747/3897/3439 2838/3849/3398
f 3021/3891/3434 2370/3884/3428 1083/3898/3440
f 3263/3861/3410 2370/3884/3428 3021/3891/3434
f 300/3854/3403 3434/3835/3385 4840/3680/3276
f 31/3739/3316 2211/3721/3305 3610/3899/3441
f 4854/3900/3442 5303/3901/3443 2094/3865/3413
f 5537/3902/3444 1811/3895/3437 3273/3879/3423
f 3884/3903/3445 4746/3885/3429 1811/3895/3437
f 197/3904/3446 6230/3896/3438 1201/3905/3447
f 2747/3897/3439 1399/3803/3363 2838/3849/3398
f 197/3904/3446 1201/3905/3447 532/3824/3377
f 3153/3906/3448 6071/3704/3292 5622/3708/3293
f 1445/3869/3417 131/3818/3262 5535/3907/3449
f 3476/3799/3359 325/3908/3450 1939/3816/3371
f 380/3909/3451 3553/3716/3300 48/3782/3347
f 4727/3859/3408 2370/3884/3428 5105/3860/3409
f 5523/3910/3452 1083/3898/3440 2370/3884/3428
f 300/3854/3403 3648/3613/3228 654/3618/3230
f 986/3813/3370 31/3739/3316 3610/3899/3441
f 4711/3758/3330 2201/3681/3132 2846/3683/3278
f 6191/3848/3397 1399/3803/3363 3763/3911/3453
f 3884/3903/3445 3099/3912/3454 4746/3885/3429
f 32/3887/3431 2795/3609/3225 650/3913/3232
f 62/3914/3455 650/3913/3232 4314/3915/3456
f 5305/3916/3457 2816/3889/3344 4398/3868/3416
f 5059/3917/3365 3688/3918/3458 2423/3919/2981
f 325/3908/3450 4524/3841/3390 1939/3816/3371
f 4589/3920/3459 5946/3843/3392 5068/3794/3354
f 5789/3829/3381 2324/3921/3460 5069/3812/3369
f 331/3922/3461 1031/3923/3272 144/3924/3462
f 3876/3863/3411 6191/3848/3397 3763/3911/3453
f 3415/3925/3463 1596/3883/3427 1615/3882/3426
f 4746/3885/3429 1201/3905/3447 6230/3896/3438
f 3520/3890/3433 353/3713/3298 1758/3926/3464
f 353/3713/3298 5945/3820/3373 1758/3926/3464
f 1567/3825/3378 2188/3927/3465 4727/3859/3408
f 4589/3920/3459 5068/3794/3354 2325/3928/3460
f 1048/3627/3219 5358/3929/3466 1610/3628/3238
f 2022/3667/3266 6302/3403/3058 4966/3846/3395
f 3700/3930/3467 650/3913/3232 62/3914/3455
f 2747/3897/3439 4331/3931/3468 1399/3803/3363
f 3688/3918/3458 2489/3734/3306 2423/3919/2981
f 2093/3810/3368 532/3824/3377 5354/3932/3469
f 665/3933/3470 2899/3686/3281 2307/3934/3471
f 2370/3884/3428 2638/3935/3472 5523/3910/3452
f 4127/3936/3290 4454/3796/3356 4429/3736/3015
f 3026/3937/3473 421/3894/3317 4495/3938/3474
f 5537/3902/3444 3273/3879/3423 5766/3878/3414
f 3002/3939/3475 3099/3912/3454 3884/3903/3445
f 3099/3912/3454 4717/3940/3476 4746/3885/3429
f 1201/3905/3447 4746/3885/3429 4717/3940/3476
f 5292/3941/3477 4702/3798/3358 5461/3744/3319
f 131/3818/3262 4702/3798/3358 5535/3907/3449
f 3116/3842/3391 1101/3942/3478 1998/3943/3157
f 1999/3811/3157 380/3909/3451 48/3782/3347
f 665/3933/3470 3476/3799/3359 2899/3686/3281
f 2188/3927/3465 1567/3825/3378 1097/3828/3380
f 2188/3927/3465 2370/3884/3428 4727/3859/3408
f 3565/3944/3479 5789/3829/3381 289/3845/3394
f 5381/3945/3480 289/3845/3394 3973/3873/3420
f 2682/3946/3481 2920/3947/3401 6109/3948/3482
f 3003/3949/3483 3002/3939/3475 3884/3903/3445
f 3763/3911/3453 1399/3803/3363 4331/3931/3468
f 3003/3949/3483 3099/3912/3454 3002/3939/3475
f 380/3909/3451 4442/3950/3484 3553/3716/3300
f 1990/3699/3221 3553/3716/3300 2576/3951/3485
f 3565/3944/3479 2324/3921/3460 5789/3829/3381
f 2884/3952/3486 289/3845/3394 5381/3945/3480
f 3827/3768/3338 6222/3718/3302 3396/3953/3487
f 3136/3954/3488 3003/3949/3483 3884/3903/3445
f 3136/3954/3488 3099/3912/3454 3003/3949/3483
f 1201/3905/3447 5354/3932/3469 532/3824/3377
f 2093/3810/3368 5354/3932/3469 4398/3868/3416
f 1097/3828/3380 5946/3843/3392 2188/3927/3465
f 2370/3884/3428 4722/3955/3489 2638/3935/3472
f 621/3874/3421 5070/3956/3490 3973/3873/3420
f 545/3678/3275 33/3957/3491 4641/3647/3250
f 2627/3958/3492 2211/3721/3305 3828/3832/3383
f 4442/3950/3484 2576/3951/3485 3553/3716/3300
f 5139/3697/3288 1301/3673/3271 4810/3672/3085
f 2188/3927/3465 4722/3955/3489 2370/3884/3428
f 1610/3628/3238 4126/3701/3290 5127/3656/3143
f 289/3845/3394 2884/3952/3486 3565/3944/3479
f 1497/3959/3493 621/3874/3421 3876/3863/3411
f 1714/3960/3494 3876/3863/3411 3763/3911/3453
f 32/3887/3431 650/3913/3232 3700/3930/3467
f 1721/3961/3495 1201/3905/3447 4717/3940/3476
f 4398/3868/3416 5354/3932/3469 456/3962/3496
f 5292/3941/3477 5535/3907/3449 4702/3798/3358
f 5946/3843/3392 2843/3963/3497 2188/3927/3465
f 1264/3964/3498 4722/3955/3489 2188/3927/3465
f 3973/3873/3420 5070/3956/3490 5381/3945/3480
f 5836/3965/3499 300/3854/3403 4840/3680/3276
f 5248/3966/3500 3415/3925/3463 5173/3967/3501
f 5474/3968/3502 62/3914/3455 4314/3915/3456
f 1721/3961/3495 5354/3932/3469 1201/3905/3447
f 3116/3842/3391 4524/3841/3390 1101/3942/3478
f 1101/3942/3478 381/3969/3451 1998/3943/3157
f 4589/3920/3459 2843/3963/3497 5946/3843/3392
f 1264/3964/3498 2188/3927/3465 6154/3970/3503
f 5003/3971/3504 2226/3748/3322 1555/3762/3334
f 5836/3965/3499 4840/3680/3276 986/3813/3370
f 347/3972/3505 5836/3965/3499 986/3813/3370
f 3648/3613/3228 300/3854/3403 4700/3973/3506
f 3648/3613/3228 1698/3974/3507 2139/3738/3315
f 1714/3960/3494 1497/3959/3493 3876/3863/3411
f 317/3975/3508 3691/3640/3246 2139/3738/3315
f 3153/3906/3448 4277/3776/3342 6071/3704/3292
f 5305/3916/3457 4398/3868/3416 456/3962/3496
f 5003/3971/3504 1555/3762/3334 1875/3653/3205
f 5070/3956/3490 621/3874/3421 1497/3959/3493
f 347/3972/3505 986/3813/3370 3610/3899/3441
f 1698/3974/3507 317/3975/3508 2139/3738/3315
f 317/3975/3508 6222/3718/3302 3691/3640/3246
f 516/3976/3509 5354/3932/3469 1721/3961/3495
f 3741/3977/3510 5292/3941/3477 5461/3744/3319
f 5945/3820/3373 1445/3869/3417 5535/3907/3449
f 1264/3964/3498 2143/3978/3511 4722/3955/3489
f 4546/3979/3512 33/3957/3491 2226/3748/3322
f 5565/3980/3513 6108/3872/3400 5870/3871/3419
f 2211/3721/3305 2627/3958/3492 3610/3899/3441
f 3136/3954/3488 3884/3903/3445 1811/3895/3437
f 1803/3804/3364 3569/3981/3514 1082/3888/3432
f 5461/3744/3319 2489/3734/3306 3741/3977/3510
f 1990/3699/3221 2576/3951/3485 5139/3697/3288
f 1301/3673/3271 5003/3971/3504 1875/3653/3205
f 2843/3963/3497 6154/3970/3503 2188/3927/3465
f 2638/3935/3472 1293/3982/3515 5523/3910/3452
f 33/3957/3491 545/3678/3275 2226/3748/3322
f 3789/3983/3516 5338/3984/3517 5263/3985/3357
f 4700/3973/3506 1698/3974/3507 3648/3613/3228
f 702/3986/3269 1618/3987/3518 478/3988/3425
f 3763/3911/3453 4331/3931/3468 6084/3989/3519
f 2307/3934/3471 2899/3686/3281 4221/3777/3343
f 1610/3628/3238 4860/3990/3520 4126/3701/3290
f 2324/3921/3460 3565/3944/3479 3243/3991/3521
f 4580/3992/3522 4453/3993/3356 4126/3701/3290
f 2884/3952/3486 3243/3991/3521 3565/3944/3479
f 1714/3960/3494 3763/3911/3453 5116/3994/3523
f 3569/3981/3514 1803/3804/3364 6295/3642/3248
f 5284/3995/3524 2747/3897/3439 5306/3850/3399
f 516/3976/3509 456/3962/3496 5354/3932/3469
f 4589/3920/3459 1722/3996/3525 2843/3963/3497
f 1722/3996/3525 4589/3920/3459 2325/3928/3460
f 611/3997/3526 2324/3921/3460 3243/3991/3521
f 6084/3989/3519 5116/3994/3523 3763/3911/3453
f 5269/3998/3527 3193/3692/3270 4277/3776/3342
f 4313/3999/3528 456/3962/3496 516/3976/3509
f 5305/3916/3457 456/3962/3496 5285/4000/3529
f 3851/4001/3530 1721/3961/3495 4717/3940/3476
f 3798/4002/3531 3741/3977/3510 2489/3734/3306
f 2324/3921/3460 611/3997/3526 1723/4003/3532
f 5358/3929/3466 1048/3627/3219 85/4004/3533
f 4199/4005/3534 2920/3947/3401 2682/3946/3481
f 4700/3973/3506 300/3854/3403 2038/4006/3535
f 2434/4007/3536 4854/3900/3442 2920/3947/3401
f 6222/3718/3302 317/3975/3508 3396/3953/3487
f 1760/4008/3537 3569/3981/3514 6295/3642/3248
f 2747/3897/3439 6084/3989/3519 4331/3931/3468
f 2843/3963/3497 1780/4009/3538 6154/3970/3503
f 3703/4010/3539 6109/3948/3482 3454/4011/3540
f 5138/4012/3541 1766/3630/3184 4711/3758/3330
f 4313/3999/3528 5285/4000/3529 456/3962/3496
f 2843/3963/3497 1722/3996/3525 1780/4009/3538
f 5381/3945/3480 525/4013/3542 2884/3952/3486
f 525/4013/3542 5381/3945/3480 5070/3956/3490
f 2895/4014/3543 347/3972/3505 3610/3899/3441
f 2747/3897/3439 5284/3995/3524 6084/3989/3519
f 6180/4015/3544 5285/4000/3529 4313/3999/3528
f 3741/3977/3510 5141/4016/3545 5292/3941/3477
f 665/3933/3470 325/3908/3450 3476/3799/3359
f 3270/4017/3546 2638/3935/3472 4722/3955/3489
f 5138/4012/3541 5665/3834/3384 1766/3630/3184
f 5741/4018/3547 1377/3875/3422 2728/3877/3337
f 1377/3875/3422 3026/3937/3473 4495/3938/3474
f 1760/4008/3537 6295/3642/3248 4641/3647/3250
f 5116/3994/3523 6084/3989/3519 1545/4019/3548
f 3133/4020/3549 5285/4000/3529 6180/4015/3544
f 380/3909/3451 440/4021/3550 4442/3950/3484
f 5139/3697/3288 1904/4022/3551 1301/3673/3271
f 5003/3971/3504 1301/3673/3271 181/4023/3552
f 566/4024/3553 1780/4009/3538 1722/3996/3525
f 566/4024/3553 1722/3996/3525 3391/4025/3554
f 525/4013/3542 5369/4026/3555 2884/3952/3486
f 5369/4026/3555 525/4013/3542 5070/3956/3490
f 5070/3956/3490 1497/3959/3493 5369/4026/3555
f 3612/4027/3556 1293/3982/3515 2638/3935/3472
f 2307/3934/3471 4221/3777/3343 2496/4028/3557
f 1722/3996/3525 610/4029/3558 3391/4025/3554
f 5709/4030/3559 1048/3627/3219 5665/3834/3384
f 5003/3971/3504 4546/3979/3512 2226/3748/3322
f 1449/4031/3560 3243/3991/3521 2884/3952/3486
f 6242/4032/3561 331/3922/3461 144/3924/3462
f 4967/4033/3562 5338/3984/3517 3789/3983/3516
f 2627/3958/3492 6172/4034/3563 3610/3899/3441
f 1825/4035/3564 2627/3958/3492 3828/3832/3383
f 33/3957/3491 1760/4008/3537 4641/3647/3250
f 5116/3994/3523 3462/4036/3565 1714/3960/3494
f 2779/4037/3566 5285/4000/3529 3133/4020/3549
f 2617/4038/3567 440/4021/3550 380/3909/3451
f 440/4021/3550 2576/3951/3485 4442/3950/3484
f 611/3997/3526 3243/3991/3521 1449/4031/3560
f 6242/4032/3561 144/3924/3462 2021/4039/3568
f 2884/3952/3486 5369/4026/3555 1449/4031/3560
f 6172/4034/3563 2895/4014/3543 3610/3899/3441
f 3281/4040/3569 5765/3866/3414 2094/3865/3413
f 3462/4036/3565 5116/3994/3523 1545/4019/3548
f 1545/4019/3548 6084/3989/3519 5284/3995/3524
f 5269/3998/3527 4277/3776/3342 3153/3906/3448
f 3520/3890/3433 3861/4041/3570 5622/3708/3293
f 5141/4016/3545 5535/3907/3449 5292/3941/3477
f 566/4024/3553 687/4042/3571 1780/4009/3538
f 611/3997/3526 2055/4043/3572 3392/4044/3573
f 5741/4018/3547 2728/3877/3337 1031/3923/3272
f 347/3972/3505 1538/4045/3574 5836/3965/3499
f 3170/4046/3575 1545/4019/3548 2778/4047/3576
f 2778/4047/3576 1545/4019/3548 5284/3995/3524
f 5622/3708/3293 3861/4041/3570 3153/3906/3448
f 4454/3796/3356 2496/4028/3557 4221/3777/3343
f 781/4048/3577 2023/4049/3578 4967/4033/3562
f 4967/4033/3562 3789/3983/3516 6114/4050/3579
f 2111/4051/3580 1449/4031/3560 5369/4026/3555
f 4987/4052/3581 3828/3832/3383 3395/4053/3582
f 1497/3959/3493 1714/3960/3494 1607/4054/3583
f 1607/4054/3583 1714/3960/3494 3462/4036/3565
f 611/3997/3526 1449/4031/3560 2055/4043/3572
f 2055/4043/3572 1449/4031/3560 3238/4055/3584
f 1449/4031/3560 2111/4051/3580 5316/4056/3585
f 3238/4055/3584 1449/4031/3560 5316/4056/3585
f 5369/4026/3555 1497/3959/3493 2111/4051/3580
f 812/4057/3586 1698/3974/3507 4700/3973/3506
f 3462/4036/3565 1545/4019/3548 1437/4058/3587
f 1437/4058/3587 1545/4019/3548 3170/4046/3575
f 2576/3951/3485 440/4021/3550 594/4059/3588
f 5316/4056/3585 2111/4051/3580 2168/4060/3589
f 1497/3959/3493 1607/4054/3583 2111/4051/3580
f 702/3986/3269 3847/4061/3590 5263/3985/3357
f 1607/4054/3583 3462/4036/3565 455/4062/3591
f 455/4062/3591 3462/4036/3565 5542/4063/3592
f 5542/4063/3592 3462/4036/3565 1437/4058/3587
f 4979/4064/3593 2846/3683/3278 1381/3607/3224
f 1101/3942/3478 2618/4065/3594 381/3969/3451
f 325/3908/3450 3939/4066/3595 4524/3841/3390
f 4939/4067/3596 4700/3973/3506 2038/4006/3535
f 2111/4051/3580 1607/4054/3583 935/4068/3597
f 935/4068/3597 1607/4054/3583 455/4062/3591
f 1825/4035/3564 6172/4034/3563 2627/3958/3492
f 2298/4069/3598 421/3894/3317 3026/3937/3473
f 3688/3918/3458 3798/4002/3531 2489/3734/3306
f 5141/4016/3545 3741/3977/3510 3899/4070/3599
f 1825/4035/3564 3828/3832/3383 4987/4052/3581
f 4813/4071/3600 5537/3902/3444 5766/3878/3414
f 4524/3841/3390 5956/4072/3601 1101/3942/3478
f 1031/3923/3272 331/3922/3461 5741/4018/3547
f 1377/3875/3422 2298/4069/3598 3026/3937/3473
f 5060/3805/3365 1082/3888/3432 2722/4073/3602
f 3861/4041/3570 3977/4074/3603 3153/3906/3448
f 2618/4065/3594 1101/3942/3478 5956/4072/3601
f 4524/3841/3390 3939/4066/3595 6040/4075/3604
f 5139/3697/3288 2576/3951/3485 594/4059/3588
f 1780/4009/3538 4195/4076/3605 6154/3970/3503
f 5537/3902/3444 4813/4071/3600 1811/3895/3437
f 665/3933/3470 3939/4066/3595 325/3908/3450
f 5423/4077/3606 5003/3971/3504 181/4023/3552
f 5423/4077/3606 4546/3979/3512 5003/3971/3504
f 4528/4078/3607 317/3975/3508 1698/3974/3507
f 298/4079/3608 5269/3998/3527 3153/3906/3448
f 298/4079/3608 3153/3906/3448 3846/4080/3609
f 3861/4041/3570 3520/3890/3433 1758/3926/3464
f 5535/3907/3449 5141/4016/3545 3514/4081/3610
f 2143/3978/3511 3270/4017/3546 4722/3955/3489
f 6114/4050/3579 3789/3983/3516 2068/4082/3611
f 347/3972/3505 2895/4014/3543 1538/4045/3574
f 4939/4067/3596 812/4057/3586 4700/3973/3506
f 4645/4083/3612 317/3975/3508 4528/4078/3607
f 2434/4007/3536 5303/3901/3443 4854/3900/3442
f 5318/4084/3613 1437/4058/3587 3170/4046/3575
f 3282/4085/3614 4813/4071/3600 5766/3878/3414
f 5059/3917/3365 3589/4086/3615 3688/3918/3458
f 3899/4070/3599 3741/3977/3510 3798/4002/3531
f 1758/3926/3464 5945/3820/3373 3316/4087/3616
f 5945/3820/3373 5535/3907/3449 3514/4081/3610
f 2550/4088/3617 4580/3992/3522 4126/3701/3290
f 782/4089/3618 6242/4032/3561 2021/4039/3568
f 5836/3965/3499 2038/4006/3535 300/3854/3403
f 3396/3953/3487 317/3975/3508 4645/4083/3612
f 2298/4069/3598 5247/3892/3435 421/3894/3317
f 1596/3883/3427 3415/3925/3463 5248/3966/3500
f 3847/4061/3590 702/3986/3269 5592/4090/3619
f 5593/4091/3619 479/3881/3425 1596/3883/3427
f 3977/4074/3603 3846/4080/3609 3153/3906/3448
f 5207/4092/3620 1610/3628/3238 5358/3929/3466
f 5423/4077/3606 4018/4093/3621 4546/3979/3512
f 4018/4093/3621 33/3957/3491 4546/3979/3512
f 4528/4078/3607 1698/3974/3507 812/4057/3586
f 5474/3968/3502 3194/4094/3270 62/3914/3455
f 3569/3981/3514 2722/4073/3602 1082/3888/3432
f 3899/4070/3599 2579/4095/3622 5141/4016/3545
f 1083/3898/3440 5523/3910/3452 2630/4096/3623
f 2920/3947/3401 4199/4005/3534 2434/4007/3536
f 4987/4052/3581 3395/4053/3582 3090/4097/3624
f 3612/4027/3556 2638/3935/3472 3270/4017/3546
f 2393/4098/3625 455/4062/3591 5542/4063/3592
f 2826/4099/3626 5141/4016/3545 2579/4095/3622
f 1904/4022/3551 181/4023/3552 1301/3673/3271
f 739/4100/3627 4195/4076/3605 1780/4009/3538
f 237/4101/3628 3238/4055/3584 5316/4056/3585
f 3703/4010/3539 2682/3946/3481 6109/3948/3482
f 1380/4102/3629 1538/4045/3574 2895/4014/3543
f 5741/4018/3547 5421/4103/3630 1377/3875/3422
f 1825/4035/3564 638/4104/3631 4806/4105/3632
f 702/3986/3269 478/3988/3425 5592/4090/3619
f 3316/4087/3616 3861/4041/3570 1758/3926/3464
f 3316/4087/3616 5945/3820/3373 3514/4081/3610
f 2307/3934/3471 2411/4106/3633 665/3933/3470
f 2550/4088/3617 4126/3701/3290 4860/3990/3520
f 4806/4105/3632 6172/4034/3563 1825/4035/3564
f 3789/3983/3516 5263/3985/3357 3847/4061/3590
f 4645/4083/3612 3089/4107/3634 3396/3953/3487
f 5023/4108/3635 3193/3692/3270 5269/3998/3527
f 2722/4073/3602 3569/3981/3514 5577/4109/3636
f 3391/4025/3554 687/4042/3571 566/4024/3553
f 4965/4110/3637 5741/4018/3547 331/3922/3461
f 6081/4111/3638 33/3957/3491 4018/4093/3621
f 5421/4103/3630 3471/4112/3639 1377/3875/3422
f 3471/4112/3639 6206/4113/3640 1377/3875/3422
f 2895/4014/3543 6172/4034/3563 1611/4114/3641
f 4806/4105/3632 1611/4114/3641 6172/4034/3563
f 5059/3917/3365 2723/4115/3642 3589/4086/3615
f 3899/4070/3599 3798/4002/3531 5349/4116/3643
f 440/4021/3550 2617/4038/3567 5869/4117/3644
f 2566/4118/3645 2496/4028/3557 4454/3796/3356
f 6081/4111/3638 4018/4093/3621 5423/4077/3606
f 2111/4051/3580 5675/4119/3646 2168/4060/3589
f 5577/4109/3636 3569/3981/3514 1760/4008/3537
f 985/4120/3647 6180/4015/3544 4313/3999/3528
f 1142/4121/3648 2579/4095/3622 3899/4070/3599
f 3514/4081/3610 5141/4016/3545 2826/4099/3626
f 6040/4075/3604 4217/4122/3649 4524/3841/3390
f 5956/4072/3601 4123/4123/3650 2618/4065/3594
f 3939/4066/3595 665/3933/3470 2411/4106/3633
f 687/4042/3571 739/4100/3627 1780/4009/3538
f 1048/3627/3219 5709/4030/3559 3208/4124/3651
f 4258/4125/3652 4528/4078/3607 812/4057/3586
f 6206/4113/3640 2298/4069/3598 1377/3875/3422
f 5577/4109/3636 1760/4008/3537 6091/4126/3653
f 4524/3841/3390 4217/4122/3649 5956/4072/3601
f 1469/4127/3654 3171/4128/3655 2779/4037/3566
f 4313/3999/3528 516/3976/3509 260/4129/3656
f 1721/3961/3495 3851/4001/3530 5913/4130/3657
f 2566/4118/3645 2307/3934/3471 2496/4028/3557
f 5741/4018/3547 483/4131/3658 5421/4103/3630
f 5566/4132/3513 3454/4011/3540 6109/3948/3482
f 5675/4119/3646 2111/4051/3580 988/4133/3659
f 935/4068/3597 988/4133/3659 2111/4051/3580
f 3/4134/3660 2895/4014/3543 1611/4114/3641
f 6081/4111/3638 1760/4008/3537 33/3957/3491
f 2311/4135/3661 5247/3892/3435 2298/4069/3598
f 3589/4086/3615 454/4136/3662 3688/3918/3458
f 2618/4065/3594 4123/4123/3650 5867/4137/3663
f 1293/3982/3515 2630/4096/3623 5523/3910/3452
f 5773/4138/3664 5565/3980/3513 5870/3871/3419
f 6114/4050/3579 781/4048/3577 4967/4033/3562
f 2895/4014/3543 3/4134/3660 1380/4102/3629
f 5413/4139/3665 3471/4112/3639 620/4140/3666
f 3283/4141/3667 5138/4012/3541 4711/3758/3330
f 3471/4112/3639 5413/4139/3665 6206/4113/3640
f 3089/4107/3634 4645/4083/3612 2695/4142/3668
f 5442/4143/3669 2393/4098/3625 5542/4063/3592
f 43/4144/3670 2311/4135/3661 2298/4069/3598
f 4965/4110/3637 483/4131/3658 5741/4018/3547
f 4566/4145/3671 2068/4082/3611 3789/3983/3516
f 516/3976/3509 1721/3961/3495 260/4129/3656
f 3316/4087/3616 3216/4146/3672 3861/4041/3570
f 3500/4147/3673 2055/4043/3572 3238/4055/3584
f 5836/3965/3499 4201/4148/3674 2038/4006/3535
f 4201/4148/3674 4939/4067/3596 2038/4006/3535
f 5421/4103/3630 5669/4149/3675 3471/4112/3639
f 638/4104/3631 1825/4035/3564 4987/4052/3581
f 1142/4121/3648 3899/4070/3599 5349/4116/3643
f 4217/4122/3649 4123/4123/3650 5956/4072/3601
f 1904/4022/3551 2148/4150/3676 181/4023/3552
f 2566/4118/3645 2411/4106/3633 2307/3934/3471
f 4939/4067/3596 4258/4125/3652 812/4057/3586
f 6091/4126/3653 1760/4008/3537 6081/4111/3638
f 412/4151/3677 2779/4037/3566 3133/4020/3549
f 1651/4152/3678 2723/4115/3642 5576/4153/3636
f 1142/4121/3648 5808/4154/3679 2579/4095/3622
f 1854/4155/3680 441/4156/3550 5868/4157/3644
f 3021/3891/3434 1083/3898/3440 5326/4158/3681
f 1538/4045/3574 4201/4148/3674 5836/3965/3499
f 43/4144/3670 2298/4069/3598 2784/4159/3682
f 1020/4160/3683 3099/3912/3454 3136/3954/3488
f 5023/4108/3635 5269/3998/3527 298/4079/3608
f 5349/4116/3643 630/4161/3684 1142/4121/3648
f 2825/4162/3626 2580/4163/3622 5810/4164/3685
f 6040/4075/3604 3939/4066/3595 5345/4165/3686
f 3499/4166/3687 3391/4025/3554 2056/4167/3688
f 331/3922/3461 6242/4032/3561 1818/4168/3689
f 3471/4112/3639 5669/4149/3675 620/4140/3666
f 5268/4169/3690 3789/3983/3516 3847/4061/3590
f 4987/4052/3581 3090/4097/3624 5521/4170/3691
f 6206/4113/3640 489/4171/3692 2298/4069/3598
f 3281/4040/3569 2094/3865/3413 5303/3901/3443
f 5248/3966/3500 2312/4172/3693 6194/4173/3694
f 324/4174/3695 1596/3883/3427 5248/3966/3500
f 4726/4175/3696 3136/3954/3488 1811/3895/3437
f 260/4129/3656 1721/3961/3495 6042/4176/3697
f 454/4136/3662 3798/4002/3531 3688/3918/3458
f 1957/4177/3698 3939/4066/3595 2411/4106/3633
f 4965/4110/3637 2936/4178/3699 483/4131/3658
f 6206/4113/3640 5413/4139/3665 489/4171/3692
f 5542/4063/3592 1437/4058/3587 5442/4143/3669
f 3208/4124/3651 85/4004/3533 1048/3627/3219
f 2298/4069/3598 489/4171/3692 2784/4159/3682
f 1579/4179/3700 5867/4137/3663 4123/4123/3650
f 5868/4157/3644 1578/4180/3700 1854/4155/3680
f 85/4004/3533 5207/4092/3620 5358/3929/3466
f 181/4023/3552 6066/4181/3701 5423/4077/3606
f 2393/4098/3625 935/4068/3597 455/4062/3591
f 1811/3895/3437 4813/4071/3600 4726/4175/3696
f 905/4182/3702 1141/4183/3703 631/4184/3704
f 905/4182/3702 2479/4185/3705 1141/4183/3703
f 2614/4186/3706 1142/4121/3648 2478/4187/3707
f 5808/4154/3679 1142/4121/3648 2614/4186/3706
f 4217/4122/3649 6040/4075/3604 5345/4165/3686
f 2630/4096/3623 5326/4158/3681 1083/3898/3440
f 724/4188/3708 781/4048/3577 6114/4050/3579
f 2682/3946/3481 2383/4189/3709 4199/4005/3534
f 2383/4189/3709 3986/4190/3710 4199/4005/3534
f 4199/4005/3534 3986/4190/3710 2434/4007/3536
f 4645/4083/3612 4528/4078/3607 2669/4191/3711
f 5413/4139/3665 3129/4192/3712 489/4171/3692
f 2434/4007/3536 3986/4190/3710 3422/4193/3713
f 3422/4193/3713 5303/3901/3443 2434/4007/3536
f 5248/3966/3500 6194/4173/3694 324/4174/3695
f 4979/4064/3593 4711/3758/3330 2846/3683/3278
f 4238/4194/3714 3171/4128/3655 1469/4127/3654
f 1058/4195/3715 2312/4172/3693 42/4196/3670
f 3589/4086/3615 2723/4115/3642 4122/4197/3716
f 2615/4198/3706 2479/4185/3705 905/4182/3702
f 905/4182/3702 5807/4199/3717 2615/4198/3706
f 2017/4200/3718 1854/4155/3680 4713/4201/3719
f 5345/4165/3686 3939/4066/3595 1957/4177/3698
f 2566/4118/3645 1957/4177/3698 2411/4106/3633
f 2936/4178/3699 5327/4202/3720 483/4131/3658
f 3021/3891/3434 5326/4158/3681 5773/4138/3664
f 5773/4138/3664 5870/3871/3419 3021/3891/3434
f 4965/4110/3637 331/3922/3461 1818/4168/3689
f 782/4089/3618 2416/4203/3721 6242/4032/3561
f 3454/4011/3540 2383/4189/3709 2682/3946/3481
f 3454/4011/3540 2682/3946/3481 3703/4010/3539
f 4073/4204/3722 620/4140/3666 5669/4149/3675
f 3129/4192/3712 5413/4139/3665 620/4140/3666
f 5304/4205/3723 3423/4206/3724 3282/4085/3614
f 42/4196/3670 6209/4207/3725 1058/4195/3715
f 1020/4160/3683 3136/3954/3488 4726/4175/3696
f 619/3786/3351 941/4208/3726 1381/3607/3224
f 4717/3940/3476 5471/4209/3727 3851/4001/3530
f 1854/4155/3680 2017/4200/3718 441/4156/3550
f 5139/3697/3288 594/4059/3588 3080/4210/3728
f 2383/4189/3709 3454/4011/3540 5566/4132/3513
f 483/4131/3658 5669/4149/3675 5421/4103/3630
f 2383/4189/3709 98/4211/3729 3986/4190/3710
f 561/4212/3730 3422/4193/3713 3986/4190/3710
f 3194/4094/3270 5024/4213/3635 62/3914/3455
f 3216/4146/3672 5562/4214/3731 3861/4041/3570
f 441/4156/3550 2017/4200/3718 593/4215/3732
f 2834/4216/3733 2382/4217/3709 5565/3980/3513
f 2834/4216/3733 5565/3980/3513 5773/4138/3664
f 4939/4067/3596 4201/4148/3674 5554/4218/3734
f 98/4211/3729 2724/4219/3735 3986/4190/3710
f 3423/4206/3724 4813/4071/3600 3282/4085/3614
f 4238/4194/3714 5317/4220/3613 3171/4128/3655
f 454/4136/3662 728/4221/3736 3798/4002/3531
f 728/4221/3736 5349/4116/3643 3798/4002/3531
f 3977/4074/3603 3861/4041/3570 5562/4214/3731
f 3208/4124/3651 5709/4030/3559 5665/3834/3384
f 5326/4158/3681 5087/4222/3737 5773/4138/3664
f 5087/4222/3737 2834/4216/3733 5773/4138/3664
f 2834/4216/3733 5087/4222/3737 2382/4217/3709
f 54/4223/3738 97/4224/3729 2382/4217/3709
f 561/4212/3730 3986/4190/3710 2724/4219/3735
f 1596/3883/3427 2238/4225/3739 5593/4091/3619
f 3895/4226/3740 3364/4227/3741 3423/4206/3724
f 3423/4206/3724 3364/4227/3741 4813/4071/3600
f 3099/3912/3454 5471/4209/3727 4717/3940/3476
f 3912/4228/3742 298/4079/3608 3846/4080/3609
f 905/4182/3702 1134/4229/3743 5807/4199/3717
f 3885/4230/3744 2825/4162/3626 5810/4164/3685
f 4217/4122/3649 1891/4231/3745 4123/4123/3650
f 5087/4222/3737 54/4223/3738 2382/4217/3709
f 2416/4203/3721 782/4089/3618 725/4232/3746
f 5669/4149/3675 483/4131/3658 5621/4233/3747
f 3129/4192/3712 620/4140/3666 4073/4204/3722
f 6081/4111/3638 1966/4234/3748 6091/4126/3653
f 2239/4235/3749 3847/4061/3590 5592/4090/3619
f 562/4236/3750 3895/4226/3740 3423/4206/3724
f 6194/4173/3694 2312/4172/3693 1501/4237/3751
f 3364/4227/3741 4726/4175/3696 4813/4071/3600
f 2014/4238/3752 1651/4152/3678 5576/4153/3636
f 4122/4197/3716 2723/4115/3642 1651/4152/3678
f 3316/4087/3616 213/4239/3753 3216/4146/3672
f 4195/4076/3605 1264/3964/3498 6154/3970/3503
f 5327/4202/3720 5322/4240/3754 483/4131/3658
f 2416/4203/3721 1818/4168/3689 6242/4032/3561
f 1501/4237/3751 2312/4172/3693 1058/4195/3715
f 3364/4227/3741 4255/4241/3755 4726/4175/3696
f 32/3887/3431 3700/3930/3467 3045/4242/3756
f 2219/4243/3757 3700/3930/3467 62/3914/3455
f 1017/4244/3758 2550/4088/3617 4860/3990/3520
f 4860/3990/3520 1610/3628/3238 5207/4092/3620
f 5087/4222/3737 2819/4245/3759 54/4223/3738
f 54/4223/3738 3979/4246/3760 97/4224/3729
f 6066/4181/3701 6081/4111/3638 5423/4077/3606
f 1596/3883/3427 324/4174/3695 2045/4247/3761
f 5471/4209/3727 3099/3912/3454 1020/4160/3683
f 5087/4222/3737 5326/4158/3681 2630/4096/3623
f 2936/4178/3699 4965/4110/3637 1818/4168/3689
f 2796/4248/3762 1380/4102/3629 3/4134/3660
f 3895/4226/3740 588/4249/3763 3364/4227/3741
f 3515/4250/3610 2825/4162/3626 3885/4230/3744
f 1904/4022/3551 5139/3697/3288 3080/4210/3728
f 1017/4244/3758 4860/3990/3520 5207/4092/3620
f 2486/4251/3764 5665/3834/3384 5138/4012/3541
f 489/4171/3692 3129/4192/3712 6046/4252/3765
f 5576/4153/3636 6090/4253/3766 2014/4238/3752
f 4255/4241/3755 3364/4227/3741 588/4249/3763
f 4255/4241/3755 1020/4160/3683 4726/4175/3696
f 631/4184/3704 3083/4254/3767 905/4182/3702
f 213/4239/3753 5562/4214/3731 3216/4146/3672
f 2017/4200/3718 4713/4201/3719 5546/4255/3768
f 4195/4076/3605 2143/3978/3511 1264/3964/3498
f 5087/4222/3737 2630/4096/3623 1293/3982/3515
f 4939/4067/3596 5554/4218/3734 1585/4256/3769
f 6046/4252/3765 4073/4204/3722 5669/4149/3675
f 6046/4252/3765 2784/4159/3682 489/4171/3692
f 1020/4160/3683 4255/4241/3755 5471/4209/3727
f 3846/4080/3609 3977/4074/3603 3912/4228/3742
f 5350/4257/3643 3083/4254/3767 631/4184/3704
f 1351/4258/3770 5809/4259/3771 1133/4260/3772
f 5546/4255/3768 1573/4261/3773 2017/4200/3718
f 3612/4027/3556 6264/4262/3774 1293/3982/3515
f 6264/4262/3774 5087/4222/3737 1293/3982/3515
f 5087/4222/3737 4785/4263/3775 2819/4245/3759
f 4453/3993/3356 2568/4264/3776 2567/4265/3777
f 2819/4245/3759 3979/4246/3760 54/4223/3738
f 5322/4240/3754 5621/4233/3747 483/4131/3658
f 4939/4067/3596 1585/4256/3769 4258/4125/3652
f 8/4266/3778 1832/4267/3779 98/4211/3729
f 42/4196/3670 2783/4268/3780 3490/4269/3781
f 3490/4269/3781 6209/4207/3725 42/4196/3670
f 1058/4195/3715 6209/4207/3725 3490/4269/3781
f 619/3786/3351 32/3887/3431 941/4208/3726
f 4122/4197/3716 1672/4270/3782 3589/4086/3615
f 454/4136/3662 3589/4086/3615 1672/4270/3782
f 1741/4271/3783 4713/4201/3719 1854/4155/3680
f 4188/4272/3784 1957/4177/3698 2566/4118/3645
f 6081/4111/3638 6066/4181/3701 1966/4234/3748
f 3129/4192/3712 4073/4204/3722 6046/4252/3765
f 5492/4273/3785 561/4212/3730 2724/4219/3735
f 2045/4247/3761 2238/4225/3739 1596/3883/3427
f 1469/4127/3654 2779/4037/3566 412/4151/3677
f 5825/4274/3786 4255/4241/3755 588/4249/3763
f 5471/4209/3727 4255/4241/3755 1715/4275/3787
f 5913/4130/3657 6042/4176/3697 1721/3961/3495
f 729/4276/3736 3083/4254/3767 5350/4257/3643
f 1350/4277/3770 3885/4230/3744 5810/4164/3685
f 1578/4180/3700 1741/4271/3783 1854/4155/3680
f 1358/4278/3788 593/4215/3732 2017/4200/3718
f 5378/4279/3789 98/4211/3729 3980/4280/3760
f 815/4281/3790 588/4249/3763 3895/4226/3740
f 3045/4242/3756 3700/3930/3467 2219/4243/3757
f 905/4182/3702 3083/4254/3767 1340/4282/3791
f 905/4182/3702 1340/4282/3791 1134/4229/3743
f 3080/4210/3728 594/4059/3588 1357/4283/3788
f 3354/4284/3792 5087/4222/3737 6264/4262/3774
f 3354/4284/3792 4785/4263/3775 5087/4222/3737
f 2936/4178/3699 2134/4285/3793 5327/4202/3720
f 5793/4286/3794 935/4068/3597 2393/4098/3625
f 1832/4267/3779 5492/4273/3785 2724/4219/3735
f 3844/4287/3795 2014/4238/3752 6090/4253/3766
f 562/4236/3750 5813/4288/3796 3895/4226/3740
f 4255/4241/3755 5825/4274/3786 1715/4275/3787
f 3515/4250/3610 5111/4289/3797 3315/4290/3616
f 1579/4179/3700 4123/4123/3650 2668/4291/3798
f 3270/4017/3546 6264/4262/3774 3612/4027/3556
f 194/4292/3799 2936/4178/3699 1818/4168/3689
f 2204/4293/3800 5669/4149/3675 5621/4233/3747
f 2168/4060/3589 1614/4294/3801 5316/4056/3585
f 5378/4279/3789 8/4266/3778 98/4211/3729
f 1380/4102/3629 3253/4295/3802 1538/4045/3574
f 1660/4296/3803 2045/4247/3761 324/4174/3695
f 5813/4288/3796 815/4281/3790 3895/4226/3740
f 985/4120/3647 4313/3999/3528 5448/4297/3804
f 589/4298/3805 1134/4229/3743 1340/4282/3791
f 5345/4165/3686 1957/4177/3698 876/4299/3806
f 2148/4150/3676 1904/4022/3551 273/4300/3807
f 1059/4301/3808 3191/4302/3809 4785/4263/3775
f 3191/4302/3809 2819/4245/3759 4785/4263/3775
f 2148/4150/3676 6066/4181/3701 181/4023/3552
f 2134/4285/3793 5322/4240/3754 5327/4202/3720
f 2724/4219/3735 98/4211/3729 1832/4267/3779
f 1967/4303/3810 3844/4287/3795 6090/4253/3766
f 1715/4275/3787 3851/4001/3530 5471/4209/3727
f 3515/4250/3610 3885/4230/3744 5111/4289/3797
f 1891/4231/3745 2668/4291/3798 4123/4123/3650
f 6268/4304/3811 1904/4022/3551 3080/4210/3728
f 1904/4022/3551 6268/4304/3811 273/4300/3807
f 2936/4178/3699 56/4305/3812 2134/4285/3793
f 3499/4166/3687 3239/4306/3584 238/4307/3628
f 5492/4273/3785 5814/4308/3813 561/4212/3730
f 324/4174/3695 6194/4173/3694 1501/4237/3751
f 1501/4237/3751 1058/4195/3715 3490/4269/3781
f 5825/4274/3786 3264/4309/3814 1715/4275/3787
f 4713/4201/3719 1741/4271/3783 3779/4310/3815
f 4713/4201/3719 3779/4310/3815 5546/4255/3768
f 4785/4263/3775 3354/4284/3792 1059/4301/3808
f 6264/4262/3774 3270/4017/3546 2143/3978/3511
f 4580/3992/3522 2568/4264/3776 4453/3993/3356
f 1490/4311/3816 3980/4280/3760 2818/4312/3759
f 194/4292/3799 56/4305/3812 2936/4178/3699
f 194/4292/3799 1818/4168/3689 4349/4313/3817
f 5675/4119/3646 1614/4294/3801 2168/4060/3589
f 4566/4145/3671 3789/3983/3516 5268/4169/3690
f 5184/4314/3818 4528/4078/3607 4258/4125/3652
f 2695/4142/3668 4645/4083/3612 2669/4191/3711
f 638/4104/3631 4987/4052/3581 5521/4170/3691
f 32/3887/3431 3045/4242/3756 941/4208/3726
f 4850/4315/3819 5561/4316/3731 214/4317/3753
f 3315/4290/3616 5111/4289/3797 214/4317/3753
f 2667/4318/3798 1741/4271/3783 1578/4180/3700
f 1333/4319/3820 3354/4284/3792 6264/4262/3774
f 1715/4275/3787 5913/4130/3657 3851/4001/3530
f 3978/4320/3603 5561/4316/3731 4850/4315/3819
f 2568/4264/3776 4580/3992/3522 2550/4088/3617
f 2568/4264/3776 3399/4321/3821 2567/4265/3777
f 3267/4322/3822 5322/4240/3754 2134/4285/3793
f 5322/4240/3754 2204/4293/3800 5621/4233/3747
f 667/4323/3823 237/4101/3628 5316/4056/3585
f 3133/4020/3549 6180/4015/3544 3833/4324/3824
f 3490/4269/3781 4955/4325/3825 4745/4326/3826
f 5345/4165/3686 876/4299/3806 4217/4122/3649
f 1062/4327/3827 1815/4328/3828 3354/4284/3792
f 1815/4328/3828 1059/4301/3808 3354/4284/3792
f 488/4329/3829 687/4042/3571 3391/4025/3554
f 1490/4311/3816 17/4330/3830 3980/4280/3760
f 17/4330/3830 5378/4279/3789 3980/4280/3760
f 3283/4141/3667 4711/3758/3330 4979/4064/3593
f 3833/4324/3824 6180/4015/3544 985/4120/3647
f 588/4249/3763 4067/4331/3831 5825/4274/3786
f 1715/4275/3787 3264/4309/3814 5278/4332/3832
f 5546/4255/3768 3779/4310/3815 5020/4333/3833
f 1333/4319/3820 1062/4327/3827 3354/4284/3792
f 3163/4334/3834 3267/4322/3822 2134/4285/3793
f 3163/4334/3834 56/4305/3812 4310/4335/3835
f 2134/4285/3793 56/4305/3812 3163/4334/3834
f 4959/4336/3836 6046/4252/3765 5669/4149/3675
f 5520/4337/3837 3089/4107/3634 5062/4338/3838
f 1353/4339/3839 3490/4269/3781 2783/4268/3780
f 2014/4238/3752 711/4340/3840 1651/4152/3678
f 3490/4269/3781 4745/4326/3826 1501/4237/3751
f 5546/4255/3768 6166/4341/3841 1573/4261/3773
f 2143/3978/3511 1333/4319/3820 6264/4262/3774
f 1059/4301/3808 4382/4342/3842 3191/4302/3809
f 1333/4319/3820 2143/3978/3511 4195/4076/3605
f 4310/4335/3835 5393/4343/3843 3163/4334/3834
f 5793/4286/3794 988/4133/3659 935/4068/3597
f 3283/4141/3667 2486/4251/3764 5138/4012/3541
f 5427/4344/3844 324/4174/3695 1501/4237/3751
f 1243/4345/3845 588/4249/3763 815/4281/3790
f 4956/4346/3846 62/3914/3455 5024/4213/3635
f 4122/4197/3716 1651/4152/3678 711/4340/3840
f 5913/4130/3657 4672/4347/3847 6042/4176/3697
f 5913/4130/3657 1715/4275/3787 4672/4347/3847
f 418/4348/3848 3911/4349/3742 3978/4320/3603
f 729/4276/3736 2924/4350/3849 3083/4254/3767
f 3083/4254/3767 2924/4350/3849 1340/4282/3791
f 4850/4315/3819 214/4317/3753 5111/4289/3797
f 1491/4351/3816 3191/4302/3809 5213/4352/3850
f 2819/4245/3759 3191/4302/3809 1491/4351/3816
f 204/4353/3851 2568/4264/3776 2550/4088/3617
f 3398/4354/3821 4188/4272/3784 2566/4118/3645
f 3305/4355/3852 6066/4181/3701 2148/4150/3676
f 194/4292/3799 4310/4335/3835 56/4305/3812
f 1818/4168/3689 2416/4203/3721 4349/4313/3817
f 8/4266/3778 6283/4356/3853 1832/4267/3779
f 1832/4267/3779 6283/4356/3853 5492/4273/3785
f 2695/4142/3668 5062/4338/3838 3089/4107/3634
f 941/4208/3726 4979/4064/3593 1381/3607/3224
f 5448/4297/3804 4313/3999/3528 260/4129/3656
f 4672/4347/3847 260/4129/3656 6042/4176/3697
f 4745/4326/3826 4955/4325/3825 6039/4357/3854
f 4067/4331/3831 3264/4309/3814 5825/4274/3786
f 1340/4282/3791 2924/4350/3849 1733/4358/3855
f 5546/4255/3768 5020/4333/3833 6166/4341/3841
f 1062/4327/3827 1333/4319/3820 3140/4359/3856
f 2486/4251/3764 3208/4124/3651 5665/3834/3384
f 4959/4336/3836 5669/4149/3675 2204/4293/3800
f 638/4104/3631 4270/4360/3857 4806/4105/3632
f 1243/4345/3845 4067/4331/3831 588/4249/3763
f 5427/4344/3844 1501/4237/3751 4745/4326/3826
f 4955/4325/3825 4830/4361/3858 6039/4357/3854
f 3163/4334/3834 5393/4343/3843 1685/4362/3859
f 813/4363/3860 5393/4343/3843 4310/4335/3835
f 85/4004/3533 2321/4364/3861 5207/4092/3620
f 2632/4365/3862 4310/4335/3835 194/4292/3799
f 3305/4355/3852 2858/4366/3863 6066/4181/3701
f 1538/4045/3574 3253/4295/3802 4201/4148/3674
f 3253/4295/3802 1380/4102/3629 2796/4248/3762
f 6046/4252/3765 4347/4367/3864 2784/4159/3682
f 2219/4243/3757 62/3914/3455 4956/4346/3846
f 5448/4297/3804 260/4129/3656 4672/4347/3847
f 1715/4275/3787 3300/4368/3865 4672/4347/3847
f 1340/4282/3791 1733/4358/3855 589/4298/3805
f 1351/4258/3770 1133/4260/3772 590/4369/3866
f 2711/4370/3867 5393/4343/3843 813/4363/3860
f 2669/4191/3711 4528/4078/3607 5184/4314/3818
f 1009/4371/3868 4270/4360/3857 638/4104/3631
f 6039/4357/3854 3340/4372/3869 4745/4326/3826
f 5278/4332/3832 3300/4368/3865 1715/4275/3787
f 2652/4373/3870 2924/4350/3849 729/4276/3736
f 1815/4328/3828 4382/4342/3842 1059/4301/3808
f 1333/4319/3820 4195/4076/3605 1183/4374/3871
f 813/4363/3860 4310/4335/3835 2973/4375/3872
f 4012/4376/3873 5492/4273/3785 6283/4356/3853
f 5442/4143/3669 1437/4058/3587 3865/4377/3874
f 3123/4378/3875 2014/4238/3752 3844/4287/3795
f 412/4151/3677 3133/4020/3549 3833/4324/3824
f 4830/4361/3858 4955/4325/3825 3490/4269/3781
f 4217/4122/3649 876/4299/3806 3521/4379/3876
f 3140/4359/3856 1333/4319/3820 746/4380/3877
f 3267/4322/3822 3163/4334/3834 1685/4362/3859
f 4382/4342/3842 5213/4352/3850 3191/4302/3809
f 5212/4381/3850 17/4330/3830 1490/4311/3816
f 17/4330/3830 5348/4382/3878 5378/4279/3789
f 4201/4148/3674 4807/4383/3879 5554/4218/3734
f 4270/4360/3857 1611/4114/3641 4806/4105/3632
f 638/4104/3631 5521/4170/3691 1009/4371/3868
f 5814/4308/3813 5492/4273/3785 4012/4376/3873
f 4917/4384/3880 4672/4347/3847 3300/4368/3865
f 3300/4368/3865 5278/4332/3832 4059/4385/3881
f 1230/4386/3882 1358/4278/3788 2017/4200/3718
f 408/4387/3883 876/4299/3806 1957/4177/3698
f 1017/4244/3758 204/4353/3851 2550/4088/3617
f 5207/4092/3620 2321/4364/3861 1017/4244/3758
f 957/4388/3884 85/4004/3533 3208/4124/3651
f 5107/4389/3885 5322/4240/3754 3267/4322/3822
f 1695/4390/3886 3208/4124/3651 2486/4251/3764
f 5378/4279/3789 2922/4391/3887 8/4266/3778
f 2922/4391/3887 6283/4356/3853 8/4266/3778
f 324/4174/3695 5427/4344/3844 1660/4296/3803
f 4122/4197/3716 711/4340/3840 1672/4270/3782
f 1146/4392/3888 4672/4347/3847 4917/4384/3880
f 4917/4384/3880 3300/4368/3865 1145/4393/3889
f 1984/4394/3890 5278/4332/3832 3264/4309/3814
f 1144/4395/3891 1145/4393/3889 3300/4368/3865
f 4850/4315/3819 418/4348/3848 3978/4320/3603
f 590/4369/3866 1430/4396/3892 1351/4258/3770
f 3521/4379/3876 577/4397/3893 4217/4122/3649
f 1230/4386/3882 2017/4200/3718 1573/4261/3773
f 2118/4398/3894 5393/4343/3843 2711/4370/3867
f 5219/4399/3895 2711/4370/3867 813/4363/3860
f 2233/4400/3896 4382/4342/3842 1815/4328/3828
f 408/4387/3883 1957/4177/3698 4188/4272/3784
f 2230/4401/3897 2632/4365/3862 194/4292/3799
f 5348/4382/3878 17/4330/3830 2257/4402/3898
f 5348/4382/3878 2922/4391/3887 5378/4279/3789
f 6179/4403/3899 2796/4248/3762 3/4134/3660
f 4013/4404/3900 2807/4405/3901 5813/4288/3796
f 815/4281/3790 5813/4288/3796 2807/4405/3901
f 4067/4331/3831 2389/4406/3902 3264/4309/3814
f 1146/4392/3888 1144/4395/3891 4672/4347/3847
f 1144/4395/3891 3300/4368/3865 4059/4385/3881
f 4242/4407/3903 4850/4315/3819 5111/4289/3797
f 1685/4362/3859 5393/4343/3843 2118/4398/3894
f 746/4380/3877 1333/4319/3820 1183/4374/3871
f 4195/4076/3605 739/4100/3627 1183/4374/3871
f 5212/4381/3850 2257/4402/3898 17/4330/3830
f 5107/4389/3885 2204/4293/3800 5322/4240/3754
f 1585/4256/3769 5184/4314/3818 4258/4125/3652
f 3804/4408/3904 6046/4252/3765 4959/4336/3836
f 2922/4391/3887 5307/4409/3905 6283/4356/3853
f 6283/4356/3853 5307/4409/3905 4012/4376/3873
f 3844/4287/3795 1967/4303/3810 424/4410/3906
f 711/4340/3840 2014/4238/3752 3123/4378/3875
f 5448/4297/3804 4672/4347/3847 978/4411/3907
f 978/4411/3907 4672/4347/3847 1144/4395/3891
f 5111/4289/3797 3885/4230/3744 5279/4412/3908
f 3779/4310/3815 3028/4413/3909 5020/4333/3833
f 6166/4341/3841 5020/4333/3833 4797/4414/3910
f 739/4100/3627 6227/4415/3911 1183/4374/3871
f 1187/4416/3912 1613/4417/3801 5676/4418/3646
f 2068/4082/3611 4566/4145/3671 3032/4419/3913
f 4347/4367/3864 6046/4252/3765 3804/4408/3904
f 411/4420/3914 1469/4127/3654 412/4151/3677
f 4830/4361/3858 3490/4269/3781 1353/4339/3839
f 835/4421/3915 3045/4242/3756 2219/4243/3757
f 1984/4394/3890 3264/4309/3814 2389/4406/3902
f 6039/4357/3854 4830/4361/3858 5811/4422/3916
f 3886/4423/3917 1351/4258/3770 5280/4424/3908
f 3028/4413/3909 4797/4414/3910 5020/4333/3833
f 1230/4386/3882 1573/4261/3773 6166/4341/3841
f 1062/4327/3827 2233/4400/3896 1815/4328/3828
f 273/4300/3807 3305/4355/3852 2148/4150/3676
f 3391/4025/3554 3499/4166/3687 488/4329/3829
f 5348/4382/3878 4542/4425/3918 2922/4391/3887
f 2586/4426/3919 2416/4203/3721 725/4232/3746
f 3865/4377/3874 1437/4058/3587 5318/4084/3613
f 2045/4247/3761 1941/4427/3920 2238/4225/3739
f 4348/4428/3864 1353/4339/3839 2783/4268/3780
f 1243/4345/3845 815/4281/3790 2807/4405/3901
f 985/4120/3647 412/4151/3677 3833/4324/3824
f 5024/4213/3635 299/4429/3921 4956/4346/3846
f 4222/4430/3922 4745/4326/3826 3340/4372/3869
f 4059/4385/3881 5278/4332/3832 1984/4394/3890
f 3340/4372/3869 6039/4357/3854 136/4431/3923
f 6039/4357/3854 5811/4422/3916 136/4431/3923
f 1733/4358/3855 1431/4432/3924 589/4298/3805
f 1741/4271/3783 3028/4413/3909 3779/4310/3815
f 2711/4370/3867 5219/4399/3895 4393/4433/3925
f 3140/4359/3856 2266/4434/3926 1062/4327/3827
f 2973/4375/3872 5219/4399/3895 813/4363/3860
f 2158/4435/3927 408/4387/3883 4188/4272/3784
f 4542/4425/3918 5348/4382/3878 1233/4436/3928
f 4957/4437/3846 297/4438/3608 3911/4349/3742
f 978/4411/3907 4777/4439/3929 5448/4297/3804
f 1672/4270/3782 2459/4440/3930 454/4136/3662
f 978/4411/3907 1144/4395/3891 4059/4385/3881
f 2333/4441/3931 4242/4407/3903 5111/4289/3797
f 1183/4374/3871 5553/4442/3932 746/4380/3877
f 2257/4402/3898 5212/4381/3850 1300/4443/3933
f 739/4100/3627 687/4042/3571 6227/4415/3911
f 5348/4382/3878 2257/4402/3898 1233/4436/3928
f 2586/4426/3919 4349/4313/3817 2416/4203/3721
f 2858/4366/3863 1966/4234/3748 6066/4181/3701
f 1611/4114/3641 4270/4360/3857 4921/4444/3934
f 996/4445/3935 2045/4247/3761 1660/4296/3803
f 797/4446/3936 1243/4345/3845 2807/4405/3901
f 412/4151/3677 985/4120/3647 1500/4447/3937
f 5448/4297/3804 1500/4447/3937 985/4120/3647
f 3911/4349/3742 418/4348/3848 4434/4448/3938
f 2459/4440/3930 728/4221/3736 454/4136/3662
f 1733/4358/3855 2924/4350/3849 3704/4449/3939
f 2266/4434/3926 2233/4400/3896 1062/4327/3827
f 4382/4342/3842 1299/4450/3940 5213/4352/3850
f 488/4329/3829 6227/4415/3911 687/4042/3571
f 2257/4402/3898 3094/4451/3941 1233/4436/3928
f 667/4323/3823 5316/4056/3585 1614/4294/3801
f 3698/4452/3942 424/4410/3906 1967/4303/3810
f 411/4420/3914 412/4151/3677 1500/4447/3937
f 1500/4447/3937 5448/4297/3804 4777/4439/3929
f 6210/4453/3943 1733/4358/3855 4415/4454/3944
f 1733/4358/3855 6210/4453/3943 1431/4432/3924
f 3028/4413/3909 2031/4455/3945 4797/4414/3910
f 577/4397/3893 1891/4231/3745 4217/4122/3649
f 6166/4341/3841 4968/4456/3946 1230/4386/3882
f 2118/4398/3894 2711/4370/3867 4393/4433/3925
f 4393/4433/3925 5219/4399/3895 6142/4457/3947
f 6268/4304/3811 3080/4210/3728 1357/4283/3788
f 2973/4375/3872 1544/4458/3948 5219/4399/3895
f 3267/4322/3822 1685/4362/3859 5107/4389/3885
f 1187/4416/3912 5676/4418/3646 989/4459/3949
f 3/4134/3660 1611/4114/3641 4921/4444/3934
f 2669/4191/3711 5184/4314/3818 1986/4460/3950
f 3716/4461/3951 3847/4061/3590 2239/4235/3749
f 5217/4462/3952 3283/4141/3667 4979/4064/3593
f 410/4463/3953 1469/4127/3654 411/4420/3914
f 411/4420/3914 1500/4447/3937 410/4463/3953
f 2011/4464/3954 4067/4331/3831 1243/4345/3845
f 4691/4465/3955 3340/4372/3869 136/4431/3923
f 6101/4466/3956 1431/4432/3924 6210/4453/3943
f 2667/4318/3798 1325/4467/3957 1741/4271/3783
f 1890/4468/3745 1325/4467/3957 2667/4318/3798
f 4968/4456/3946 6166/4341/3841 4797/4414/3910
f 6142/4457/3947 5219/4399/3895 4142/4469/3958
f 4382/4342/3842 2233/4400/3896 4438/4470/3959
f 4438/4470/3959 1299/4450/3940 4382/4342/3842
f 6227/4415/3911 5553/4442/3932 1183/4374/3871
f 1300/4443/3933 3094/4451/3941 2257/4402/3898
f 1695/4390/3886 957/4388/3884 3208/4124/3651
f 2230/4401/3897 194/4292/3799 4349/4313/3817
f 1695/4390/3886 2486/4251/3764 2822/4471/3960
f 6179/4403/3899 3/4134/3660 4921/4444/3934
f 5520/4337/3837 5062/4338/3838 5722/4472/3961
f 410/4463/3953 1500/4447/3937 1469/4127/3654
f 1243/4345/3845 797/4446/3936 2011/4464/3954
f 2389/4406/3902 4067/4331/3831 2011/4464/3954
f 4691/4465/3955 136/4431/3923 5119/4473/3962
f 136/4431/3923 3412/4474/3963 5119/4473/3962
f 3704/4449/3939 4415/4454/3944 1733/4358/3855
f 4311/4475/3964 2031/4455/3945 3028/4413/3909
f 5219/4399/3895 1544/4458/3948 4142/4469/3958
f 3398/4354/3821 2158/4435/3927 4188/4272/3784
f 2297/4476/3965 3844/4287/3795 424/4410/3906
f 3123/4378/3875 3844/4287/3795 2297/4476/3965
f 1500/4447/3937 4238/4194/3714 1469/4127/3654
f 4242/4407/3903 418/4348/3848 4850/4315/3819
f 136/4431/3923 5811/4422/3916 3412/4474/3963
f 4415/4454/3944 1061/4477/3966 6210/4453/3943
f 2568/4264/3776 6152/4478/3967 3399/4321/3821
f 6227/4415/3911 488/4329/3829 333/4479/3968
f 3499/4166/3687 333/4479/3968 488/4329/3829
f 1233/4436/3928 108/4480/3969 4542/4425/3918
f 3253/4295/3802 3993/4481/3970 4201/4148/3674
f 1500/4447/3937 5635/4482/3971 4238/4194/3714
f 1660/4296/3803 5427/4344/3844 3435/4483/3972
f 4321/4484/3973 4059/4385/3881 1984/4394/3890
f 5799/4485/3974 2333/4441/3931 5111/4289/3797
f 2812/4486/3975 4393/4433/3925 6142/4457/3947
f 746/4380/3877 3733/4487/3976 3140/4359/3856
f 3140/4359/3856 3733/4487/3976 2266/4434/3926
f 1300/4443/3933 5996/4488/3977 3094/4451/3941
f 1585/4256/3769 5554/4218/3734 3030/4489/3978
f 797/4446/3936 546/4490/3979 2011/4464/3954
f 1720/4491/3980 2389/4406/3902 2011/4464/3954
f 4222/4430/3922 3340/4372/3869 247/4492/3981
f 4149/4493/3982 978/4411/3907 4321/4484/3973
f 978/4411/3907 4059/4385/3881 4321/4484/3973
f 2924/4350/3849 2652/4373/3870 3704/4449/3939
f 5947/4494/3983 4415/4454/3944 3704/4449/3939
f 4415/4454/3944 5947/4494/3983 747/4495/3984
f 747/4495/3984 1061/4477/3966 4415/4454/3944
f 1061/4477/3966 4534/4496/3985 6210/4453/3943
f 6210/4453/3943 4534/4496/3985 6101/4466/3956
f 5799/4485/3974 5111/4289/3797 5279/4412/3908
f 4797/4414/3910 2031/4455/3945 5012/4497/3986
f 2031/4455/3945 3065/4498/3987 5012/4497/3986
f 4797/4414/3910 5012/4497/3986 4968/4456/3946
f 2266/4434/3926 4438/4470/3959 2233/4400/3896
f 746/4380/3877 5553/4442/3932 3733/4487/3976
f 1017/4244/3758 2321/4364/3861 4189/4499/3988
f 724/4188/3708 6114/4050/3579 3275/4500/3989
f 4101/4501/3990 1967/4303/3810 2857/4502/3863
f 2297/4476/3965 424/4410/3906 3698/4452/3942
f 3435/4483/3972 5427/4344/3844 4745/4326/3826
f 2328/4503/3991 5119/4473/3962 3412/4474/3963
f 3028/4413/3909 4654/4504/3992 4311/4475/3964
f 4311/4475/3964 1492/4505/3993 2031/4455/3945
f 1492/4505/3993 2903/4506/3994 2031/4455/3945
f 2812/4486/3975 6142/4457/3947 1458/4507/3995
f 3065/4498/3987 2031/4455/3945 2903/4506/3994
f 705/4508/3996 4393/4433/3925 2812/4486/3975
f 1458/4507/3995 6142/4457/3947 2982/4509/3997
f 705/4508/3996 2118/4398/3894 4393/4433/3925
f 6011/4510/3998 2982/4509/3997 6142/4457/3947
f 4142/4469/3958 6011/4510/3998 6142/4457/3947
f 4438/4470/3959 5995/4511/3977 1299/4450/3940
f 2034/4512/3999 5553/4442/3932 6227/4415/3911
f 3698/4452/3942 1967/4303/3810 4101/4501/3990
f 5317/4220/3613 4238/4194/3714 5635/4482/3971
f 4957/4437/3846 3911/4349/3742 4434/4448/3938
f 2261/4513/4000 1500/4447/3937 4777/4439/3929
f 1672/4270/3782 711/4340/3840 1696/4514/4001
f 4777/4439/3929 978/4411/3907 4149/4493/3982
f 4654/4504/3992 4585/4515/4002 4311/4475/3964
f 2903/4506/3994 1459/4516/3995 2981/4517/3997
f 760/4518/4003 5995/4511/3977 4438/4470/3959
f 85/4004/3533 957/4388/3884 2321/4364/3861
f 2230/4401/3897 4349/4313/3817 628/4519/4004
f 238/4307/3628 668/4520/4005 1613/4417/3801
f 6017/4521/4006 2486/4251/3764 3283/4141/3667
f 2669/4191/3711 1986/4460/3950 2695/4142/3668
f 4004/4522/4007 1941/4427/3920 2045/4247/3761
f 5317/4220/3613 5635/4482/3971 3864/4523/4008
f 1500/4447/3937 2261/4513/4000 5635/4482/3971
f 1984/4394/3890 2389/4406/3902 1720/4491/3980
f 747/4495/3984 2828/4524/4009 1061/4477/3966
f 1061/4477/3966 2828/4524/4009 4534/4496/3985
f 5280/4424/3908 1351/4258/3770 1430/4396/3892
f 1459/4516/3995 2903/4506/3994 1492/4505/3993
f 5865/4525/4010 3065/4498/3987 2903/4506/3994
f 1685/4362/3859 2118/4398/3894 3327/4526/4011
f 4142/4469/3958 4179/4527/4012 6011/4510/3998
f 4179/4527/4012 4142/4469/3958 1544/4458/3948
f 273/4300/3807 6268/4304/3811 3358/4528/4013
f 5787/4529/4014 6152/4478/3967 2568/4264/3776
f 333/4479/3968 3499/4166/3687 238/4307/3628
f 4349/4313/3817 2586/4426/3919 628/4519/4004
f 1187/4416/3912 238/4307/3628 1613/4417/3801
f 5520/4337/3837 5722/4472/3961 1008/4530/4015
f 1353/4339/3839 4128/4531/4016 4830/4361/3858
f 5183/4532/4017 2261/4513/4000 4777/4439/3929
f 4547/4533/4018 4434/4448/3938 418/4348/3848
f 4242/4407/3903 4547/4533/4018 418/4348/3848
f 5119/4473/3962 2328/4503/3991 2828/4524/4009
f 2828/4524/4009 2328/4503/3991 4534/4496/3985
f 876/4299/3806 5591/4534/4019 3521/4379/3876
f 6267/4535/4020 1358/4278/3788 1230/4386/3882
f 408/4387/3883 5591/4534/4019 876/4299/3806
f 2973/4375/3872 4310/4335/3835 2632/4365/3862
f 4189/4499/3988 2321/4364/3861 4920/4536/4021
f 1233/4436/3928 3094/4451/3941 2300/4537/4022
f 238/4307/3628 1253/4538/4023 333/4479/3968
f 6017/4521/4006 2822/4471/3960 2486/4251/3764
f 6017/4521/4006 3283/4141/3667 5217/4462/3952
f 3864/4523/4008 5635/4482/3971 6198/4539/4024
f 5039/4540/4025 3045/4242/3756 835/4421/3915
f 1984/4394/3890 1720/4491/3980 5157/4541/4026
f 2459/4440/3930 1672/4270/3782 1696/4514/4001
f 3340/4372/3869 4691/4465/3955 247/4492/3981
f 5119/4473/3962 2828/4524/4009 4569/4542/4027
f 1458/4507/3995 4781/4543/4028 2812/4486/3975
f 2639/4544/4029 1544/4458/3948 2973/4375/3872
f 3305/4355/3852 273/4300/3807 3358/4528/4013
f 5787/4529/4014 2568/4264/3776 204/4353/3851
f 2034/4512/3999 6227/4415/3911 333/4479/3968
f 238/4307/3628 1187/4416/3912 1253/4538/4023
f 1187/4416/3912 989/4459/3949 1253/4538/4023
f 3864/4523/4008 6198/4539/4024 5443/4545/3669
f 546/4490/3979 5265/4546/4030 2011/4464/3954
f 4777/4439/3929 5986/4547/4031 5183/4532/4017
f 5811/4422/3916 4830/4361/3858 2308/4548/4032
f 747/4495/3984 4569/4542/4027 2828/4524/4009
f 5848/4549/4033 3412/4474/3963 5811/4422/3916
f 2328/4503/3991 3412/4474/3963 5848/4549/4033
f 6102/4550/4034 4535/4551/3985 3162/4552/4035
f 1430/4396/3892 6102/4550/4034 3162/4552/4035
f 4585/4515/4002 1492/4505/3993 4311/4475/3964
f 705/4508/3996 2812/4486/3975 4781/4543/4028
f 4868/4553/4036 6011/4510/3998 4179/4527/4012
f 4868/4553/4036 4179/4527/4012 1544/4458/3948
f 3357/4554/4013 6269/4555/4020 3363/4556/4037
f 4438/4470/3959 2266/4434/3926 3733/4487/3976
f 2391/4557/3625 5443/4545/3669 6198/4539/4024
f 5635/4482/3971 2261/4513/4000 6198/4539/4024
f 5363/4558/4038 2261/4513/4000 5183/4532/4017
f 4777/4439/3929 4149/4493/3982 5986/4547/4031
f 5800/4559/3974 5280/4424/3908 5267/4560/4039
f 2793/4561/4040 1325/4467/3957 1890/4468/3745
f 1492/4505/3993 4779/4562/4041 1459/4516/3995
f 5865/4525/4010 2903/4506/3994 2981/4517/3997
f 3733/4487/3976 2329/4563/4042 4438/4470/3959
f 2329/4563/4042 760/4518/4003 4438/4470/3959
f 117/4564/4043 5107/4389/3885 1685/4362/3859
f 3358/4528/4013 3095/4565/4044 3305/4355/3852
f 957/4388/3884 4920/4536/4021 2321/4364/3861
f 6114/4050/3579 2068/4082/3611 3275/4500/3989
f 987/4566/3659 5792/4567/3794 3000/4568/4045
f 3000/4568/4045 5792/4567/3794 2392/4569/4046
f 4532/4570/4047 4956/4346/3846 2748/4571/4048
f 3123/4378/3875 1696/4514/4001 711/4340/3840
f 5265/4546/4030 1720/4491/3980 2011/4464/3954
f 4830/4361/3858 4420/4572/4049 2308/4548/4032
f 2328/4503/3991 4257/4573/4050 4534/4496/3985
f 5280/4424/3908 1430/4396/3892 4872/4574/4051
f 3095/4565/4044 2858/4366/3863 3305/4355/3852
f 2034/4512/3999 333/4479/3968 2275/4575/4052
f 2204/4293/3800 554/4576/4053 4959/4336/3836
f 3293/4577/4054 3253/4295/3802 2796/4248/3762
f 4355/4578/4055 1986/4460/3950 5184/4314/3818
f 3717/4579/4056 2238/4225/3739 1941/4427/3920
f 3435/4483/3972 996/4445/3935 1660/4296/3803
f 2460/4580/4057 2652/4373/3870 729/4276/3736
f 2652/4373/3870 4730/4581/4058 3704/4449/3939
f 4257/4573/4050 2328/4503/3991 5848/4549/4033
f 3162/4552/4035 4535/4551/3985 4256/4582/4050
f 1741/4271/3783 4654/4504/3992 3028/4413/3909
f 3327/4526/4011 2118/4398/3894 705/4508/3996
f 3327/4526/4011 1521/4583/4059 1685/4362/3859
f 2166/4584/4060 1544/4458/3948 2639/4544/4029
f 5553/4442/3932 4316/4585/4061 3733/4487/3976
f 760/4518/4003 267/4586/4062 5995/4511/3977
f 3398/4354/3821 6151/4587/3967 2158/4435/3927
f 2275/4575/4052 333/4479/3968 1253/4538/4023
f 989/4459/3949 2999/4588/4045 1253/4538/4023
f 658/4589/4063 2922/4391/3887 4542/4425/3918
f 3993/4481/3970 4807/4383/3879 4201/4148/3674
f 4128/4531/4016 4420/4572/4049 4830/4361/3858
f 1488/4590/4064 4321/4484/3973 1984/4394/3890
f 5157/4541/4026 1488/4590/4064 1984/4394/3890
f 1890/4468/3745 5254/4591/4065 2793/4561/4040
f 1685/4362/3859 1521/4583/4059 5631/4592/4066
f 5307/4409/3905 2922/4391/3887 658/4589/4063
f 3001/4593/4067 2394/4594/3625 3778/4595/4068
f 3716/4461/3951 958/4596/4069 5268/4169/3690
f 2391/4557/3625 6198/4539/4024 3777/4597/4070
f 2748/4571/4048 4956/4346/3846 4433/4598/3938
f 1230/4386/3882 4968/4456/3946 2122/4599/4071
f 1626/4600/4072 3327/4526/4011 705/4508/3996
f 6267/4535/4020 1230/4386/3882 3585/4601/4073
f 2158/4435/3927 563/4602/4074 408/4387/3883
f 2796/4248/3762 6179/4403/3899 3293/4577/4054
f 517/4603/4075 5184/4314/3818 1585/4256/3769
f 3847/4061/3590 3716/4461/3951 5268/4169/3690
f 6198/4539/4024 2261/4513/4000 2359/4604/4076
f 4321/4484/3973 1219/4605/4077 4149/4493/3982
f 1851/4606/4078 5012/4497/3986 3065/4498/3987
f 2122/4599/4071 4968/4456/3946 5012/4497/3986
f 4116/4607/4079 5865/4525/4010 2981/4517/3997
f 1021/4608/4080 2329/4563/4042 3733/4487/3976
f 4316/4585/4061 5553/4442/3932 2034/4512/3999
f 2204/4293/3800 5107/4389/3885 117/4564/4043
f 4566/4145/3671 5268/4169/3690 958/4596/4069
f 3777/4597/4070 6198/4539/4024 2359/4604/4076
f 3123/4378/3875 2297/4476/3965 5434/4609/4081
f 2359/4604/4076 2261/4513/4000 5363/4558/4038
f 1696/4514/4001 3123/4378/3875 5434/4609/4081
f 4412/4610/4082 3435/4483/3972 4745/4326/3826
f 5363/4558/4038 5183/4532/4017 1748/4611/4083
f 1488/4590/4064 1219/4605/4077 4321/4484/3973
f 5905/4612/4084 5119/4473/3962 135/4613/4085
f 135/4613/4085 5119/4473/3962 4569/4542/4027
f 1754/4614/4086 747/4495/3984 5947/4494/3983
f 2793/4561/4040 5796/4615/4087 1325/4467/3957
f 5963/4616/4088 4779/4562/4041 1492/4505/3993
f 1890/4468/3745 576/4617/4089 5254/4591/4065
f 2831/4618/4090 6011/4510/3998 4868/4553/4036
f 1685/4362/3859 5631/4592/4066 117/4564/4043
f 679/4619/4091 2858/4366/3863 3095/4565/4044
f 4101/4501/3990 2857/4502/3863 4479/4620/4092
f 1206/4621/4093 3804/4408/3904 4959/4336/3836
f 3698/4452/3942 4479/4620/4092 2297/4476/3965
f 5434/4609/4081 2297/4476/3965 4740/4622/4094
f 5217/4462/3952 4979/4064/3593 941/4208/3726
f 1102/4623/4095 5183/4532/4017 5986/4547/4031
f 6098/4624/4096 4149/4493/3982 1219/4605/4077
f 2460/4580/4057 4730/4581/4058 2652/4373/3870
f 5799/4485/3974 749/4625/4097 2333/4441/3931
f 1430/4396/3892 3162/4552/4035 4872/4574/4051
f 1741/4271/3783 1325/4467/3957 4654/4504/3992
f 4585/4515/4002 5963/4616/4088 1492/4505/3993
f 1040/4626/4098 2982/4509/3997 6011/4510/3998
f 4316/4585/4061 1021/4608/4080 3733/4487/3976
f 6151/4587/3967 563/4602/4074 2158/4435/3927
f 1604/4627/4099 2204/4293/3800 117/4564/4043
f 678/4628/4100 4479/4620/4092 2857/4502/3863
f 1585/4256/3769 3030/4489/3978 517/4603/4075
f 2695/4142/3668 1628/4629/4101 5062/4338/3838
f 1206/4621/4093 4347/4367/3864 3804/4408/3904
f 1756/4630/4102 797/4446/3936 2807/4405/3901
f 4559/4631/4103 5039/4540/4025 835/4421/3915
f 1102/4623/4095 1748/4611/4083 5183/4532/4017
f 4691/4465/3955 5905/4612/4084 247/4492/3981
f 4730/4581/4058 1754/4614/4086 3704/4449/3939
f 1544/4458/3948 2166/4584/4060 4868/4553/4036
f 5670/4632/4104 760/4518/4003 2329/4563/4042
f 563/4602/4074 5591/4534/4019 408/4387/3883
f 3032/4419/3913 3275/4500/3989 2068/4082/3611
f 4479/4620/4092 3698/4452/3942 4101/4501/3990
f 517/4603/4075 4355/4578/4055 5184/4314/3818
f 2695/4142/3668 1986/4460/3950 1628/4629/4101
f 4004/4522/4007 2045/4247/3761 996/4445/3935
f 941/4208/3726 3045/4242/3756 5039/4540/4025
f 835/4421/3915 2219/4243/3757 4956/4346/3846
f 6098/4624/4096 5986/4547/4031 4149/4493/3982
f 2459/4440/3930 1696/4514/4001 5705/4633/4105
f 5905/4612/4084 4691/4465/3955 5119/4473/3962
f 5800/4559/3974 5267/4560/4039 748/4634/4097
f 5631/4592/4066 1521/4583/4059 1471/4635/4106
f 2639/4544/4029 2973/4375/3872 2632/4365/3862
f 3094/4451/3941 58/4636/4107 2300/4537/4022
f 1604/4627/4099 554/4576/4053 2204/4293/3800
f 4402/4637/4108 4270/4360/3857 1009/4371/3868
f 941/4208/3726 5237/4638/4109 3882/4639/4110
f 4222/4430/3922 4412/4610/4082 4745/4326/3826
f 4547/4533/4018 3724/4640/4111 4434/4448/3938
f 4362/4641/4112 4569/4542/4027 747/4495/3984
f 3302/4642/4113 705/4508/3996 4781/4543/4028
f 2639/4544/4029 2632/4365/3862 2230/4401/3897
f 2275/4575/4052 1253/4538/4023 5048/4643/4114
f 3993/4481/3970 3253/4295/3802 1352/4644/4115
f 3032/4419/3913 4566/4145/3671 958/4596/4069
f 4479/4620/4092 4740/4622/4094 2297/4476/3965
f 1173/4645/4116 2807/4405/3901 4013/4404/3900
f 1173/4645/4116 1756/4630/4102 2807/4405/3901
f 5363/4558/4038 1748/4611/4083 5900/4646/4117
f 2900/4647/4118 4128/4531/4016 1353/4339/3839
f 1102/4623/4095 5986/4547/4031 2549/4648/4119
f 6098/4624/4096 2549/4648/4119 5986/4547/4031
f 1178/4649/4120 4420/4572/4049 4128/4531/4016
f 4882/4650/4121 4547/4533/4018 4242/4407/3903
f 1626/4600/4072 705/4508/3996 3302/4642/4113
f 4316/4585/4061 2034/4512/3999 1943/4651/4122
f 2034/4512/3999 1100/4652/4123 1943/4651/4122
f 2034/4512/3999 2275/4575/4052 1100/4652/4123
f 2275/4575/4052 5048/4643/4114 1100/4652/4123
f 427/4653/4124 1252/4654/4023 3001/4593/4067
f 428/4655/4125 5048/4643/4114 1253/4538/4023
f 427/4653/4124 3001/4593/4067 3778/4595/4068
f 2359/4604/4076 5178/4656/4126 3777/4597/4070
f 5900/4646/4117 2359/4604/4076 5363/4558/4038
f 1696/4514/4001 5434/4609/4081 843/4657/4127
f 2748/4571/4048 4433/4598/3938 4562/4658/4128
f 4434/4448/3938 3724/4640/4111 4098/4659/4129
f 1748/4611/4083 1102/4623/4095 2549/4648/4119
f 2938/4660/4130 6098/4624/4096 1219/4605/4077
f 4882/4650/4121 4242/4407/3903 1640/4661/4131
f 5848/4549/4033 5811/4422/3916 2308/4548/4032
f 5267/4560/4039 5280/4424/3908 3027/4662/4132
f 2122/4599/4071 5012/4497/3986 1851/4606/4078
f 4326/4663/4133 957/4388/3884 1695/4390/3886
f 5704/4664/4134 2658/4665/4135 2460/4580/4057
f 5313/4666/4136 2308/4548/4032 4420/4572/4049
f 1640/4661/4131 4242/4407/3903 2333/4441/3931
f 3065/4498/3987 5865/4525/4010 4117/4667/4137
f 2831/4618/4090 4868/4553/4036 2166/4584/4060
f 2696/4668/4138 5787/4529/4014 204/4353/3851
f 857/4669/4139 1233/4436/3928 2300/4537/4022
f 4880/4670/4140 108/4480/3969 1233/4436/3928
f 2900/4647/4118 1353/4339/3839 4348/4428/3864
f 3882/4639/4110 5217/4462/3952 941/4208/3726
f 6098/4624/4096 2938/4660/4130 2549/4648/4119
f 1754/4614/4086 4362/4641/4112 747/4495/3984
f 2308/4548/4032 253/4671/4141 5848/4549/4033
f 4872/4574/4051 3162/4552/4035 2907/4672/4142
f 3521/4379/3876 5591/4534/4019 577/4397/3893
f 5631/4592/4066 5894/4673/4143 117/4564/4043
f 3357/4554/4013 3363/4556/4037 3096/4674/4144
f 4316/4585/4061 1943/4651/4122 1021/4608/4080
f 4326/4663/4133 4920/4536/4021 957/4388/3884
f 903/4675/4145 2586/4426/3919 725/4232/3746
f 908/4676/4146 6017/4521/4006 5217/4462/3952
f 2359/4604/4076 5900/4646/4117 5178/4656/4126
f 4434/4448/3938 4098/4659/4129 2604/4677/4147
f 3223/4678/4148 5157/4541/4026 1720/4491/3980
f 3223/4678/4148 1488/4590/4064 5157/4541/4026
f 3724/4640/4111 4547/4533/4018 4882/4650/4121
f 1325/4467/3957 5796/4615/4087 4654/4504/3992
f 4116/4607/4079 2981/4517/3997 1039/4679/4098
f 5996/4488/3977 58/4636/4107 3094/4451/3941
f 4189/4499/3988 204/4353/3851 1017/4244/3758
f 857/4669/4139 4880/4670/4140 1233/4436/3928
f 902/4680/4145 724/4188/3708 3275/4500/3989
f 4872/4574/4051 3027/4662/4132 5280/4424/3908
f 4654/4504/3992 2186/4681/4149 4585/4515/4002
f 5963/4616/4088 4585/4515/4002 2186/4681/4149
f 3585/4601/4073 1230/4386/3882 2122/4599/4071
f 6269/4555/4020 3457/4682/4150 3363/4556/4037
f 4206/4683/4151 628/4519/4004 2586/4426/3919
f 108/4480/3969 658/4589/4063 4542/4425/3918
f 554/4576/4053 1206/4621/4093 4959/4336/3836
f 3293/4577/4054 1352/4644/4115 3253/4295/3802
f 1171/4684/4152 4012/4376/3873 5307/4409/3905
f 6204/4685/4153 3777/4597/4070 5178/4656/4126
f 4561/4686/4128 4434/4448/3938 2604/4677/4147
f 5313/4666/4136 4420/4572/4049 1178/4649/4120
f 1754/4614/4086 5947/4494/3983 3704/4449/3939
f 3065/4498/3987 4117/4667/4137 1851/4606/4078
f 5894/4673/4143 1604/4627/4099 117/4564/4043
f 4168/4687/4154 5048/4643/4114 428/4655/4125
f 4532/4570/4047 3029/4688/4155 4956/4346/3846
f 3207/4689/4156 3327/4526/4011 1626/4600/4072
f 3096/4674/4144 3363/4556/4037 4151/4690/4157
f 3096/4674/4144 4151/4690/4157 680/4691/4158
f 187/4692/4159 5048/4643/4114 4168/4687/4154
f 4807/4383/3879 3030/4489/3978 5554/4218/3734
f 4740/4622/4094 4479/4620/4092 6205/4693/4153
f 6204/4685/4153 426/4694/4124 3777/4597/4070
f 1648/4695/4160 5722/4472/3961 5062/4338/3838
f 5934/4696/4161 6204/4685/4153 5178/4656/4126
f 5237/4638/4109 941/4208/3726 5039/4540/4025
f 835/4421/3915 4956/4346/3846 3029/4688/4155
f 1697/4697/4162 844/4698/4127 5704/4664/4134
f 247/4492/3981 4412/4610/4082 4222/4430/3922
f 4569/4542/4027 4362/4641/4112 135/4613/4085
f 1893/4699/4163 5267/4560/4039 3027/4662/4132
f 4780/4700/4041 5962/4701/4164 3303/4702/4165
f 1521/4583/4059 3327/4526/4011 3207/4689/4156
f 4117/4667/4137 5865/4525/4010 4116/4607/4079
f 1040/4626/4098 6011/4510/3998 2831/4618/4090
f 1471/4635/4106 5894/4673/4143 5631/4592/4066
f 789/4703/4166 2639/4544/4029 2230/4401/3897
f 4326/4663/4133 686/4704/4167 4920/4536/4021
f 5309/4705/4168 902/4680/4145 3275/4500/3989
f 3275/4500/3989 3032/4419/3913 5309/4705/4168
f 3032/4419/3913 958/4596/4069 5309/4705/4168
f 6204/4685/4153 4481/4706/4092 4169/4707/4169
f 958/4596/4069 3716/4461/3951 5309/4705/4168
f 3716/4461/3951 4002/4708/4170 5309/4705/4168
f 3717/4579/4056 1941/4427/3920 4004/4522/4007
f 4656/4709/4171 5039/4540/4025 4559/4631/4103
f 5704/4664/4134 2418/4710/4172 2658/4665/4135
f 1640/4661/4131 2333/4441/3931 749/4625/4097
f 2112/4711/4173 748/4634/4097 5267/4560/4039
f 3457/4682/4150 6269/4555/4020 3584/4712/4174
f 5670/4632/4104 1244/4713/4175 760/4518/4003
f 1244/4713/4175 267/4586/4062 760/4518/4003
f 4206/4683/4151 2586/4426/3919 903/4675/4145
f 4169/4707/4169 426/4694/4124 6204/4685/4153
f 5434/4609/4081 4740/4622/4094 5933/4714/4176
f 996/4445/3935 4091/4715/4177 4004/4522/4007
f 6292/4716/4178 5900/4646/4117 1748/4611/4083
f 1748/4611/4083 2549/4648/4119 5329/4717/4179
f 3724/4640/4111 4882/4650/4121 6073/4718/4180
f 5591/4534/4019 4816/4719/4181 577/4397/3893
f 4189/4499/3988 2696/4668/4138 204/4353/3851
f 5062/4338/3838 1628/4629/4101 1079/4720/4182
f 5934/4696/4161 4739/4721/4183 6204/4685/4153
f 1206/4621/4093 2901/4722/4184 4347/4367/3864
f 5934/4696/4161 5178/4656/4126 5900/4646/4117
f 5435/4723/4081 3261/4724/4185 844/4698/4127
f 2900/4647/4118 1178/4649/4120 4128/4531/4016
f 4730/4581/4058 2460/4580/4057 2658/4665/4135
f 4257/4573/4050 5848/4549/4033 2277/4725/4186
f 2907/4672/4142 3162/4552/4035 2940/4726/4187
f 5796/4615/4087 2798/4727/4188 4654/4504/3992
f 1470/4728/4189 1558/4729/4190 5895/4730/4191
f 3587/4731/4192 1100/4652/4123 5048/4643/4114
f 4479/4620/4092 678/4628/4100 186/4732/4159
f 4168/4687/4154 4480/4733/4193 187/4692/4159
f 5167/4734/4194 903/4675/4145 5308/4735/4195
f 4412/4610/4082 996/4445/3935 3435/4483/3972
f 844/4698/4127 3785/4736/4196 5704/4664/4134
f 4256/4582/4050 2278/4737/4186 2940/4726/4187
f 2940/4726/4187 3162/4552/4035 4256/4582/4050
f 3011/4738/4197 2831/4618/4090 2166/4584/4060
f 4816/4719/4181 5591/4534/4019 2218/4739/4198
f 2639/4544/4029 3104/4740/4199 2166/4584/4060
f 5591/4534/4019 563/4602/4074 2218/4739/4198
f 1100/4652/4123 3186/4741/4200 1943/4651/4122
f 187/4692/4159 680/4691/4158 4151/4690/4157
f 789/4703/4166 2230/4401/3897 628/4519/4004
f 1604/4627/4099 877/4742/4201 554/4576/4053
f 2159/4743/4202 1986/4460/3950 4355/4578/4055
f 1008/4530/4015 5722/4472/3961 4403/4744/4203
f 4090/4745/4177 5308/4735/4195 4003/4746/4170
f 3261/4724/4185 5435/4723/4081 5932/4747/4204
f 5704/4664/4134 4448/4748/4205 2418/4710/4172
f 253/4671/4141 2277/4725/4186 5848/4549/4033
f 4654/4504/3992 2798/4727/4188 2186/4681/4149
f 1470/4728/4189 1520/4749/4206 3206/4750/4207
f 3363/4556/4037 3457/4682/4150 3837/4751/4208
f 3011/4738/4197 2166/4584/4060 3104/4740/4199
f 789/4703/4166 3104/4740/4199 2639/4544/4029
f 1554/4752/4209 1021/4608/4080 1943/4651/4122
f 187/4692/4159 3587/4731/4192 5048/4643/4114
f 877/4742/4201 5310/4753/4210 554/4576/4053
f 5310/4753/4210 1206/4621/4093 554/4576/4053
f 4157/4754/4211 2549/4648/4119 2938/4660/4130
f 4872/4574/4051 2907/4672/4142 2990/4755/4212
f 860/4756/4213 3206/4750/4207 1625/4757/4214
f 3585/4601/4073 2122/4599/4071 1851/4606/4078
f 4151/4690/4157 3363/4556/4037 3186/4741/4200
f 187/4692/4159 4151/4690/4157 3587/4731/4192
f 5167/4734/4194 5308/4735/4195 4090/4745/4177
f 3260/4758/4215 5934/4696/4161 5900/4646/4117
f 2327/4759/4216 4532/4570/4047 2748/4571/4048
f 5329/4717/4179 2549/4648/4119 4157/4754/4211
f 4448/4748/4205 5704/4664/4134 3785/4736/4196
f 3524/4760/4217 247/4492/3981 5905/4612/4084
f 2418/4710/4172 163/4761/4218 2658/4665/4135
f 5313/4666/4136 253/4671/4141 2308/4548/4032
f 3303/4702/4165 860/4756/4213 1625/4757/4214
f 1040/4626/4098 2831/4618/4090 3011/4738/4197
f 375/4762/4219 3837/4751/4208 3457/4682/4150
f 3587/4731/4192 3186/4741/4200 1100/4652/4123
f 789/4703/4166 628/4519/4004 4206/4683/4151
f 4562/4658/4128 2327/4759/4216 2748/4571/4048
f 5667/4763/4220 4412/4610/4082 247/4492/3981
f 2623/4764/4221 1219/4605/4077 1488/4590/4064
f 4633/4765/4222 5313/4666/4136 1178/4649/4120
f 4730/4581/4058 2658/4665/4135 163/4761/4218
f 3537/4766/4223 135/4613/4085 4362/4641/4112
f 2940/4726/4187 2278/4737/4186 2907/4672/4142
f 576/4617/4089 5951/4767/4224 5254/4591/4065
f 1558/4729/4190 2663/4768/4225 5895/4730/4191
f 2696/4668/4138 3722/4769/4226 5787/4529/4014
f 6151/4587/3967 4351/4770/4227 563/4602/4074
f 2663/4768/4225 1603/4771/4228 5895/4730/4191
f 4151/4690/4157 3186/4741/4200 3587/4731/4192
f 4206/4683/4151 903/4675/4145 5167/4734/4194
f 4102/4772/4229 2822/4471/3960 6017/4521/4006
f 2861/4773/4230 1206/4621/4093 5310/4753/4210
f 2861/4773/4230 2901/4722/4184 1206/4621/4093
f 3261/4724/4185 6293/4774/4231 844/4698/4127
f 6292/4716/4178 3260/4758/4215 5900/4646/4117
f 844/4698/4127 6293/4774/4231 3785/4736/4196
f 2556/4775/4232 3724/4640/4111 6073/4718/4180
f 5667/4763/4220 254/4776/4233 4412/4610/4082
f 2938/4660/4130 1219/4605/4077 248/4777/4234
f 4882/4650/4121 1640/4661/4131 749/4625/4097
f 3027/4662/4132 4872/4574/4051 2990/4755/4212
f 1425/4778/4235 3103/4779/4199 788/4780/4236
f 686/4704/4167 4189/4499/3988 4920/4536/4021
f 3722/4769/4226 6152/4478/3967 5787/4529/4014
f 2664/4781/4225 877/4742/4201 1604/4627/4099
f 4102/4772/4229 1695/4390/3886 2822/4471/3960
f 996/4445/3935 4412/4610/4082 4091/4715/4177
f 3786/4782/4237 6292/4716/4178 1748/4611/4083
f 5237/4638/4109 5039/4540/4025 4656/4709/4171
f 6052/4783/4238 1178/4649/4120 2900/4647/4118
f 2623/4764/4221 1488/4590/4064 3223/4678/4148
f 5667/4763/4220 247/4492/3981 3524/4760/4217
f 135/4613/4085 3524/4760/4217 5905/4612/4084
f 1701/4784/4239 253/4671/4141 5313/4666/4136
f 2797/4785/4188 5997/4786/4240 2185/4787/4241
f 5997/4786/4240 5962/4701/4164 2185/4787/4241
f 2793/4561/4040 5254/4591/4065 5951/4767/4224
f 3457/4682/4150 3584/4712/4174 375/4762/4219
f 2329/4563/4042 1021/4608/4080 124/4788/4242
f 3837/4751/4208 3186/4741/4200 3363/4556/4037
f 4206/4683/4151 1426/4789/4243 789/4703/4166
f 4412/4610/4082 254/4776/4233 4091/4715/4177
f 3724/4640/4111 2556/4775/4232 4098/4659/4129
f 4559/4631/4103 835/4421/3915 3029/4688/4155
f 4448/4748/4205 5036/4790/4244 2418/4710/4172
f 135/4613/4085 3537/4766/4223 3524/4760/4217
f 4730/4581/4058 163/4761/4218 1754/4614/4086
f 4115/4791/4079 1038/4792/4245 4283/4793/4246
f 4817/4794/4181 1275/4795/4247 576/4617/4089
f 1038/4792/4245 3010/4796/4248 4283/4793/4246
f 3103/4779/4199 4283/4793/4246 3010/4796/4248
f 1558/4729/4190 1470/4728/4189 5335/4797/4249
f 124/4788/4242 1021/4608/4080 5286/4798/4250
f 1511/4799/4251 6179/4403/3899 4921/4444/3934
f 4200/4800/4252 5217/4462/3952 3882/4639/4110
f 3029/4688/4155 4532/4570/4047 2327/4759/4216
f 248/4777/4234 1219/4605/4077 2623/4764/4221
f 163/4761/4218 4362/4641/4112 1754/4614/4086
f 2793/4561/4040 457/4801/4253 5796/4615/4087
f 1851/4606/4078 4117/4667/4137 2176/4802/4254
f 1554/4752/4209 5286/4798/4250 1021/4608/4080
f 1554/4752/4209 1943/4651/4122 3186/4741/4200
f 4880/4670/4140 658/4589/4063 108/4480/3969
f 877/4742/4201 1213/4803/4255 5310/4753/4210
f 5329/4717/4179 3786/4782/4237 1748/4611/4083
f 4448/4748/4205 4156/4804/4211 5036/4790/4244
f 3523/4805/4256 4883/4806/4257 748/4634/4097
f 5267/4560/4039 1893/4699/4163 2112/4711/4173
f 2176/4802/4254 4117/4667/4137 4116/4607/4079
f 5335/4797/4249 1470/4728/4189 3206/4750/4207
f 4817/4794/4181 2217/4807/4198 1275/4795/4247
f 3837/4751/4208 1554/4752/4209 3186/4741/4200
f 4189/4499/3988 686/4704/4167 3722/4769/4226
f 4189/4499/3988 3722/4769/4226 2696/4668/4138
f 2663/4768/4225 1620/4808/4258 878/4809/4259
f 4206/4683/4151 5167/4734/4194 1239/4810/4260
f 5967/4811/4261 3030/4489/3978 4807/4383/3879
f 1213/4803/4255 2861/4773/4230 5310/4753/4210
f 1205/4812/4262 4270/4360/3857 4402/4637/4108
f 5167/4734/4194 4090/4745/4177 1239/4810/4260
f 2327/4759/4216 4656/4709/4171 3029/4688/4155
f 4656/4709/4171 4559/4631/4103 3029/4688/4155
f 3223/4678/4148 1720/4491/3980 5844/4813/4263
f 2418/4710/4172 1194/4814/4264 163/4761/4218
f 783/4815/4265 3524/4760/4217 3537/4766/4223
f 2990/4755/4212 2907/4672/4142 2278/4737/4186
f 5951/4767/4224 457/4801/4253 2793/4561/4040
f 1851/4606/4078 2176/4802/4254 3585/4601/4073
f 5996/4488/3977 266/4816/4266 58/4636/4107
f 4206/4683/4151 1239/4810/4260 1426/4789/4243
f 1621/4817/4258 1212/4818/4267 879/4819/4268
f 1648/4695/4160 4403/4744/4203 5722/4472/3961
f 1648/4695/4160 5062/4338/3838 1079/4720/4182
f 2604/4677/4147 4098/4659/4129 2556/4775/4232
f 3785/4736/4196 5328/4820/4269 4448/4748/4205
f 5265/4546/4030 5844/4813/4263 1720/4491/3980
f 5036/4790/4244 1194/4814/4264 2418/4710/4172
f 163/4761/4218 5142/4821/4270 4362/4641/4112
f 4633/4765/4222 1701/4784/4239 5313/4666/4136
f 2277/4725/4186 253/4671/4141 1701/4784/4239
f 2060/4822/4271 3303/4702/4165 5962/4701/4164
f 2178/4823/4254 375/4762/4219 3584/4712/4174
f 4283/4793/4246 2881/4824/4272 4115/4791/4079
f 3103/4779/4199 5501/4825/4273 4283/4793/4246
f 1425/4778/4235 5501/4825/4273 3103/4779/4199
f 1238/4826/4274 4091/4715/4177 254/4776/4233
f 4200/4800/4252 908/4676/4146 5217/4462/3952
f 2862/4827/4230 966/4828/4275 2900/4647/4118
f 966/4828/4275 6052/4783/4238 2900/4647/4118
f 5328/4820/4269 4156/4804/4211 4448/4748/4205
f 3537/4766/4223 4362/4641/4112 5142/4821/4270
f 5997/4786/4240 2060/4822/4271 5962/4701/4164
f 860/4756/4213 2030/4829/4276 3206/4750/4207
f 4115/4791/4079 2881/4824/4272 2177/4830/4254
f 1275/4795/4247 5951/4767/4224 576/4617/4089
f 2725/4831/4277 1558/4729/4190 5335/4797/4249
f 375/4762/4219 5286/4798/4250 3837/4751/4208
f 3837/4751/4208 5286/4798/4250 1554/4752/4209
f 1558/4729/4190 1918/4832/4278 2663/4768/4225
f 1239/4810/4260 657/4833/4279 1426/4789/4243
f 3880/4834/4280 4355/4578/4055 517/4603/4075
f 3618/4835/4281 5237/4638/4109 4656/4709/4171
f 3522/4836/4256 6073/4718/4180 4882/4650/4121
f 1194/4814/4264 11/4837/4282 163/4761/4218
f 11/4837/4282 5142/4821/4270 163/4761/4218
f 2060/4822/4271 860/4756/4213 3303/4702/4165
f 5795/4838/4283 458/4839/4284 1802/4840/4285
f 124/4788/4242 5286/4798/4250 375/4762/4219
f 124/4788/4242 5670/4632/4104 2329/4563/4042
f 1918/4832/4278 1620/4808/4258 2663/4768/4225
f 546/4490/3979 797/4446/3936 1756/4630/4102
f 3882/4639/4110 5237/4638/4109 3618/4835/4281
f 4698/4841/4286 5667/4763/4220 3524/4760/4217
f 783/4815/4265 3537/4766/4223 5142/4821/4270
f 2990/4755/4212 2278/4737/4186 613/4842/4287
f 2178/4823/4254 124/4788/4242 375/4762/4219
f 4283/4793/4246 5501/4825/4273 2881/4824/4272
f 1558/4729/4190 2725/4831/4277 1918/4832/4278
f 4351/4770/4227 2218/4739/4198 563/4602/4074
f 517/4603/4075 3030/4489/3978 1405/4843/4288
f 4698/4841/4286 3524/4760/4217 783/4815/4265
f 5468/4844/4289 2277/4725/4186 1701/4784/4239
f 1802/4840/4285 2797/4785/4188 5795/4838/4283
f 458/4839/4284 5952/4845/4224 4248/4846/4290
f 4988/4847/4291 4326/4663/4133 1695/4390/3886
f 4988/4847/4291 1695/4390/3886 4102/4772/4229
f 6248/4848/4292 4403/4744/4203 1648/4695/4160
f 1172/4849/4116 1238/4826/4274 254/4776/4233
f 4156/4804/4211 2939/4850/4293 5036/4790/4244
f 3085/4851/4294 4633/4765/4222 1178/4649/4120
f 613/4842/4287 2278/4737/4186 5469/4852/4295
f 658/4589/4063 1171/4684/4152 5307/4409/3905
f 2862/4827/4230 1287/4853/4296 966/4828/4275
f 2939/4850/4293 249/4854/4234 5036/4790/4244
f 249/4854/4234 1194/4814/4264 5036/4790/4244
f 5845/4855/4263 783/4815/4265 5142/4821/4270
f 1802/4840/4285 458/4839/4284 4248/4846/4290
f 4351/4770/4227 2762/4856/4297 2218/4739/4198
f 4881/4857/4140 1425/4778/4235 659/4858/4298
f 1237/4859/4299 1171/4684/4152 658/4589/4063
f 4921/4444/3934 4270/4360/3857 1205/4812/4262
f 4200/4800/4252 3882/4639/4110 3618/4835/4281
f 254/4776/4233 5667/4763/4220 4698/4841/4286
f 249/4854/4234 11/4837/4282 1194/4814/4264
f 2990/4755/4212 2306/4860/4300 3027/4662/4132
f 3442/4861/4301 2030/4829/4276 860/4756/4213
f 2585/4862/4302 5335/4797/4249 3206/4750/4207
f 2725/4831/4277 5335/4797/4249 666/4863/4303
f 125/4864/4304 2177/4830/4254 5671/4865/4104
f 2881/4824/4272 5501/4825/4273 265/4866/4062
f 5501/4825/4273 1425/4778/4235 858/4867/4305
f 1425/4778/4235 4881/4857/4140 858/4867/4305
f 3993/4481/3970 4789/4868/4306 4807/4383/3879
f 1172/4849/4116 254/4776/4233 1757/4869/4307
f 689/4870/4308 1178/4649/4120 6052/4783/4238
f 783/4815/4265 5266/4871/4309 4698/4841/4286
f 5266/4871/4309 783/4815/4265 5845/4855/4263
f 249/4854/4234 2624/4872/4221 11/4837/4282
f 11/4837/4282 2624/4872/4221 5142/4821/4270
f 2060/4822/4271 3442/4861/4301 860/4756/4213
f 2588/4873/4310 5951/4767/4224 1275/4795/4247
f 2881/4824/4272 1245/4874/4311 5671/4865/4104
f 2881/4824/4272 5671/4865/4104 2177/4830/4254
f 2301/4875/4312 59/4876/4313 5501/4825/4273
f 858/4867/4305 2301/4875/4312 5501/4825/4273
f 4326/4663/4133 4064/4877/4314 686/4704/4167
f 4064/4877/4314 3722/4769/4226 686/4704/4167
f 1907/4878/4315 1620/4808/4258 1918/4832/4278
f 1621/4817/4258 1908/4879/4316 1212/4818/4267
f 4186/4880/4317 1205/4812/4262 4402/4637/4108
f 4698/4841/4286 1757/4869/4307 254/4776/4233
f 1757/4869/4307 4698/4841/4286 547/4881/4318
f 547/4881/4318 4698/4841/4286 5266/4871/4309
f 1178/4649/4120 689/4870/4308 3085/4851/4294
f 2624/4872/4221 3222/4882/4319 5142/4821/4270
f 5845/4855/4263 5142/4821/4270 3222/4882/4319
f 3523/4805/4256 748/4634/4097 5744/4883/4320
f 2030/4829/4276 2585/4862/4302 3206/4750/4207
f 1245/4874/4311 2881/4824/4272 265/4866/4062
f 265/4866/4062 5501/4825/4273 59/4876/4313
f 4807/4383/3879 4789/4868/4306 5967/4811/4261
f 1908/4879/4316 1750/4884/4321 1212/4818/4267
f 5967/4811/4261 3887/4885/4322 3030/4489/3978
f 4102/4772/4229 6017/4521/4006 908/4676/4146
f 5468/4844/4289 1701/4784/4239 3351/4886/4323
f 2990/4755/4212 613/4842/4287 2306/4860/4300
f 666/4863/4303 5335/4797/4249 2585/4862/4302
f 2863/4887/4324 1212/4818/4267 1750/4884/4321
f 1205/4812/4262 1511/4799/4251 4921/4444/3934
f 4562/4658/4128 2603/4888/4325 2327/4759/4216
f 689/4870/4308 6052/4783/4238 966/4828/4275
f 2556/4775/4232 6073/4718/4180 1654/4889/4326
f 5744/4883/4320 748/4634/4097 2112/4711/4173
f 4038/4890/4327 1701/4784/4239 4633/4765/4222
f 3027/4662/4132 2112/4711/4173 1893/4699/4163
f 1864/4891/4328 5997/4786/4240 2797/4785/4188
f 2863/4887/4324 1750/4884/4321 5941/4892/4329
f 1628/4629/4101 1986/4460/3950 2159/4743/4202
f 2060/4822/4271 5997/4786/4240 1295/4893/4330
f 1864/4891/4328 2797/4785/4188 1802/4840/4285
f 5952/4845/4224 2587/4894/4310 4248/4846/4290
f 3880/4834/4280 517/4603/4075 1405/4843/4288
f 3439/4895/4331 2863/4887/4324 5941/4892/4329
f 1286/4896/4332 2863/4887/4324 3439/4895/4331
f 5613/4897/4333 3351/4886/4323 1701/4784/4239
f 1151/4898/4334 6152/4478/3967 3722/4769/4226
f 1907/4878/4315 1918/4832/4278 4870/4899/4335
f 3880/4834/4280 2159/4743/4202 4355/4578/4055
f 1628/4629/4101 291/4900/4336 1079/4720/4182
f 2112/4711/4173 3027/4662/4132 2306/4860/4300
f 5469/4852/4295 1378/4901/4337 613/4842/4287
f 4409/4902/4338 3442/4861/4301 2060/4822/4271
f 5760/4903/4339 666/4863/4303 2585/4862/4302
f 666/4863/4303 5760/4903/4339 2725/4831/4277
f 2217/4807/4198 2761/4904/4297 5939/4905/4340
f 1750/4884/4321 1908/4879/4316 5271/4906/4341
f 1628/4629/4101 2159/4743/4202 291/4900/4336
f 1864/4891/4328 1295/4893/4330 5997/4786/4240
f 2587/4894/4310 1802/4840/4285 4248/4846/4290
f 2585/4862/4302 2030/4829/4276 1308/4907/4342
f 1151/4898/4334 4350/4908/4343 6152/4478/3967
f 5389/4909/4344 3523/4805/4256 5744/4883/4320
f 5613/4897/4333 1701/4784/4239 4038/4890/4327
f 1295/4893/4330 4409/4902/4338 2060/4822/4271
f 3442/4861/4301 1308/4907/4342 2030/4829/4276
f 5760/4903/4339 1918/4832/4278 2725/4831/4277
f 1405/4843/4288 3030/4489/3978 3887/4885/4322
f 5101/4910/4345 4102/4772/4229 908/4676/4146
f 6074/4911/4180 3523/4805/4256 1653/4912/4326
f 4633/4765/4222 3085/4851/4294 4038/4890/4327
f 5744/4883/4320 2112/4711/4173 6296/4913/4346
f 1378/4901/4337 2306/4860/4300 613/4842/4287
f 2217/4807/4198 5939/4905/4340 1275/4795/4247
f 4184/4914/4347 4403/4744/4203 6248/4848/4292
f 1286/4896/4332 690/4915/4308 965/4916/4348
f 1933/4917/4349 4656/4709/4171 2327/4759/4216
f 2557/4918/4350 1653/4912/4326 5169/4919/4351
f 1378/4901/4337 5469/4852/4295 3350/4920/4323
f 1308/4907/4342 3442/4861/4301 2386/4921/4352
f 2585/4862/4302 1308/4907/4342 5760/4903/4339
f 4869/4922/4335 4661/4923/4353 1908/4879/4316
f 1908/4879/4316 4661/4923/4353 5271/4906/4341
f 3678/4924/4354 1750/4884/4321 5271/4906/4341
f 3293/4577/4054 6179/4403/3899 940/4925/4355
f 3618/4835/4281 4656/4709/4171 4537/4926/4356
f 6296/4913/4346 2112/4711/4173 2306/4860/4300
f 1802/4840/4285 2587/4894/4310 3156/4927/4357
f 5389/4909/4344 5744/4883/4320 6296/4913/4346
f 4988/4847/4291 82/4928/4358 4326/4663/4133
f 5169/4919/4351 1653/4912/4326 464/4929/4359
f 203/4930/4360 1653/4912/4326 3523/4805/4256
f 3156/4927/4357 1864/4891/4328 1802/4840/4285
f 4409/4902/4338 2386/4921/4352 3442/4861/4301
f 1276/4931/4247 5717/4932/4361 2587/4894/4310
f 1918/4832/4278 5760/4903/4339 4066/4933/4362
f 1275/4795/4247 5939/4905/4340 2438/4934/4363
f 1918/4832/4278 4066/4933/4362 4870/4899/4335
f 2085/4935/4364 908/4676/4146 4200/4800/4252
f 2327/4759/4216 2603/4888/4325 2509/4936/4365
f 464/4929/4359 1653/4912/4326 203/4930/4360
f 5389/4909/4344 6296/4913/4346 451/4937/4366
f 2306/4860/4300 1378/4901/4337 5185/4938/4367
f 1295/4893/4330 6249/4939/4368 4409/4902/4338
f 1276/4931/4247 2437/4940/4363 5717/4932/4361
f 1352/4644/4115 4336/4941/4369 3993/4481/3970
f 940/4925/4355 6179/4403/3899 1511/4799/4251
f 2085/4935/4364 5101/4910/4345 908/4676/4146
f 6053/4942/4370 690/4915/4308 1286/4896/4332
f 203/4930/4360 3523/4805/4256 5389/4909/4344
f 6296/4913/4346 2306/4860/4300 2823/4943/4371
f 2823/4943/4371 2306/4860/4300 5185/4938/4367
f 1378/4901/4337 3350/4920/4323 5185/4938/4367
f 1864/4891/4328 3156/4927/4357 172/4944/4372
f 4102/4772/4229 4871/4945/4373 4988/4847/4291
f 5613/4897/4333 4038/4890/4327 4443/4946/4374
f 6249/4939/4368 1295/4893/4330 172/4944/4372
f 172/4944/4372 1295/4893/4330 1864/4891/4328
f 2386/4921/4352 4409/4902/4338 6249/4939/4368
f 3156/4927/4357 2587/4894/4310 5924/4947/4375
f 2557/4918/4350 5169/4919/4351 1786/4948/4376
f 3085/4851/4294 689/4870/4308 5262/4949/4377
f 5262/4949/4377 4038/4890/4327 3085/4851/4294
f 3351/4886/4323 5613/4897/4333 4443/4946/4374
f 2085/4935/4364 4200/4800/4252 3618/4835/4281
f 5717/4932/4361 5924/4947/4375 2587/4894/4310
f 1869/4950/4378 5760/4903/4339 1308/4907/4342
f 2760/4951/4297 4607/4952/4379 5938/4953/4380
f 4661/4923/4353 4869/4922/4335 1067/4954/4381
f 3887/4885/4322 837/4955/4382 1405/4843/4288
f 1352/4644/4115 3293/4577/4054 840/4956/4383
f 940/4925/4355 840/4956/4383 3293/4577/4054
f 2972/4957/4384 5941/4892/4329 1750/4884/4321
f 4249/4958/4385 4184/4914/4347 6248/4848/4292
f 1286/4896/4332 1817/4959/4386 6053/4942/4370
f 2386/4921/4352 4482/4960/4387 1308/4907/4342
f 5760/4903/4339 1424/4961/4388 4066/4933/4362
f 2159/4743/4202 3880/4834/4280 5522/4962/4389
f 2314/4963/4390 5185/4938/4367 3350/4920/4323
f 1869/4950/4378 1308/4907/4342 4482/4960/4387
f 3701/4964/4391 5717/4932/4361 2437/4940/4363
f 4066/4933/4362 5151/4965/4392 4870/4899/4335
f 5941/4892/4329 5494/4966/4393 3439/4895/4331
f 1933/4917/4349 2327/4759/4216 2509/4936/4365
f 451/4937/4366 6296/4913/4346 3795/4967/4394
f 5356/4968/4395 4443/4946/4374 4038/4890/4327
f 3795/4967/4394 6296/4913/4346 2823/4943/4371
f 4443/4946/4374 2315/4969/4390 3351/4886/4323
f 4794/4970/4396 2823/4943/4371 5745/4971/4397
f 1424/4961/4388 5760/4903/4339 1869/4950/4378
f 585/4972/4398 2437/4940/4363 5938/4953/4380
f 5151/4965/4392 4066/4933/4362 1424/4961/4388
f 4988/4847/4291 4871/4945/4373 82/4928/4358
f 4869/4922/4335 5150/4973/4399 1067/4954/4381
f 1817/4959/4386 1286/4896/4332 4521/4974/4400
f 1785/4975/4401 2604/4677/4147 2556/4775/4232
f 464/4929/4359 1786/4948/4376 5169/4919/4351
f 2599/4976/4402 464/4929/4359 203/4930/4360
f 5745/4971/4397 2823/4943/4371 3576/4977/4403
f 4601/4978/4404 3576/4977/4403 5185/4938/4367
f 3576/4977/4403 2823/4943/4371 5185/4938/4367
f 6249/4939/4368 4482/4960/4387 2386/4921/4352
f 5924/4947/4375 3735/4979/4405 3156/4927/4357
f 5924/4947/4375 5717/4932/4361 5422/4980/4406
f 82/4928/4358 1525/4981/4407 4326/4663/4133
f 2599/4976/4402 203/4930/4360 5389/4909/4344
f 5262/4949/4377 5356/4968/4395 4038/4890/4327
f 3795/4967/4394 2823/4943/4371 4794/4970/4396
f 3576/4977/4403 4601/4978/4404 5745/4971/4397
f 4482/4960/4387 6249/4939/4368 6211/4982/4408
f 172/4944/4372 3156/4927/4357 3735/4979/4405
f 2159/4743/4202 5522/4962/4389 291/4900/4336
f 2085/4935/4364 3618/4835/4281 4537/4926/4356
f 6053/4942/4370 5261/4983/4377 690/4915/4308
f 2206/4984/4409 4443/4946/4374 5356/4968/4395
f 4601/4978/4404 5185/4938/4367 5244/4985/4410
f 5684/4986/4411 5389/4909/4344 451/4937/4366
f 3871/4987/4412 451/4937/4366 3795/4967/4394
f 4443/4946/4374 2206/4984/4409 2315/4969/4390
f 5185/4938/4367 2314/4963/4390 3174/4988/4413
f 172/4944/4372 4926/4989/4414 6249/4939/4368
f 4926/4989/4414 172/4944/4372 3735/4979/4405
f 6249/4939/4368 6111/4990/4415 6211/4982/4408
f 4351/4770/4227 2002/4991/4416 2762/4856/4297
f 4055/4992/4417 3678/4924/4354 5271/4906/4341
f 1933/4917/4349 3404/4993/4418 4656/4709/4171
f 3174/4988/4413 5244/4985/4410 5185/4938/4367
f 6111/4990/4415 6249/4939/4368 137/4994/4419
f 4482/4960/4387 6211/4982/4408 6111/4990/4415
f 4064/4877/4314 1151/4898/4334 3722/4769/4226
f 1151/4898/4334 2003/4995/4420 4350/4908/4343
f 6165/4996/4421 1067/4954/4381 5150/4973/4399
f 3993/4481/3970 4336/4941/4369 3624/4997/4422
f 3082/4998/4423 6053/4942/4370 1817/4959/4386
f 4794/4970/4396 5745/4971/4397 4601/4978/4404
f 4601/4978/4404 5244/4985/4410 3174/4988/4413
f 4926/4989/4414 137/4994/4419 6249/4939/4368
f 5717/4932/4361 3701/4964/4391 211/4999/4424
f 3624/4997/4422 4789/4868/4306 3993/4481/3970
f 1648/4695/4160 1079/4720/4182 6248/4848/4292
f 4537/4926/4356 4656/4709/4171 3404/4993/4418
f 1665/5000/4425 3795/4967/4394 4794/4970/4396
f 5271/4906/4341 4661/4923/4353 4055/4992/4417
f 4102/4772/4229 5101/4910/4345 2064/5001/4426
f 3082/4998/4423 1817/4959/4386 4521/4974/4400
f 6053/4942/4370 3836/5002/4427 5261/4983/4377
f 3735/4979/4405 2120/5003/4428 4926/4989/4414
f 5422/4980/4406 445/5004/4429 5924/4947/4375
f 5684/4986/4411 2599/4976/4402 5389/4909/4344
f 585/4972/4398 5938/4953/4380 4607/4952/4379
f 2205/5005/4409 3017/5006/4430 2316/5007/4431
f 5924/4947/4375 445/5004/4429 3735/4979/4405
f 4482/4960/4387 6111/4990/4415 4682/5008/4432
f 1869/4950/4378 4482/4960/4387 3251/5009/4433
f 3251/5009/4433 1424/4961/4388 1869/4950/4378
f 2002/4991/4416 4608/5010/4434 2762/4856/4297
f 910/5011/4435 2205/5005/4409 5355/5012/4395
f 451/4937/4366 3871/4987/4412 5684/4986/4411
f 4794/4970/4396 4601/4978/4404 601/5013/4436
f 137/4994/4419 4145/5014/4437 6111/4990/4415
f 3938/5015/4438 4682/5008/4432 6111/4990/4415
f 5717/4932/4361 211/4999/4424 5422/4980/4406
f 5155/5016/4439 1151/4898/4334 4064/4877/4314
f 82/4928/4358 6072/5017/4440 1525/4981/4407
f 6165/4996/4421 6140/5018/4441 1067/4954/4381
f 4661/4923/4353 1067/4954/4381 6140/5018/4441
f 2510/5019/4442 2604/4677/4147 3076/5020/4443
f 3173/5021/4444 2316/5007/4431 5541/5022/4445
f 3478/5023/4446 3173/5021/4444 5541/5022/4445
f 4145/5014/4437 3938/5015/4438 6111/4990/4415
f 3701/4964/4391 2437/4940/4363 585/4972/4398
f 3624/4997/4422 5967/4811/4261 4789/4868/4306
f 2604/4677/4147 1785/4975/4401 3076/5020/4443
f 911/5024/4447 910/5011/4435 5355/5012/4395
f 911/5024/4447 2205/5005/4409 910/5011/4435
f 3017/5006/4430 5977/5025/4448 2316/5007/4431
f 4926/4989/4414 3240/5026/4449 137/4994/4419
f 3735/4979/4405 445/5004/4429 2120/5003/4428
f 5150/4973/4399 2126/5027/4450 6165/4996/4421
f 6072/5017/4440 82/4928/4358 4871/4945/4373
f 1352/4644/4115 840/4956/4383 4336/4941/4369
f 911/5024/4447 5355/5012/4395 932/5028/4451
f 932/5028/4451 2205/5005/4409 911/5024/4447
f 4793/5029/4452 780/5030/4453 1664/5031/4454
f 5541/5022/4445 2316/5007/4431 5977/5025/4448
f 1424/4961/4388 2127/5032/4450 5151/4965/4392
f 3880/4834/4280 1405/4843/4288 837/4955/4382
f 5522/4962/4389 3880/4834/4280 4471/5033/4455
f 1952/5034/4456 464/4929/4359 2599/4976/4402
f 6171/5035/4457 932/5028/4451 5355/5012/4395
f 6171/5035/4457 2205/5005/4409 932/5028/4451
f 1952/5034/4456 1786/4948/4376 464/4929/4359
f 780/5030/4453 4793/5029/4452 602/5036/4458
f 4600/5037/4404 3479/5038/4459 602/5036/4458
f 4601/4978/4404 3174/4988/4413 3477/5039/4459
f 2120/5003/4428 3240/5026/4449 4926/4989/4414
f 580/5040/4460 4250/5041/4461 6247/5042/4462
f 3082/4998/4423 3836/5002/4427 6053/4942/4370
f 5355/5012/4395 5261/4983/4377 6171/5035/4457
f 2205/5005/4409 6171/5035/4457 3017/5006/4430
f 3240/5026/4449 4145/5014/4437 137/4994/4419
f 591/5043/4463 4482/4960/4387 4682/5008/4432
f 871/5044/4464 4482/4960/4387 591/5043/4463
f 5827/5045/4465 1424/4961/4388 3251/5009/4433
f 5967/4811/4261 3624/4997/4422 1186/5046/4466
f 2064/5001/4426 4871/4945/4373 4102/4772/4229
f 1750/4884/4321 3678/4924/4354 2972/4957/4384
f 5522/4962/4389 1606/5047/4467 291/4900/4336
f 5261/4983/4377 3693/5048/4468 6171/5035/4457
f 591/5043/4463 4682/5008/4432 5479/5049/4469
f 5479/5049/4469 871/5044/4464 591/5043/4463
f 2127/5032/4450 1424/4961/4388 5827/5045/4465
f 4471/5033/4455 3880/4834/4280 837/4955/4382
f 2509/4936/4365 3079/5050/4470 6186/5051/4471
f 3693/5048/4468 5261/4983/4377 3836/5002/4427
f 3871/4987/4412 3795/4967/4394 1665/5000/4425
f 5479/5049/4469 4682/5008/4432 5478/5052/4472
f 5479/5049/4469 5478/5052/4472 871/5044/4464
f 871/5044/4464 3251/5009/4433 4482/4960/4387
f 2002/4991/4416 19/5053/4473 4608/5010/4434
f 2064/5001/4426 6072/5017/4440 4871/4945/4373
f 1525/4981/4407 4064/4877/4314 4326/4663/4133
f 1205/4812/4262 4186/4880/4317 3904/5054/4474
f 2610/5055/4475 1787/5056/4476 1951/5057/4456
f 4682/5008/4432 871/5044/4464 5478/5052/4472
f 1151/4898/4334 5940/5058/4477 3675/5059/4478
f 2003/4995/4420 1151/4898/4334 3675/5059/4478
f 3905/5060/4479 4185/5061/4317 4250/5041/4461
f 2609/5062/4480 3077/5063/4470 1784/5064/4376
f 2509/4936/4365 6186/5051/4471 5287/5065/4481
f 5977/5025/4448 3017/5006/4430 5541/5022/4445
f 1186/5046/4466 3887/4885/4322 5967/4811/4261
f 6187/5066/4482 3078/5067/4483 4175/5068/4484
f 2085/4935/4364 4537/4926/4356 2065/5069/4485
f 585/4972/4398 4607/4952/4379 5495/5070/4486
f 953/5071/4487 2064/5001/4426 5101/4910/4345
f 5494/4966/4393 1286/4896/4332 3439/4895/4331
f 2065/5069/4485 5101/4910/4345 2085/4935/4364
f 272/5072/4488 5287/5065/4481 6186/5051/4471
f 211/4999/4424 1879/5073/4489 5422/4980/4406
f 5683/5074/4411 2565/5075/4490 2598/5076/4491
f 5683/5074/4411 3870/5077/4492 2565/5075/4490
f 3063/5078/4493 3240/5026/4449 2120/5003/4428
f 445/5004/4429 3063/5078/4493 2120/5003/4428
f 5422/4980/4406 1879/5073/4489 445/5004/4429
f 3057/5079/4494 871/5044/4464 4682/5008/4432
f 5362/5080/4495 3251/5009/4433 871/5044/4464
f 5495/5070/4486 3701/4964/4391 585/4972/4398
f 4175/5068/4484 3078/5067/4483 2608/5081/4480
f 1933/4917/4349 2509/4936/4365 5287/5065/4481
f 6186/5051/4471 4174/5082/4496 272/5072/4488
f 3938/5015/4438 3057/5079/4494 4682/5008/4432
f 1930/5083/4497 5362/5080/4495 871/5044/4464
f 1930/5083/4497 3251/5009/4433 5362/5080/4495
f 1151/4898/4334 5155/5016/4439 5940/5058/4477
f 3675/5059/4478 18/5084/4498 2003/4995/4420
f 836/5085/4382 3888/5086/4322 2700/5087/4499
f 5287/5065/4481 3165/5088/4500 1933/4917/4349
f 1951/5057/4456 2598/5076/4491 960/5089/4501
f 1931/5090/4502 1930/5083/4497 871/5044/4464
f 2127/5032/4450 5827/5045/4465 2720/5091/4503
f 6149/5092/4504 6072/5017/4440 2064/5001/4426
f 840/4956/4383 940/4925/4355 1511/4799/4251
f 3063/5078/4493 445/5004/4429 1905/5093/4505
f 3057/5079/4494 6049/5094/4506 871/5044/4464
f 6049/5094/4506 1931/5090/4502 871/5044/4464
f 1931/5090/4502 3251/5009/4433 1930/5083/4497
f 1693/5095/4507 3675/5059/4478 5940/5058/4477
f 1693/5095/4507 5940/5058/4477 5155/5016/4439
f 2126/5027/4450 2721/5096/4503 6165/4996/4421
f 6140/5018/4441 4055/4992/4417 4661/4923/4353
f 4537/4926/4356 3404/4993/4418 2446/5097/4508
f 1951/5057/4456 960/5089/4501 2610/5055/4475
f 445/5004/4429 1879/5073/4489 1905/5093/4505
f 3701/4964/4391 2161/5098/4509 211/4999/4424
f 2161/5098/4509 3701/4964/4391 5495/5070/4486
f 3251/5009/4433 6049/5094/4506 5827/5045/4465
f 1525/4981/4407 6072/5017/4440 6149/5092/4504
f 6248/4848/4292 1079/4720/4182 5206/5099/4510
f 2065/5069/4485 3155/5100/4511 5101/4910/4345
f 4962/5101/4512 2610/5055/4475 960/5089/4501
f 2565/5075/4490 3870/5077/4492 5954/5102/4513
f 1664/5031/4454 5954/5102/4513 3870/5077/4492
f 4007/5103/4514 1664/5031/4454 780/5030/4453
f 2456/5104/4515 780/5030/4453 602/5036/4458
f 6049/5094/4506 3251/5009/4433 1931/5090/4502
f 5495/5070/4486 4607/4952/4379 3284/5105/4516
f 4973/5106/4517 18/5084/4498 3675/5059/4478
f 5522/4962/4389 4471/5033/4455 1606/5047/4467
f 3155/5100/4511 953/5071/4487 5101/4910/4345
f 2065/5069/4485 4537/4926/4356 2446/5097/4508
f 4007/5103/4514 5954/5102/4513 1664/5031/4454
f 3479/5038/4459 2456/5104/4515 602/5036/4458
f 271/5107/4518 4175/5068/4484 3994/5108/4519
f 4607/4952/4379 20/5109/4498 3284/5105/4516
f 5494/4966/4393 5941/4892/4329 2972/4957/4384
f 114/5110/4520 3057/5079/4494 3938/5015/4438
f 6165/4996/4421 2721/5096/4503 4595/5111/4521
f 953/5071/4487 5043/5112/4522 2064/5001/4426
f 3836/5002/4427 3082/4998/4423 5050/5113/4523
f 4595/5111/4521 6140/5018/4441 6165/4996/4421
f 6149/5092/4504 2064/5001/4426 3254/5114/4524
f 841/5115/4383 5779/5116/4525 4335/5117/4526
f 5206/5099/4510 1079/4720/4182 291/4900/4336
f 2513/5118/4527 3836/5002/4427 5050/5113/4523
f 5287/5065/4481 272/5072/4488 2945/5119/4528
f 960/5089/4501 2598/5076/4491 5552/5120/4529
f 6049/5094/4506 2720/5091/4503 5827/5045/4465
f 4335/5117/4526 3433/5121/4530 3623/5122/4531
f 5494/4966/4393 4521/4974/4400 1286/4896/4332
f 5050/5113/4523 3082/4998/4423 4521/4974/4400
f 5552/5120/4529 2598/5076/4491 2565/5075/4490
f 150/5123/4532 4973/5106/4517 3675/5059/4478
f 292/5124/4336 1605/5125/4533 5204/5126/4534
f 2945/5119/4528 272/5072/4488 3996/5127/4535
f 6171/5035/4457 3693/5048/4468 2373/5128/4536
f 1693/5095/4507 150/5123/4532 3675/5059/4478
f 2064/5001/4426 5043/5112/4522 3254/5114/4524
f 3165/5088/4500 5287/5065/4481 2945/5119/4528
f 1905/5093/4505 5647/5129/4537 3063/5078/4493
f 4145/5014/4437 114/5110/4520 3938/5015/4438
f 1525/4981/4407 6149/5092/4504 6037/5130/4538
f 1525/4981/4407 6037/5130/4538 4064/4877/4314
f 4973/5106/4517 2367/5131/4539 18/5084/4498
f 756/5132/4540 4472/5133/4455 836/5085/4382
f 1879/5073/4489 211/4999/4424 1347/5134/4541
f 2883/5135/4542 5155/5016/4439 4064/4877/4314
f 6140/5018/4441 4595/5111/4521 2535/5136/4543
f 2535/5136/4543 233/5137/4544 6140/5018/4441
f 6140/5018/4441 233/5137/4544 4055/4992/4417
f 3678/4924/4354 4055/4992/4417 233/5137/4544
f 3678/4924/4354 233/5137/4544 4677/5138/4545
f 3888/5086/4322 1185/5139/4546 2555/5140/4547
f 3678/4924/4354 4677/5138/4545 2972/4957/4384
f 5043/5112/4522 953/5071/4487 4773/5141/4548
f 2972/4957/4384 4677/5138/4545 5494/4966/4393
f 891/5142/4549 1512/5143/4550 1204/5144/4262
f 4677/5138/4545 2837/5145/4551 5494/4966/4393
f 5494/4966/4393 2837/5145/4551 4521/4974/4400
f 953/5071/4487 3155/5100/4511 4773/5141/4548
f 6013/5146/4552 4521/4974/4400 2837/5145/4551
f 5050/5113/4523 4521/4974/4400 6013/5146/4552
f 3155/5100/4511 2065/5069/4485 1064/5147/4553
f 2513/5118/4527 3693/5048/4468 3836/5002/4427
f 4930/5148/4554 5495/5070/4486 3284/5105/4516
f 1304/5149/4555 233/5137/4544 2535/5136/4543
f 796/5150/4556 1185/5139/4546 3623/5122/4531
f 3046/5151/4557 841/5115/4383 1512/5143/4550
f 2700/5087/4499 756/5132/4540 836/5085/4382
f 3404/4993/4418 1933/4917/4349 1789/5152/4558
f 3046/5151/4557 5779/5116/4525 841/5115/4383
f 1231/5153/4559 2513/5118/4527 5050/5113/4523
f 1789/5152/4558 1933/4917/4349 3165/5088/4500
f 3017/5006/4430 6171/5035/4457 2373/5128/4536
f 1868/5154/4560 3478/5023/4446 5541/5022/4445
f 4145/5014/4437 3240/5026/4449 1402/5155/4561
f 2464/5156/4562 1905/5093/4505 1879/5073/4489
f 2035/5157/4563 2837/5145/4551 4677/5138/4545
f 150/5123/4532 2367/5131/4539 4973/5106/4517
f 4064/4877/4314 6037/5130/4538 2883/5135/4542
f 1693/5095/4507 5155/5016/4439 2458/5158/4564
f 2721/5096/4503 5504/5159/4565 4595/5111/4521
f 2555/5140/4547 2700/5087/4499 3888/5086/4322
f 1512/5143/4550 891/5142/4549 3046/5151/4557
f 4175/5068/4484 2608/5081/4480 3994/5108/4519
f 6049/5094/4506 1012/5160/4566 2720/5091/4503
f 3905/5060/4479 891/5142/4549 1204/5144/4262
f 5191/5161/4567 1789/5152/4558 3165/5088/4500
f 3165/5088/4500 2945/5119/4528 5191/5161/4567
f 5495/5070/4486 4930/5148/4554 2161/5098/4509
f 6006/5162/4568 660/5163/4569 3255/5164/4524
f 4673/5165/4570 3905/5060/4479 4250/5041/4461
f 1693/5095/4507 2458/5158/4564 1421/5166/4571
f 1010/5167/4572 5504/5159/4565 2721/5096/4503
f 2535/5136/4543 721/5168/4573 1304/5149/4555
f 4677/5138/4545 233/5137/4544 1090/5169/4574
f 3155/5100/4511 1064/5147/4553 5819/5170/4575
f 1064/5147/4553 2065/5069/4485 2446/5097/4508
f 3479/5038/4459 1867/5171/4576 2456/5104/4515
f 2464/5156/4562 1879/5073/4489 1347/5134/4541
f 3057/5079/4494 2969/5172/4577 6049/5094/4506
f 3425/5173/4578 3284/5105/4516 20/5109/4498
f 661/5174/4569 6149/5092/4504 3254/5114/4524
f 1304/5149/4555 721/5168/4573 233/5137/4544
f 4335/5117/4526 5779/5116/4525 3433/5121/4530
f 4422/5175/4579 6013/5146/4552 2837/5145/4551
f 3370/5176/4580 1231/5153/4559 5050/5113/4523
f 2610/5055/4475 4962/5101/4512 3995/5177/4535
f 2373/5128/4536 3693/5048/4468 2513/5118/4527
f 3017/5006/4430 1868/5154/4560 5541/5022/4445
f 4676/5178/4581 1402/5155/4561 3240/5026/4449
f 2883/5135/4542 2458/5158/4564 5155/5016/4439
f 1886/5179/4582 6149/5092/4504 661/5174/4569
f 5504/5159/4565 2535/5136/4543 4595/5111/4521
f 4775/5180/4548 3154/5181/4583 3673/5182/4584
f 5050/5113/4523 6013/5146/4552 5659/5183/4585
f 2373/5128/4536 2513/5118/4527 4172/5184/4586
f 114/5110/4520 4145/5014/4437 1402/5155/4561
f 5647/5129/4537 1905/5093/4505 2464/5156/4562
f 3284/5105/4516 605/5185/4587 4930/5148/4554
f 5505/5186/4565 1011/5187/4572 4969/5188/4588
f 1090/5169/4574 233/5137/4544 721/5168/4573
f 580/5040/4460 6247/5042/4462 2032/5189/4589
f 3370/5176/4580 5050/5113/4523 5659/5183/4585
f 1012/5160/4566 6049/5094/4506 2969/5172/4577
f 6149/5092/4504 1886/5179/4582 6037/5130/4538
f 960/5089/4501 5552/5120/4529 3962/5190/4590
f 3063/5078/4493 4676/5178/4581 3240/5026/4449
f 1421/5166/4571 150/5123/4532 1693/5095/4507
f 1671/5191/4591 2882/5192/4592 6036/5193/4593
f 2366/5194/4594 3425/5173/4578 20/5109/4498
f 2535/5136/4543 5504/5159/4565 2043/5195/4595
f 5948/5196/4596 721/5168/4573 2535/5136/4543
f 3992/5197/4597 4677/5138/4545 1090/5169/4574
f 3992/5197/4597 2035/5157/4563 4677/5138/4545
f 2035/5157/4563 3390/5198/4598 2837/5145/4551
f 4250/5041/4461 580/5040/4460 4673/5165/4570
f 360/5199/4599 4775/5180/4548 3673/5182/4584
f 5659/5183/4585 6013/5146/4552 4422/5175/4579
f 1231/5153/4559 2927/5200/4600 2513/5118/4527
f 3552/5201/4601 2945/5119/4528 3996/5127/4535
f 780/5030/4453 890/5202/4602 4007/5103/4514
f 780/5030/4453 2456/5104/4515 4426/5203/4603
f 2043/5195/4595 5948/5196/4596 2535/5136/4543
f 2513/5118/4527 2927/5200/4600 4172/5184/4586
f 4962/5101/4512 960/5089/4501 4761/5204/4604
f 3962/5190/4590 4761/5204/4604 960/5089/4501
f 4426/5203/4603 2456/5104/4515 1867/5171/4576
f 1347/5134/4541 211/4999/4424 2161/5098/4509
f 2367/5131/4539 150/5123/4532 6070/5205/4605
f 982/5206/4606 4472/5133/4455 756/5132/4540
f 982/5206/4606 1605/5125/4533 4472/5133/4455
f 2032/5189/4589 6247/5042/4462 5205/5207/4510
f 4422/5175/4579 2837/5145/4551 3390/5198/4598
f 5552/5120/4529 2565/5075/4490 3962/5190/4590
f 3962/5190/4590 2565/5075/4490 118/5208/4607
f 2565/5075/4490 5954/5102/4513 118/5208/4607
f 4007/5103/4514 1781/5209/4608 5954/5102/4513
f 1421/5166/4571 2458/5158/4564 6070/5205/4605
f 3995/5177/4535 4962/5101/4512 1759/5210/4609
f 3552/5201/4601 1789/5152/4558 5191/5161/4567
f 780/5030/4453 4426/5203/4603 890/5202/4602
f 4715/5211/4610 2969/5172/4577 3057/5079/4494
f 1347/5134/4541 2161/5098/4509 4930/5148/4554
f 150/5123/4532 1421/5166/4571 6070/5205/4605
f 6070/5205/4605 2619/5212/4611 2367/5131/4539
f 1605/5125/4533 1176/5213/4612 5204/5126/4534
f 2945/5119/4528 3552/5201/4601 5191/5161/4567
f 118/5208/4607 5954/5102/4513 1781/5209/4608
f 4007/5103/4514 890/5202/4602 1781/5209/4608
f 114/5110/4520 4715/5211/4610 3057/5079/4494
f 5042/5214/4522 1335/5215/4613 3255/5164/4524
f 5042/5214/4522 3859/5216/4614 1335/5215/4613
f 3390/5198/4598 5659/5183/4585 4422/5175/4579
f 3404/4993/4418 1789/5152/4558 2087/5217/4615
f 4715/5211/4610 1530/5218/4616 2969/5172/4577
f 1012/5160/4566 2969/5172/4577 1530/5218/4616
f 2458/5158/4564 2883/5135/4542 6070/5205/4605
f 6006/5162/4568 3255/5164/4524 1335/5215/4613
f 2671/5219/4617 3046/5151/4557 891/5142/4549
f 1327/5220/4618 5042/5214/4522 4774/5221/4619
f 360/5199/4599 1326/5222/4620 4775/5180/4548
f 3004/5223/4621 2374/5224/4536 4173/5225/4622
f 2373/5128/4536 4228/5226/4623 3017/5006/4430
f 5647/5129/4537 4676/5178/4581 3063/5078/4493
f 605/5185/4587 3284/5105/4516 3425/5173/4578
f 3623/5122/4531 3433/5121/4530 796/5150/4556
f 2012/5227/4624 2700/5087/4499 2555/5140/4547
f 1231/5153/4559 3370/5176/4580 2571/5228/4625
f 3154/5181/4583 5820/5229/4626 3673/5182/4584
f 3673/5182/4584 5820/5229/4626 3372/5230/4627
f 1063/5231/4553 3894/5232/4628 5820/5229/4626
f 4962/5101/4512 4761/5204/4604 1759/5210/4609
f 1063/5231/4553 2447/5233/4629 994/5234/4630
f 2374/5224/4536 3004/5223/4621 3445/5235/4631
f 5647/5129/4537 2464/5156/4562 4676/5178/4581
f 1012/5160/4566 1530/5218/4616 3086/5236/4632
f 3087/5237/4633 4969/5188/4588 1011/5187/4572
f 1090/5169/4574 721/5168/4573 3992/5197/4597
f 5948/5196/4596 3992/5197/4597 721/5168/4573
f 5948/5196/4596 1588/5238/4634 3992/5197/4597
f 1588/5238/4634 5948/5196/4596 5532/5239/4635
f 5948/5196/4596 2043/5195/4595 5532/5239/4635
f 2043/5195/4595 2570/5240/4636 5532/5239/4635
f 4498/5241/4637 3992/5197/4597 1588/5238/4634
f 3992/5197/4597 3390/5198/4598 2035/5157/4563
f 5532/5239/4635 2570/5240/4636 6078/5242/4638
f 3992/5197/4597 4498/5241/4637 3390/5198/4598
f 4498/5241/4637 2908/5243/4639 3390/5198/4598
f 6077/5244/4640 2571/5228/4625 3370/5176/4580
f 1675/5245/4641 6077/5244/4640 3370/5176/4580
f 2908/5243/4639 4125/5246/4642 5659/5183/4585
f 2908/5243/4639 5659/5183/4585 3390/5198/4598
f 4125/5246/4642 1675/5245/4641 5659/5183/4585
f 1675/5245/4641 3370/5176/4580 5659/5183/4585
f 2927/5200/4600 1231/5153/4559 2571/5228/4625
f 4173/5225/4622 2928/5247/4643 6189/5248/4644
f 1095/5249/4645 3552/5201/4601 3996/5127/4535
f 2446/5097/4508 3404/4993/4418 2087/5217/4615
f 3087/5237/4633 1739/5250/4646 4969/5188/4588
f 5504/5159/4565 2570/5240/4636 2043/5195/4595
f 4673/5165/4570 2215/5251/4647 3905/5060/4479
f 3995/5177/4535 1759/5210/4609 1096/5252/4648
f 6189/5248/4644 3004/5223/4621 4173/5225/4622
f 4228/5226/4623 1868/5154/4560 3017/5006/4430
f 2366/5194/4594 2621/5253/4649 3425/5173/4578
f 1885/5254/4650 660/5163/4569 1646/5255/4651
f 3859/5216/4614 5042/5214/4522 1327/5220/4618
f 4230/5256/4652 2374/5224/4536 3445/5235/4631
f 1885/5254/4650 1646/5255/4651 6036/5193/4593
f 4266/5257/4653 4930/5148/4554 605/5185/4587
f 3894/5232/4628 1063/5231/4553 994/5234/4630
f 1789/5152/4558 3552/5201/4601 1095/5249/4645
f 890/5202/4602 4426/5203/4603 5259/5258/4654
f 5259/5258/4654 4426/5203/4603 6044/5259/4655
f 6044/5259/4655 4426/5203/4603 6045/5260/4656
f 1867/5171/4576 6045/5260/4656 4426/5203/4603
f 4065/5261/4657 1530/5218/4616 4715/5211/4610
f 1347/5134/4541 4930/5148/4554 1547/5262/4658
f 4930/5148/4554 4266/5257/4653 1547/5262/4658
f 6036/5193/4593 1646/5255/4651 1671/5191/4591
f 5505/5186/4565 4969/5188/4588 191/5263/4659
f 3372/5230/4627 5820/5229/4626 3894/5232/4628
f 6189/5248/4644 2928/5247/4643 2515/5264/4660
f 2473/5265/4661 3962/5190/4590 118/5208/4607
f 890/5202/4602 5259/5258/4654 6122/5266/4662
f 6044/5259/4655 6122/5266/4662 5259/5258/4654
f 6045/5260/4656 6122/5266/4662 6044/5259/4655
f 1867/5171/4576 6122/5266/4662 6045/5260/4656
f 4676/5178/4581 2160/5267/4663 1402/5155/4561
f 1402/5155/4561 2160/5267/4663 114/5110/4520
f 2160/5267/4663 581/5268/4664 114/5110/4520
f 2883/5135/4542 2619/5212/4611 6070/5205/4605
f 3425/5173/4578 4266/5257/4653 605/5185/4587
f 1739/5250/4646 191/5263/4659 4969/5188/4588
f 660/5163/4569 184/5269/4665 1646/5255/4651
f 1176/5213/4612 1605/5125/4533 982/5206/4606
f 2160/5267/4663 4676/5178/4581 2464/5156/4562
f 581/5268/4664 4715/5211/4610 114/5110/4520
f 4266/5257/4653 3325/5270/4666 1414/5271/4667
f 5505/5186/4565 4590/5272/4668 2569/5273/4669
f 1587/5274/4634 5530/5275/4670 2164/5276/4671
f 1177/5277/4672 2032/5189/4589 5205/5207/4510
f 3125/5278/4673 4761/5204/4604 2473/5265/4661
f 2473/5265/4661 4761/5204/4604 3962/5190/4590
f 2464/5156/4562 3158/5279/4674 2160/5267/4663
f 1347/5134/4541 3158/5279/4674 2464/5156/4562
f 1414/5271/4667 1547/5262/4658 4266/5257/4653
f 5505/5186/4565 191/5263/4659 4590/5272/4668
f 1060/5280/4675 6006/5162/4568 1335/5215/4613
f 6006/5162/4568 184/5269/4665 660/5163/4569
f 1441/5281/4676 1236/5282/4677 1415/5283/4678
f 2926/5284/4643 2569/5273/4669 425/5285/4679
f 1994/5286/4680 1441/5281/4676 3125/5278/4673
f 1476/5287/4681 4761/5204/4604 3125/5278/4673
f 2473/5265/4661 1994/5286/4680 3125/5278/4673
f 6189/5248/4644 5192/5288/4682 3004/5223/4621
f 5192/5288/4682 4655/5289/4683 3004/5223/4621
f 5312/5290/4684 1867/5171/4576 4229/5291/4652
f 118/5208/4607 1781/5209/4608 3197/5292/4685
f 1530/5218/4616 3593/5293/4686 3086/5236/4632
f 4945/5294/4687 4266/5257/4653 3425/5173/4578
f 2164/5276/4671 5530/5275/4670 323/5295/4688
f 5531/5296/4670 6079/5297/4689 1782/5298/4690
f 4590/5272/4668 425/5285/4679 2569/5273/4669
f 4548/5299/4691 4124/5300/4692 1127/5301/4693
f 1441/5281/4676 1994/5286/4680 1236/5282/4677
f 1476/5287/4681 3125/5278/4673 1441/5281/4676
f 994/5234/4630 2447/5233/4629 2088/5302/4615
f 1781/5209/4608 890/5202/4602 3197/5292/4685
f 3197/5292/4685 890/5202/4602 6122/5266/4662
f 4715/5211/4610 581/5268/4664 4065/5261/4657
f 3158/5279/4674 1347/5134/4541 5955/5303/4694
f 1347/5134/4541 1547/5262/4658 5955/5303/4694
f 2621/5253/4649 4945/5294/4687 3425/5173/4578
f 3325/5270/4666 4266/5257/4653 4945/5294/4687
f 1759/5210/4609 4761/5204/4604 1476/5287/4681
f 2087/5217/4615 1789/5152/4558 1095/5249/4645
f 6092/5304/4695 2473/5265/4661 118/5208/4607
f 3445/5235/4631 3004/5223/4621 4655/5289/4683
f 4065/5261/4657 5158/5305/4696 1530/5218/4616
f 581/5268/4664 386/5306/4697 4065/5261/4657
f 4113/5307/4698 2620/5308/4649 2882/5192/4592
f 3945/5309/4699 191/5263/4659 1739/5250/4646
f 184/5269/4665 1107/5310/4700 1646/5255/4651
f 3325/5270/4666 1442/5311/4701 1414/5271/4667
f 1236/5282/4677 5289/5312/4702 1415/5283/4678
f 6006/5162/4568 1107/5310/4700 184/5269/4665
f 3859/5216/4614 1327/5220/4618 4099/5313/4703
f 3372/5230/4627 3894/5232/4628 2650/5314/4704
f 2712/5315/4705 1759/5210/4609 1476/5287/4681
f 6092/5304/4695 118/5208/4607 3197/5292/4685
f 4037/5316/4706 6122/5266/4662 1867/5171/4576
f 1547/5262/4658 1414/5271/4667 5288/5317/4702
f 2926/5284/4643 425/5285/4679 12/5318/4707
f 3372/5230/4627 2650/5314/4704 1420/5319/4708
f 13/5320/4707 2515/5264/4660 2928/5247/4643
f 1994/5286/4680 2473/5265/4661 6092/5304/4695
f 1759/5210/4609 2712/5315/4705 1096/5252/4648
f 4602/5321/4709 2160/5267/4663 3158/5279/4674
f 1671/5191/4591 4113/5307/4698 2882/5192/4592
f 4709/5322/4710 4945/5294/4687 2621/5253/4649
f 3945/5309/4699 5277/5323/4711 191/5263/4659
f 5955/5303/4694 1547/5262/4658 3629/5324/4712
f 1646/5255/4651 1107/5310/4700 1671/5191/4591
f 4590/5272/4668 191/5263/4659 5277/5323/4711
f 1547/5262/4658 5288/5317/4702 3629/5324/4712
f 3650/5325/4713 3859/5216/4614 4099/5313/4703
f 3326/5326/4714 1476/5287/4681 1441/5281/4676
f 796/5150/4556 6085/5327/4715 1185/5139/4546
f 1961/5328/4716 1236/5282/4677 1994/5286/4680
f 2515/5264/4660 13/5320/4707 4703/5329/4717
f 3894/5232/4628 994/5234/4630 2650/5314/4704
f 5312/5290/4684 4229/5291/4652 5222/5330/4718
f 5312/5290/4684 4037/5316/4706 1867/5171/4576
f 34/5331/4719 4230/5256/4652 3445/5235/4631
f 2160/5267/4663 4602/5321/4709 581/5268/4664
f 4603/5332/4709 5277/5323/4711 582/5333/4720
f 582/5333/4720 5277/5323/4711 387/5334/4721
f 3923/5335/4722 1740/5336/4723 3088/5337/4633
f 4708/5338/4710 2622/5339/4649 4112/5340/4724
f 3629/5324/4712 3158/5279/4674 5955/5303/4694
f 3325/5270/4666 4945/5294/4687 2654/5341/4725
f 3650/5325/4713 1335/5215/4613 3859/5216/4614
f 1782/5298/4690 322/5342/4726 5531/5296/4670
f 891/5142/4549 3905/5060/4479 2215/5251/4647
f 1127/5301/4693 4124/5300/4692 2909/5343/4639
f 3372/5230/4627 1420/5319/4708 2758/5344/4727
f 4703/5329/4717 13/5320/4707 5221/5345/4718
f 4037/5316/4706 3197/5292/4685 6122/5266/4662
f 387/5334/4721 5277/5323/4711 3739/5346/4728
f 1671/5191/4591 1107/5310/4700 3279/5347/4729
f 5289/5312/4702 1236/5282/4677 1961/5328/4716
f 120/5348/4730 2712/5315/4705 3326/5326/4714
f 3326/5326/4714 2712/5315/4705 1476/5287/4681
f 1961/5328/4716 1994/5286/4680 6092/5304/4695
f 3456/5349/4731 2650/5314/4704 994/5234/4630
f 2712/5315/4705 3766/5350/4732 1096/5252/4648
f 5222/5330/4718 12/5318/4707 5312/5290/4684
f 2047/5351/4733 3197/5292/4685 4037/5316/4706
f 1066/5352/4734 5277/5323/4711 4603/5332/4709
f 3739/5346/4728 5277/5323/4711 3945/5309/4699
f 1740/5336/4723 3923/5335/4722 5925/5353/4735
f 119/5354/4730 3325/5270/4666 2654/5341/4725
f 5289/5312/4702 1961/5328/4716 3628/5355/4736
f 4590/5272/4668 1919/5356/4737 425/5285/4679
f 3456/5349/4731 1420/5319/4708 2650/5314/4704
f 12/5318/4707 4037/5316/4706 5312/5290/4684
f 6092/5304/4695 3197/5292/4685 2047/5351/4733
f 994/5234/4630 2088/5302/4615 3456/5349/4731
f 5158/5305/4696 4065/5261/4657 386/5306/4697
f 3279/5347/4729 4113/5307/4698 1671/5191/4591
f 2654/5341/4725 4945/5294/4687 4709/5322/4710
f 3159/5357/4674 3628/5355/4736 4603/5332/4709
f 3944/5358/4699 1740/5336/4723 5925/5353/4735
f 5277/5323/4711 1066/5352/4734 4590/5272/4668
f 2654/5341/4725 3382/5359/4738 119/5354/4730
f 80/5360/4739 2712/5315/4705 120/5348/4730
f 80/5360/4739 3766/5350/4732 2712/5315/4705
f 425/5285/4679 1919/5356/4737 12/5318/4707
f 2758/5344/4727 3673/5182/4584 3372/5230/4627
f 2087/5217/4615 1095/5249/4645 3768/5361/4740
f 4230/5256/4652 34/5331/4719 5854/5362/4741
f 5158/5305/4696 3593/5293/4686 1530/5218/4616
f 5159/5363/4696 385/5364/4742 384/5365/4743
f 693/5366/4744 2655/5367/4725 482/5368/4745
f 2654/5341/4725 692/5369/4746 3382/5359/4738
f 6006/5162/4568 3122/5370/4747 1107/5310/4700
f 1066/5352/4734 1919/5356/4737 4590/5272/4668
f 1961/5328/4716 6092/5304/4695 3832/5371/4748
f 2032/5189/4589 1177/5277/4672 5600/5372/4749
f 80/5360/4739 2740/5373/4750 3766/5350/4732
f 12/5318/4707 1919/5356/4737 4037/5316/4706
f 3456/5349/4731 2088/5302/4615 4517/5374/4751
f 5854/5362/4741 5220/5375/4752 4230/5256/4652
f 5373/5376/4753 3088/5337/4633 3594/5377/4686
f 4113/5307/4698 482/5368/4745 4707/5378/4710
f 4709/5322/4710 481/5379/4745 2654/5341/4725
f 1060/5280/4675 3122/5370/4747 6006/5162/4568
f 1420/5319/4708 3456/5349/4731 784/5380/4754
f 2742/5381/4750 784/5380/4754 3767/5382/4740
f 3298/5383/4755 3084/5384/4756 4703/5329/4717
f 3767/5382/4740 4517/5374/4751 2088/5302/4615
f 482/5368/4745 4113/5307/4698 3279/5347/4729
f 3279/5347/4729 2379/5385/4757 482/5368/4745
f 1107/5310/4700 2379/5385/4757 3279/5347/4729
f 482/5368/4745 2379/5385/4757 693/5366/4744
f 1066/5352/4734 345/5386/4758 1919/5356/4737
f 3628/5355/4736 1961/5328/4716 3832/5371/4748
f 1919/5356/4737 345/5386/4758 4037/5316/4706
f 345/5386/4758 2047/5351/4733 4037/5316/4706
f 784/5380/4754 3456/5349/4731 4517/5374/4751
f 784/5380/4754 4517/5374/4751 3767/5382/4740
f 3084/5384/4756 2515/5264/4660 4703/5329/4717
f 4655/5289/4683 1838/5387/4759 3445/5235/4631
f 5373/5376/4753 3923/5335/4722 3088/5337/4633
f 384/5365/4743 385/5364/4742 3740/5388/4728
f 3628/5355/4736 3832/5371/4748 4603/5332/4709
f 1066/5352/4734 4603/5332/4709 345/5386/4758
f 6253/5389/4760 121/5390/4730 3383/5391/4761
f 3832/5371/4748 6092/5304/4695 2047/5351/4733
f 1060/5280/4675 1335/5215/4613 3650/5325/4713
f 4603/5332/4709 3832/5371/4748 345/5386/4758
f 4581/5392/4762 81/5393/4763 121/5390/4730
f 5915/5394/4764 1782/5298/4690 6079/5297/4689
f 5915/5394/4764 6079/5297/4689 1676/5395/4765
f 345/5386/4758 3832/5371/4748 2047/5351/4733
f 2758/5344/4727 1420/5319/4708 784/5380/4754
f 5160/5396/4766 2157/5397/4767 3594/5377/4686
f 1107/5310/4700 3122/5370/4747 2379/5385/4757
f 4703/5329/4717 5221/5345/4718 3298/5383/4755
f 6085/5327/4715 2555/5140/4547 1185/5139/4546
f 6284/5398/4768 4497/5399/4769 1587/5274/4634
f 4581/5392/4762 4742/5400/4770 81/5393/4763
f 360/5199/4599 3673/5182/4584 2422/5401/4771
f 6189/5248/4644 2515/5264/4660 3084/5384/4756
f 3594/5377/4686 2157/5397/4767 5373/5376/4753
f 4911/5402/4772 3944/5358/4699 5925/5353/4735
f 3445/5235/4631 1838/5387/4759 34/5331/4719
f 3046/5151/4557 2671/5219/4617 5779/5116/4525
f 3127/5403/4773 1326/5222/4620 360/5199/4599
f 4673/5165/4570 580/5040/4460 3676/5404/4774
f 4567/5405/4775 693/5366/4744 2379/5385/4757
f 1676/5395/4765 4124/5300/4692 4548/5299/4691
f 2741/5406/4750 81/5393/4763 1960/5407/4776
f 2758/5344/4727 784/5380/4754 5786/5408/4777
f 4464/5409/4778 3740/5388/4728 4911/5402/4772
f 580/5040/4460 2032/5189/4589 3676/5404/4774
f 384/5365/4743 3740/5388/4728 4464/5409/4778
f 4911/5402/4772 3740/5388/4728 3944/5358/4699
f 4567/5405/4775 3383/5391/4761 693/5366/4744
f 5961/5410/4779 2700/5087/4499 2012/5227/4624
f 2422/5401/4771 3673/5182/4584 2758/5344/4727
f 5160/5396/4766 3640/5411/4780 2157/5397/4767
f 5290/5412/4781 4567/5405/4775 2379/5385/4757
f 6225/5413/4782 4099/5313/4703 1327/5220/4618
f 891/5142/4549 295/5414/4783 2671/5219/4617
f 295/5414/4783 891/5142/4549 2215/5251/4647
f 6226/5415/4782 1326/5222/4620 3127/5403/4773
f 5290/5412/4781 2379/5385/4757 3122/5370/4747
f 1127/5301/4693 2909/5343/4639 6284/5398/4768
f 3084/5384/4756 6213/5416/4784 6189/5248/4644
f 1690/5417/4785 4911/5402/4772 5925/5353/4735
f 4581/5392/4762 121/5390/4730 6253/5389/4760
f 6284/5398/4768 2909/5343/4639 4497/5399/4769
f 6041/5418/4786 2215/5251/4647 4673/5165/4570
f 3506/5419/4787 1676/5395/4765 4548/5299/4691
f 6189/5248/4644 6213/5416/4784 5192/5288/4682
f 3299/5420/4755 5220/5375/4752 5854/5362/4741
f 756/5132/4540 2700/5087/4499 5961/5410/4779
f 3639/5421/4780 5159/5363/4696 384/5365/4743
f 3923/5335/4722 5171/5422/4788 5925/5353/4735
f 5925/5353/4735 5171/5422/4788 1690/5417/4785
f 1060/5280/4675 4510/5423/4789 3122/5370/4747
f 6085/5327/4715 2012/5227/4624 2555/5140/4547
f 5915/5394/4764 1676/5395/4765 3506/5419/4787
f 784/5380/4754 2742/5381/4750 5387/5424/4790
f 1587/5274/4634 2164/5276/4671 6284/5398/4768
f 262/5425/4791 982/5206/4606 756/5132/4540
f 1960/5407/4776 81/5393/4763 4742/5400/4770
f 5786/5408/4777 784/5380/4754 5387/5424/4790
f 5009/5426/4792 4461/5427/4793 220/5428/4794
f 3769/5429/4795 3578/5430/4796 4461/5427/4793
f 220/5428/4794 4461/5427/4793 323/5295/4688
f 4461/5427/4793 3578/5430/4796 2164/5276/4671
f 4461/5427/4793 2164/5276/4671 323/5295/4688
f 3578/5430/4796 6284/5398/4768 2164/5276/4671
f 221/5431/4797 322/5342/4726 1782/5298/4690
f 1782/5298/4690 5915/5394/4764 221/5431/4797
f 3578/5430/4796 4721/5432/4798 6284/5398/4768
f 221/5431/4797 5915/5394/4764 329/5433/4799
f 262/5425/4791 5603/5434/4800 982/5206/4606
f 5603/5434/4800 1176/5213/4612 982/5206/4606
f 5915/5394/4764 3506/5419/4787 329/5433/4799
f 3506/5419/4787 4041/5435/4801 329/5433/4799
f 6284/5398/4768 4721/5432/4798 1127/5301/4693
f 4721/5432/4798 5346/5436/4802 1127/5301/4693
f 3506/5419/4787 4548/5299/4691 4041/5435/4801
f 4548/5299/4691 5346/5436/4802 4041/5435/4801
f 1127/5301/4693 5346/5436/4802 4548/5299/4691
f 704/5437/4803 2758/5344/4727 5786/5408/4777
f 4721/5432/4798 3602/5438/4804 5346/5436/4802
f 4041/5435/4801 5382/5439/4805 329/5433/4799
f 6213/5416/4784 2983/5440/4806 5192/5288/4682
f 3277/5441/4807 3299/5420/4755 5854/5362/4741
f 3009/5442/4808 34/5331/4719 1838/5387/4759
f 4240/5443/4809 3578/5430/4796 3769/5429/4795
f 3578/5430/4796 3602/5438/4804 4721/5432/4798
f 262/5425/4791 756/5132/4540 5961/5410/4779
f 3205/5444/4810 221/5431/4797 329/5433/4799
f 5192/5288/4682 2647/5445/4811 4655/5289/4683
f 5171/5422/4788 1704/5446/4812 1690/5417/4785
f 5578/5447/4813 4742/5400/4770 4581/5392/4762
f 360/5199/4599 2422/5401/4771 3127/5403/4773
f 4795/5448/4814 5346/5436/4802 3602/5438/4804
f 2647/5445/4811 1838/5387/4759 4655/5289/4683
f 3923/5335/4722 5218/5449/4815 5171/5422/4788
f 5388/5450/4816 2741/5406/4750 1960/5407/4776
f 3009/5442/4808 5854/5362/4741 34/5331/4719
f 6041/5418/4786 4673/5165/4570 3676/5404/4774
f 5346/5436/4802 4795/5448/4814 239/5451/4817
f 5373/5376/4753 2157/5397/4767 997/5452/4818
f 2269/5453/4819 5009/5426/4792 220/5428/4794
f 1504/5454/4820 4461/5427/4793 5009/5426/4792
f 3578/5430/4796 5008/5455/4821 3602/5438/4804
f 262/5425/4791 5961/5410/4779 5603/5434/4800
f 4526/5456/4822 6213/5416/4784 3084/5384/4756
f 5192/5288/4682 2983/5440/4806 2647/5445/4811
f 5854/5362/4741 3009/5442/4808 5511/5457/4823
f 447/5458/4824 997/5452/4818 2157/5397/4767
f 2069/5459/4825 3923/5335/4722 5373/5376/4753
f 1704/5446/4812 5171/5422/4788 3484/5460/4826
f 6253/5389/4760 5578/5447/4813 4581/5392/4762
f 4009/5461/4827 3127/5403/4773 2422/5401/4771
f 3298/5383/4755 735/5462/4828 3084/5384/4756
f 6213/5416/4784 4526/5456/4822 2983/5440/4806
f 2069/5459/4825 5373/5376/4753 997/5452/4818
f 2069/5459/4825 5218/5449/4815 3923/5335/4722
f 220/5428/4794 3204/5463/4829 2269/5453/4819
f 5198/5464/4830 4240/5443/4809 3769/5429/4795
f 4567/5405/4775 5614/5465/4831 3383/5391/4761
f 5171/5422/4788 2142/5466/4832 3484/5460/4826
f 4526/5456/4822 3084/5384/4756 735/5462/4828
f 1504/5454/4820 3769/5429/4795 4461/5427/4793
f 2142/5466/4832 1104/5467/4833 3484/5460/4826
f 743/5468/4834 796/5150/4556 3433/5121/4530
f 4241/5469/4835 1504/5454/4820 5009/5426/4792
f 1704/5446/4812 4911/5402/4772 1690/5417/4785
f 1336/5470/4836 3650/5325/4713 4099/5313/4703
f 6085/5327/4715 182/5471/4837 2012/5227/4624
f 1104/5467/4833 4526/5456/4822 735/5462/4828
f 6041/5418/4786 295/5414/4783 2215/5251/4647
f 5600/5372/4749 1177/5277/4672 5604/5472/4838
f 2957/5473/4839 3205/5444/4810 329/5433/4799
f 4510/5423/4789 1060/5280/4675 1336/5470/4836
f 1336/5470/4836 1060/5280/4675 3650/5325/4713
f 3484/5460/4826 1104/5467/4833 735/5462/4828
f 735/5462/4828 3298/5383/4755 2763/5474/4840
f 5346/5436/4802 3710/5475/4841 4041/5435/4801
f 3710/5475/4841 5346/5436/4802 239/5451/4817
f 779/5476/4842 329/5433/4799 5382/5439/4805
f 3640/5411/4780 447/5458/4824 2157/5397/4767
f 5218/5449/4815 2142/5466/4832 5171/5422/4788
f 5614/5465/4831 6253/5389/4760 3383/5391/4761
f 6233/5477/4843 4099/5313/4703 6225/5413/4782
f 5961/5410/4779 6232/5478/4843 6223/5479/4782
f 5961/5410/4779 6223/5479/4782 5603/5434/4800
f 1104/5467/4833 2142/5466/4832 4526/5456/4822
f 3299/5420/4755 3277/5441/4807 5511/5457/4823
f 970/5480/4844 2477/5481/4845 3122/5370/4747
f 2477/5481/4845 5290/5412/4781 3122/5370/4747
f 743/5468/4834 182/5471/4837 6085/5327/4715
f 2012/5227/4624 745/5482/4846 6232/5478/4843
f 2012/5227/4624 6232/5478/4843 5961/5410/4779
f 6224/5483/4847 2493/5484/4848 5604/5472/4838
f 5600/5372/4749 5604/5472/4838 2493/5484/4848
f 735/5462/4828 2763/5474/4840 3484/5460/4826
f 3676/5404/4774 2032/5189/4589 5600/5372/4749
f 2763/5474/4840 3298/5383/4755 5512/5485/4823
f 5786/5408/4777 3369/5486/4849 704/5437/4803
f 5786/5408/4777 6279/5487/4850 3369/5486/4849
f 5854/5362/4741 5511/5457/4823 3277/5441/4807
f 4544/5488/4851 3639/5421/4780 384/5365/4743
f 5781/5489/4852 970/5480/4844 818/5490/4853
f 970/5480/4844 5781/5489/4852 2477/5481/4845
f 796/5150/4556 743/5468/4834 6085/5327/4715
f 182/5471/4837 745/5482/4846 2012/5227/4624
f 2983/5440/4806 4526/5456/4822 2142/5466/4832
f 5008/5455/4821 4795/5448/4814 3602/5438/4804
f 3369/5486/4849 2958/5491/4854 704/5437/4803
f 4041/5435/4801 3710/5475/4841 5382/5439/4805
f 5879/5492/4855 1838/5387/4759 2647/5445/4811
f 1838/5387/4759 5879/5492/4855 3009/5442/4808
f 3122/5370/4747 4510/5423/4789 970/5480/4844
f 1813/5493/4856 4464/5409/4778 4911/5402/4772
f 2477/5481/4845 1387/5494/4857 5290/5412/4781
f 4099/5313/4703 5365/5495/4858 1336/5470/4836
f 4099/5313/4703 6233/5477/4843 5365/5495/4858
f 3127/5403/4773 25/5496/4859 6226/5415/4782
f 5600/5372/4749 2493/5484/4848 4121/5497/4860
f 5786/5408/4777 3184/5498/4861 6279/5487/4850
f 3769/5429/4795 1504/5454/4820 5198/5464/4830
f 5781/5489/4852 4849/5499/4862 2477/5481/4845
f 970/5480/4844 4664/5500/4863 818/5490/4853
f 1387/5494/4857 2477/5481/4845 4849/5499/4862
f 970/5480/4844 4510/5423/4789 4664/5500/4863
f 1387/5494/4857 4567/5405/4775 5290/5412/4781
f 1813/5493/4856 4911/5402/4772 1704/5446/4812
f 2750/5501/4864 745/5482/4846 182/5471/4837
f 6232/5478/4843 745/5482/4846 3729/5502/4865
f 1813/5493/4856 1704/5446/4812 3484/5460/4826
f 2671/5219/4617 743/5468/4834 5779/5116/4525
f 1813/5493/4856 3484/5460/4826 2763/5474/4840
f 2493/5484/4848 6224/5483/4847 24/5503/4866
f 5218/5449/4815 2983/5440/4806 2142/5466/4832
f 1169/5504/4867 2758/5344/4727 704/5437/4803
f 3184/5498/4861 1849/5505/4868 6279/5487/4850
f 1849/5505/4868 2481/5506/4869 6279/5487/4850
f 743/5468/4834 2750/5501/4864 182/5471/4837
f 5779/5116/4525 743/5468/4834 3433/5121/4530
f 3676/5404/4774 5600/5372/4749 4121/5497/4860
f 3369/5486/4849 6279/5487/4850 2481/5506/4869
f 2269/5453/4819 4241/5469/4835 5009/5426/4792
f 5781/5489/4852 818/5490/4853 4144/5507/4870
f 3730/5508/4871 5365/5495/4858 6233/5477/4843
f 685/5509/4872 3676/5404/4774 4121/5497/4860
f 2958/5491/4854 1169/5504/4867 704/5437/4803
f 3426/5510/4873 2647/5445/4811 2983/5440/4806
f 5879/5492/4855 3734/5511/4874 3009/5442/4808
f 4144/5507/4870 4849/5499/4862 5781/5489/4852
f 5198/5464/4830 5008/5455/4821 4240/5443/4809
f 4240/5443/4809 5008/5455/4821 3578/5430/4796
f 4544/5488/4851 384/5365/4743 4464/5409/4778
f 1387/5494/4857 4849/5499/4862 3920/5512/4875
f 3535/5513/4876 4510/5423/4789 1336/5470/4836
f 3360/5514/4877 1336/5470/4836 5365/5495/4858
f 6254/5515/4878 3729/5502/4865 745/5482/4846
f 859/5516/4879 2493/5484/4848 24/5503/4866
f 2983/5440/4806 5218/5449/4815 3426/5510/4873
f 1288/5517/4880 2758/5344/4727 1169/5504/4867
f 2069/5459/4825 997/5452/4818 447/5458/4824
f 2750/5501/4864 349/5518/4881 745/5482/4846
f 743/5468/4834 2974/5519/4882 2750/5501/4864
f 3676/5404/4774 685/5509/4872 6041/5418/4786
f 2493/5484/4848 4449/5520/4883 4121/5497/4860
f 2493/5484/4848 859/5516/4879 4449/5520/4883
f 2788/5521/4884 2422/5401/4771 2758/5344/4727
f 3184/5498/4861 5786/5408/4777 5387/5424/4790
f 2958/5491/4854 3369/5486/4849 3152/5522/4885
f 112/5523/4886 329/5433/4799 779/5476/4842
f 399/5524/4887 5008/5455/4821 5198/5464/4830
f 4664/5500/4863 4510/5423/4789 3535/5513/4876
f 349/5518/4881 6254/5515/4878 745/5482/4846
f 2974/5519/4882 743/5468/4834 2671/5219/4617
f 2671/5219/4617 295/5414/4783 6041/5418/4786
f 4009/5461/4827 2422/5401/4771 2788/5521/4884
f 3152/5522/4885 3369/5486/4849 5011/5525/4888
f 5382/5439/4805 3710/5475/4841 779/5476/4842
f 5011/5525/4888 3369/5486/4849 2481/5506/4869
f 4664/5500/4863 2119/5526/4889 818/5490/4853
f 818/5490/4853 2119/5526/4889 4144/5507/4870
f 4544/5488/4851 4464/5409/4778 2289/5527/4890
f 5343/5528/4891 3205/5444/4810 2957/5473/4839
f 6041/5418/4786 1013/5529/4892 2671/5219/4617
f 685/5509/4872 1013/5529/4892 6041/5418/4786
f 25/5496/4859 3127/5403/4773 4009/5461/4827
f 2788/5521/4884 2758/5344/4727 1288/5517/4880
f 1288/5517/4880 1169/5504/4867 2958/5491/4854
f 5879/5492/4855 2647/5445/4811 3426/5510/4873
f 3640/5411/4780 4543/5530/4851 447/5458/4824
f 447/5458/4824 4089/5531/4893 2069/5459/4825
f 3920/5512/4875 4849/5499/4862 3438/5532/4894
f 4089/5531/4893 5218/5449/4815 2069/5459/4825
f 3204/5463/4829 5344/5533/4895 2269/5453/4819
f 1788/5534/4896 4567/5405/4775 1387/5494/4857
f 2289/5527/4890 4464/5409/4778 1813/5493/4856
f 3729/5502/4865 6254/5515/4878 5366/5535/4858
f 2974/5519/4882 2671/5219/4617 3613/5536/4897
f 2289/5527/4890 1813/5493/4856 2763/5474/4840
f 1013/5529/4892 3613/5536/4897 2671/5219/4617
f 5218/5449/4815 2956/5537/4898 3426/5510/4873
f 4449/5520/4883 859/5516/4879 2029/5538/4899
f 685/5509/4872 4121/5497/4860 4449/5520/4883
f 3426/5510/4873 4570/5539/4900 5879/5492/4855
f 5511/5457/4823 3009/5442/4808 3734/5511/4874
f 4089/5531/4893 5342/5540/4901 5218/5449/4815
f 1788/5534/4896 1387/5494/4857 3920/5512/4875
f 5342/5540/4901 2956/5537/4898 5218/5449/4815
f 2289/5527/4890 2763/5474/4840 5512/5485/4823
f 4570/5539/4900 3426/5510/4873 2956/5537/4898
f 4664/5500/4863 3535/5513/4876 2067/5541/4902
f 3360/5514/4877 3535/5513/4876 1336/5470/4836
f 6254/5515/4878 349/5518/4881 2113/5542/4903
f 3505/5543/4904 685/5509/4872 4449/5520/4883
f 2029/5538/4899 859/5516/4879 24/5503/4866
f 3184/5498/4861 5387/5424/4790 5750/5544/4905
f 1847/5545/4906 3152/5522/4885 5011/5525/4888
f 2481/5506/4869 1849/5505/4868 1110/5546/4907
f 4146/5547/4908 4544/5488/4851 2289/5527/4890
f 2750/5501/4864 5835/5548/4909 349/5518/4881
f 364/5549/4910 6253/5389/4760 5614/5465/4831
f 2974/5519/4882 5835/5548/4909 2750/5501/4864
f 4146/5547/4908 2289/5527/4890 1572/5550/4911
f 1572/5550/4911 2289/5527/4890 5512/5485/4823
f 1820/5551/4912 1288/5517/4880 2958/5491/4854
f 3603/5552/4913 1849/5505/4868 3184/5498/4861
f 112/5523/4886 2957/5473/4839 329/5433/4799
f 1571/5553/4914 5511/5457/4823 3734/5511/4874
f 5879/5492/4855 4570/5539/4900 3817/5554/4915
f 4543/5530/4851 4147/5555/4916 929/5556/4917
f 3359/5557/4918 6254/5515/4878 2113/5542/4903
f 3359/5557/4918 5366/5535/4858 6254/5515/4878
f 364/5549/4910 5578/5447/4813 6253/5389/4760
f 3613/5536/4897 1013/5529/4892 3505/5543/4904
f 1013/5529/4892 685/5509/4872 3505/5543/4904
f 2364/5558/4919 3505/5543/4904 4449/5520/4883
f 5835/5548/4909 2974/5519/4882 3613/5536/4897
f 2029/5538/4899 24/5503/4866 4010/5559/4920
f 2788/5521/4884 1288/5517/4880 1820/5551/4912
f 3388/5560/4921 2958/5491/4854 3152/5522/4885
f 5032/5561/4922 447/5458/4824 4543/5530/4851
f 4144/5507/4870 3149/5562/4923 4849/5499/4862
f 2114/5563/4903 2067/5541/4902 3360/5514/4877
f 2067/5541/4902 3535/5513/4876 3360/5514/4877
f 5731/5564/4924 5835/5548/4909 3613/5536/4897
f 5731/5564/4924 3613/5536/4897 3505/5543/4904
f 1820/5551/4912 2958/5491/4854 3388/5560/4921
f 3388/5560/4921 3152/5522/4885 2482/5565/4925
f 3817/5554/4915 4570/5539/4900 2956/5537/4898
f 140/5566/4926 1571/5553/4914 3581/5567/4927
f 4664/5500/4863 3518/5568/4928 673/5569/4929
f 4664/5500/4863 673/5569/4929 2119/5526/4889
f 2067/5541/4902 3518/5568/4928 4664/5500/4863
f 349/5518/4881 5835/5548/4909 3214/5570/4930
f 4009/5461/4827 2788/5521/4884 1820/5551/4912
f 5750/5544/4905 3603/5552/4913 3184/5498/4861
f 4146/5547/4908 1572/5550/4911 141/5571/4926
f 3581/5567/4927 1571/5553/4914 3734/5511/4874
f 447/5458/4824 5032/5561/4922 4089/5531/4893
f 4089/5531/4893 2734/5572/4931 5342/5540/4901
f 3214/5570/4930 2113/5542/4903 349/5518/4881
f 5835/5548/4909 5731/5564/4924 5734/5573/4932
f 5632/5574/4933 4470/5575/4934 3544/5576/4935
f 3800/5577/4936 5388/5450/4816 1960/5407/4776
f 2364/5558/4919 4449/5520/4883 2029/5538/4899
f 2028/5578/4937 4009/5461/4827 1820/5551/4912
f 5930/5579/4938 3817/5554/4915 2956/5537/4898
f 3149/5562/4923 3438/5532/4894 4849/5499/4862
f 4470/5575/4934 1148/5580/4939 3544/5576/4935
f 112/5523/4886 5929/5581/4940 2957/5473/4839
f 1849/5505/4868 3603/5552/4913 1110/5546/4907
f 112/5523/4886 779/5476/4842 5929/5581/4940
f 929/5556/4917 4346/5582/4941 4543/5530/4851
f 4241/5469/4835 2269/5453/4819 5344/5533/4895
f 1504/5454/4820 4241/5469/4835 5344/5533/4895
f 1788/5534/4896 275/5583/4942 4567/5405/4775
f 6004/5584/4943 3214/5570/4930 5835/5548/4909
f 5632/5574/4933 4678/5585/4944 4470/5575/4934
f 1763/5586/4945 4795/5448/4814 5008/5455/4821
f 3419/5587/4946 4146/5547/4908 141/5571/4926
f 2415/5588/4947 3388/5560/4921 2482/5565/4925
f 2482/5565/4925 3152/5522/4885 1847/5545/4906
f 3817/5554/4915 3734/5511/4874 5879/5492/4855
f 1504/5454/4820 5344/5533/4895 2735/5589/4948
f 4147/5555/4916 3418/5590/4949 929/5556/4917
f 2364/5558/4919 4951/5591/4950 3505/5543/4904
f 5929/5581/4940 779/5476/4842 3710/5475/4841
f 5011/5525/4888 2481/5506/4869 629/5592/4951
f 3418/5590/4949 4346/5582/4941 929/5556/4917
f 1762/5593/4952 3149/5562/4923 4144/5507/4870
f 2067/5541/4902 2114/5563/4903 3215/5594/4930
f 1148/5580/4939 4470/5575/4934 4678/5585/4944
f 2765/5595/4953 5731/5564/4924 3505/5543/4904
f 2028/5578/4937 1820/5551/4912 2365/5596/4954
f 1341/5597/4955 1820/5551/4912 3388/5560/4921
f 3710/5475/4841 239/5451/4817 5929/5581/4940
f 629/5592/4951 2481/5506/4869 5816/5598/4956
f 3581/5567/4927 3734/5511/4874 3817/5554/4915
f 2119/5526/4889 1762/5593/4952 4144/5507/4870
f 673/5569/4929 5455/5599/4957 2119/5526/4889
f 6273/5600/4958 3420/5601/4949 6059/5602/4959
f 6059/5602/4959 3420/5601/4949 138/5603/4960
f 3198/5604/4961 5633/5605/4933 5517/5606/4962
f 122/5607/4963 6004/5584/4943 5835/5548/4909
f 5734/5573/4932 5731/5564/4924 2765/5595/4953
f 2792/5608/4964 4742/5400/4770 5578/5447/4813
f 2365/5596/4954 1820/5551/4912 1341/5597/4955
f 1341/5597/4955 3388/5560/4921 2415/5588/4947
f 2482/5565/4925 1847/5545/4906 446/5609/4965
f 2067/5541/4902 3215/5594/4930 3518/5568/4928
f 4567/5405/4775 5837/5610/4966 5614/5465/4831
f 6059/5602/4959 138/5603/4960 4712/5611/4967
f 2765/5595/4953 3505/5543/4904 4951/5591/4950
f 5633/5605/4933 3542/5612/4935 5517/5606/4962
f 5750/5544/4905 5387/5424/4790 3799/5613/4936
f 4008/5614/4968 3543/5615/4935 1147/5616/4939
f 1110/5546/4907 5816/5598/4956 2481/5506/4869
f 3149/5562/4923 5815/5617/4969 3438/5532/4894
f 3518/5568/4928 4704/5618/4970 673/5569/4929
f 6059/5602/4959 3168/5619/4971 6273/5600/4958
f 5734/5573/4932 122/5607/4963 5835/5548/4909
f 3139/5620/4972 1148/5580/4939 4678/5585/4944
f 6059/5602/4959 4712/5611/4967 3168/5619/4971
f 4712/5611/4967 138/5603/4960 328/5621/4973
f 1847/5545/4906 5011/5525/4888 446/5609/4965
f 629/5592/4951 5816/5598/4956 5370/5622/4974
f 4089/5531/4893 5032/5561/4922 2734/5572/4931
f 1734/5623/4975 3518/5568/4928 3215/5594/4930
f 3920/5512/4875 275/5583/4942 1788/5534/4896
f 3139/5620/4972 3168/5619/4971 1148/5580/4939
f 2792/5608/4964 1960/5407/4776 4742/5400/4770
f 3168/5619/4971 4712/5611/4967 1148/5580/4939
f 3151/5624/4976 2365/5596/4954 1341/5597/4955
f 629/5592/4951 5370/5622/4974 1641/5625/4977
f 5815/5617/4969 3149/5562/4923 2272/5626/4978
f 5815/5617/4969 6274/5627/4979 3438/5532/4894
f 346/5628/4980 1763/5586/4945 5008/5455/4821
f 1110/5546/4907 3603/5552/4913 6212/5629/4981
f 3817/5554/4915 5930/5579/4938 6197/5630/4982
f 4346/5582/4941 5032/5561/4922 4543/5530/4851
f 1762/5593/4952 4820/5631/4983 3149/5562/4923
f 1734/5623/4975 4704/5618/4970 3518/5568/4928
f 3198/5604/4961 5517/5606/4962 2377/5632/4984
f 2792/5608/4964 5578/5447/4813 364/5549/4910
f 5011/5525/4888 629/5592/4951 4733/5633/4985
f 4820/5631/4983 2272/5626/4978 3149/5562/4923
f 275/5583/4942 5837/5610/4966 4567/5405/4775
f 3214/5570/4930 6004/5584/4943 5482/5634/4986
f 5482/5634/4986 6004/5584/4943 122/5607/4963
f 346/5628/4980 5008/5455/4821 399/5524/4887
f 4952/5635/4987 2365/5596/4954 4214/5636/4988
f 3151/5624/4976 1341/5597/4955 2415/5588/4947
f 6196/5637/4982 5929/5581/4940 6276/5638/4989
f 2415/5588/4947 2482/5565/4925 3862/5639/4990
f 4733/5633/4985 629/5592/4951 1641/5625/4977
f 3418/5590/4949 3921/5640/4991 4346/5582/4941
f 1504/5454/4820 2735/5589/4948 5198/5464/4830
f 5114/5641/4992 3198/5604/4961 2377/5632/4984
f 2377/5632/4984 5517/5606/4962 1551/5642/4993
f 4008/5614/4968 1147/5616/4939 2757/5643/4994
f 2365/5596/4954 3151/5624/4976 4214/5636/4988
f 6300/5644/4995 239/5451/4817 4795/5448/4814
f 1734/5623/4975 3215/5594/4930 5481/5645/4986
f 3198/5604/4961 592/5646/4996 5633/5605/4933
f 122/5607/4963 5734/5573/4932 2282/5647/4997
f 5735/5648/4998 2764/5649/4999 2281/5650/5000
f 2764/5649/4999 4952/5635/4987 4214/5636/4988
f 5517/5606/4962 3542/5612/4935 1551/5642/4993
f 1550/5651/5001 3543/5615/4935 4008/5614/4968
f 6197/5630/4982 140/5566/4926 3581/5567/4927
f 1641/5625/4977 5370/5622/4974 2688/5652/5002
f 4346/5582/4941 3921/5640/4991 5032/5561/4922
f 5032/5561/4922 3921/5640/4991 2734/5572/4931
f 592/5646/4996 4679/5653/5003 5633/5605/4933
f 3168/5619/4971 3139/5620/4972 1338/5654/5004
f 2764/5649/4999 4214/5636/4988 2281/5650/5000
f 1148/5580/4939 4712/5611/4967 2755/5655/4994
f 6276/5638/4989 5929/5581/4940 239/5451/4817
f 3581/5567/4927 3817/5554/4915 6197/5630/4982
f 1738/5656/5005 5815/5617/4969 2272/5626/4978
f 5117/5657/5006 275/5583/4942 3920/5512/4875
f 3198/5604/4961 5114/5641/4992 5838/5658/5007
f 5482/5634/4986 122/5607/4963 2282/5647/4997
f 5370/5622/4974 5816/5598/4956 2688/5652/5002
f 6271/5659/4958 5175/5660/5008 3418/5590/4949
f 3438/5532/4894 6274/5627/4979 5117/5657/5006
f 3920/5512/4875 3438/5532/4894 5117/5657/5006
f 4704/5618/4970 1734/5623/4975 765/5661/5009
f 1338/5654/5004 6273/5600/4958 3168/5619/4971
f 5838/5658/5007 592/5646/4996 3198/5604/4961
f 364/5549/4910 5614/5465/4831 5837/5610/4966
f 2755/5655/4994 4712/5611/4967 328/5621/4973
f 4214/5636/4988 3151/5624/4976 1801/5662/5010
f 139/5663/4926 6196/5637/4982 5488/5664/5011
f 3151/5624/4976 2415/5588/4947 2953/5665/5012
f 2953/5665/5012 2415/5588/4947 3862/5639/4990
f 5816/5598/4956 1110/5546/4907 256/5666/5013
f 4704/5618/4970 5455/5599/4957 673/5569/4929
f 5455/5599/4957 1762/5593/4952 2119/5526/4889
f 3418/5590/4949 5175/5660/5008 3921/5640/4991
f 765/5661/5009 1734/5623/4975 5481/5645/4986
f 5483/5667/4986 2281/5650/5000 764/5668/5014
f 764/5668/5014 2281/5650/5000 4325/5669/5015
f 4325/5669/5015 2281/5650/5000 4214/5636/4988
f 1551/5642/4993 5114/5641/4992 2377/5632/4984
f 3800/5577/4936 1960/5407/4776 2792/5608/4964
f 1801/5662/5010 4325/5669/5015 4214/5636/4988
f 4820/5631/4983 1738/5656/5005 2272/5626/4978
f 326/5670/4973 139/5663/4926 5488/5664/5011
f 6276/5638/4989 239/5451/4817 6300/5644/4995
f 5943/5671/5016 5114/5641/4992 1551/5642/4993
f 4820/5631/4983 1762/5593/4952 3237/5672/5017
f 5455/5599/4957 3237/5672/5017 1762/5593/4952
f 4915/5673/5018 5114/5641/4992 5943/5671/5016
f 4915/5673/5018 5943/5671/5016 1551/5642/4993
f 6212/5629/4981 256/5666/5013 1110/5546/4907
f 5837/5610/4966 275/5583/4942 5117/5657/5006
f 4679/5653/5003 5699/5674/5019 3138/5675/4972
f 3799/5613/4936 3603/5552/4913 5750/5544/4905
f 3862/5639/4990 2482/5565/4925 446/5609/4965
f 4733/5633/4985 1641/5625/4977 2688/5652/5002
f 4765/5676/5020 2688/5652/5002 5816/5598/4956
f 4356/5677/5021 2792/5608/4964 364/5549/4910
f 4008/5614/4968 2757/5643/4994 3020/5678/5022
f 5950/5679/5023 4795/5448/4814 1763/5586/4945
f 4733/5633/4985 2688/5652/5002 4765/5676/5020
f 4820/5631/4983 3237/5672/5017 1738/5656/5005
f 5484/5680/5024 5455/5599/4957 4704/5618/4970
f 1738/5656/5005 3237/5672/5017 5815/5617/4969
f 3921/5640/4991 5175/5660/5008 2734/5572/4931
f 5176/5681/5008 6272/5682/4958 1337/5683/5025
f 5991/5684/5026 2947/5685/5027 764/5668/5014
f 5991/5684/5026 764/5668/5014 4325/5669/5015
f 5991/5684/5026 4325/5669/5015 1801/5662/5010
f 5488/5664/5011 6196/5637/4982 6276/5638/4989
f 5011/5525/4888 4733/5633/4985 4705/5686/5028
f 4705/5686/5028 4733/5633/4985 4765/5676/5020
f 4818/5687/5029 5815/5617/4969 3237/5672/5017
f 2948/5688/5030 4704/5618/4970 765/5661/5009
f 5837/5610/4966 4356/5677/5021 364/5549/4910
f 4008/5614/4968 4916/5689/5018 1550/5651/5001
f 5816/5598/4956 256/5666/5013 4765/5676/5020
f 399/5524/4887 5364/5690/5031 346/5628/4980
f 5364/5690/5031 5428/5691/5032 346/5628/4980
f 5991/5684/5026 1801/5662/5010 5013/5692/5033
f 5487/5693/5034 2756/5694/5035 327/5695/5036
f 3151/5624/4976 2419/5696/5037 1801/5662/5010
f 2419/5696/5037 3151/5624/4976 2953/5665/5012
f 446/5609/4965 5011/5525/4888 4705/5686/5028
f 4818/5687/5029 6274/5627/4979 5815/5617/4969
f 6274/5627/4979 4912/5697/5038 5117/5657/5006
f 5114/5641/4992 4842/5698/5039 5838/5658/5007
f 5114/5641/4992 4915/5673/5018 4842/5698/5039
f 3322/5699/5040 5364/5690/5031 399/5524/4887
f 5364/5690/5031 3322/5699/5040 5428/5691/5032
f 5950/5679/5023 5428/5691/5032 3322/5699/5040
f 346/5628/4980 5428/5691/5032 5950/5679/5023
f 1801/5662/5010 2419/5696/5037 5013/5692/5033
f 4596/5700/5041 5198/5464/4830 2735/5589/4948
f 5176/5681/5008 1337/5683/5025 103/5701/5042
f 4685/5702/5043 3603/5552/4913 3799/5613/4936
f 4912/5697/5038 5837/5610/4966 5117/5657/5006
f 3138/5675/4972 5699/5674/5019 1339/5703/5044
f 4685/5702/5043 6212/5629/4981 3603/5552/4913
f 5455/5599/4957 4818/5687/5029 3237/5672/5017
f 5699/5674/5019 101/5704/5045 1339/5703/5044
f 5950/5679/5023 1763/5586/4945 346/5628/4980
f 3862/5639/4990 446/5609/4965 4286/5705/5046
f 5838/5658/5007 4842/5698/5039 5503/5706/5047
f 4286/5705/5046 446/5609/4965 4705/5686/5028
f 5176/5681/5008 4597/5707/5041 2733/5708/5048
f 399/5524/4887 5198/5464/4830 3322/5699/5040
f 2534/5709/5049 4704/5618/4970 2948/5688/5030
f 4303/5710/5050 4679/5653/5003 592/5646/4996
f 2792/5608/4964 4356/5677/5021 3800/5577/4936
f 5487/5693/5034 6275/5711/4989 6277/5712/5051
f 5837/5610/4966 4912/5697/5038 115/5713/5052
f 2799/5714/5053 5838/5658/5007 5503/5706/5047
f 115/5713/5052 4356/5677/5021 5837/5610/4966
f 4679/5653/5003 4303/5710/5050 5699/5674/5019
f 5091/5715/5054 2947/5685/5027 5991/5684/5026
f 115/5713/5052 3800/5577/4936 4356/5677/5021
f 4842/5698/5039 4915/5673/5018 2661/5716/5055
f 115/5713/5052 4686/5717/5056 3800/5577/4936
f 6300/5644/4995 4795/5448/4814 5950/5679/5023
f 3862/5639/4990 4286/5705/5046 3175/5718/5057
f 5484/5680/5024 4704/5618/4970 2534/5709/5049
f 4912/5697/5038 6274/5627/4979 4416/5719/5058
f 1972/5720/5059 3322/5699/5040 5198/5464/4830
f 4811/5721/5060 5503/5706/5047 4842/5698/5039
f 5394/5722/5061 2533/5723/5062 2947/5685/5027
f 5091/5715/5054 5991/5684/5026 5013/5692/5033
f 5702/5724/5063 4686/5717/5056 115/5713/5052
f 4912/5697/5038 1210/5725/5064 115/5713/5052
f 1972/5720/5059 5950/5679/5023 3322/5699/5040
f 5394/5722/5061 2947/5685/5027 5091/5715/5054
f 2756/5694/5035 5487/5693/5034 4120/5726/5065
f 6212/5629/4981 4685/5702/5043 1257/5727/5066
f 4597/5707/5041 189/5728/5067 5197/5729/5068
f 4416/5719/5058 2016/5730/5069 4912/5697/5038
f 1210/5725/5064 4912/5697/5038 2016/5730/5069
f 5055/5731/5070 2757/5643/4994 4119/5732/5065
f 5436/5733/5071 1354/5734/5072 2529/5735/5073
f 1046/5736/5074 4811/5721/5060 4842/5698/5039
f 2661/5716/5055 1046/5736/5074 4842/5698/5039
f 1707/5737/5075 1354/5734/5072 5436/5733/5071
f 5436/5733/5071 2529/5735/5073 146/5738/5076
f 102/5739/5045 5055/5731/5070 4119/5732/5065
f 1210/5725/5064 5702/5724/5063 115/5713/5052
f 2529/5735/5073 4884/5740/5077 146/5738/5076
f 1354/5734/5072 4886/5741/5078 2529/5735/5073
f 2529/5735/5073 4886/5741/5078 4884/5740/5077
f 4686/5717/5056 5702/5724/5063 1259/5742/5079
f 3175/5718/5057 4286/5705/5046 309/5743/5080
f 1793/5744/5081 676/5745/5082 5436/5733/5071
f 5436/5733/5071 676/5745/5082 1707/5737/5075
f 5859/5746/5083 2533/5723/5062 5394/5722/5061
f 103/5701/5042 4120/5726/5065 4597/5707/5041
f 6064/5747/5084 6300/5644/4995 5950/5679/5023
f 2799/5714/5053 592/5646/4996 5838/5658/5007
f 5698/5748/5085 5055/5731/5070 102/5739/5045
f 880/5749/5086 4885/5750/5087 4887/5751/5088
f 256/5666/5013 6212/5629/4981 1257/5727/5066
f 5484/5680/5024 5782/5752/5089 5455/5599/4957
f 5176/5681/5008 103/5701/5042 4597/5707/5041
f 1793/5744/5081 5436/5733/5071 5784/5753/5090
f 4205/5754/5091 1210/5725/5064 2016/5730/5069
f 6064/5747/5084 5950/5679/5023 1972/5720/5059
f 5436/5733/5071 146/5738/5076 5784/5753/5090
f 5702/5724/5063 1210/5725/5064 1477/5755/5092
f 190/5756/5093 1972/5720/5059 5198/5464/4830
f 2016/5730/5069 4416/5719/5058 4086/5757/5094
f 676/5745/5082 1793/5744/5081 3014/5758/5095
f 4086/5757/5094 4205/5754/5091 2016/5730/5069
f 4811/5721/5060 1046/5736/5074 4681/5759/5096
f 4681/5759/5096 1046/5736/5074 1002/5760/5097
f 4205/5754/5091 2231/5761/5098 1210/5725/5064
f 1002/5760/5097 1354/5734/5072 4681/5759/5096
f 4886/5741/5078 1354/5734/5072 1002/5760/5097
f 2231/5761/5098 1477/5755/5092 1210/5725/5064
f 1477/5755/5092 1259/5742/5079 5702/5724/5063
f 46/5762/5099 4885/5750/5087 880/5749/5086
f 5487/5693/5034 6277/5712/5051 4120/5726/5065
f 3838/5763/5100 1793/5744/5081 5784/5753/5090
f 5698/5748/5085 5777/5764/5101 5055/5731/5070
f 2662/5765/5102 4916/5689/5018 4008/5614/4968
f 146/5738/5076 4884/5740/5077 45/5766/5103
f 4705/5686/5028 4765/5676/5020 256/5666/5013
f 3838/5763/5100 3014/5758/5095 1793/5744/5081
f 4204/5767/5104 4087/5768/5105 3838/5763/5100
f 4681/5759/5096 1354/5734/5072 1707/5737/5075
f 3839/5769/5100 2231/5761/5098 4205/5754/5091
f 3838/5763/5100 5784/5753/5090 2232/5770/5098
f 3020/5678/5022 2757/5643/4994 5055/5731/5070
f 2231/5761/5098 5785/5771/5106 1477/5755/5092
f 5784/5753/5090 146/5738/5076 45/5766/5103
f 5455/5599/4957 5782/5752/5089 4818/5687/5029
f 4086/5757/5094 4416/5719/5058 4365/5772/5107
f 3020/5678/5022 5055/5731/5070 5777/5764/5101
f 2662/5765/5102 4008/5614/4968 6221/5773/5108
f 6277/5712/5051 4597/5707/5041 4120/5726/5065
f 5784/5753/5090 45/5766/5103 1478/5774/5109
f 6277/5712/5051 6275/5711/4989 6301/5775/4995
f 2953/5665/5012 3862/5639/4990 5883/5776/5110
f 3838/5763/5100 4367/5777/5111 3014/5758/5095
f 5091/5715/5054 5013/5692/5033 707/5778/5112
f 2953/5665/5012 5883/5776/5110 2419/5696/5037
f 1477/5755/5092 47/5779/5103 1259/5742/5079
f 6274/5627/4979 775/5780/5113 4416/5719/5058
f 4681/5759/5096 1880/5781/5114 4811/5721/5060
f 1973/5782/5115 189/5728/5067 6065/5783/5116
f 3468/5784/5117 4887/5751/5088 1003/5785/5118
f 6301/5775/4995 6065/5783/5116 6094/5786/5119
f 4416/5719/5058 775/5780/5113 4365/5772/5107
f 674/5787/5120 2223/5788/5121 1708/5789/5075
f 302/5790/5122 5859/5746/5083 5394/5722/5061
f 4597/5707/5041 6277/5712/5051 2156/5791/5123
f 1003/5785/5118 1045/5792/5124 3468/5784/5117
f 1258/5793/5066 46/5762/5099 354/5794/5125
f 354/5794/5125 46/5762/5099 880/5749/5086
f 6277/5712/5051 6301/5775/4995 6094/5786/5119
f 5484/5680/5024 4981/5795/5126 5782/5752/5089
f 3838/5763/5100 4087/5768/5105 4367/5777/5111
f 5193/5796/5127 592/5646/4996 2799/5714/5053
f 5698/5748/5085 492/5797/5128 5777/5764/5101
f 6065/5783/5116 189/5728/5067 6094/5786/5119
f 3020/5678/5022 5777/5764/5101 979/5798/5129
f 5931/5799/5130 6277/5712/5051 6094/5786/5119
f 256/5666/5013 1257/5727/5066 4636/5800/5131
f 5858/5801/5132 5484/5680/5024 2534/5709/5049
f 1880/5781/5114 5503/5706/5047 4811/5721/5060
f 492/5797/5128 5698/5748/5085 4302/5802/5133
f 492/5797/5128 4834/5803/5134 5777/5764/5101
f 2817/5804/5135 5777/5764/5101 4834/5803/5134
f 979/5798/5129 5777/5764/5101 2817/5804/5135
f 2156/5791/5123 6277/5712/5051 5931/5799/5130
f 5883/5776/5110 3862/5639/4990 3175/5718/5057
f 3203/5805/5136 189/5728/5067 4597/5707/5041
f 5193/5796/5127 4303/5710/5050 592/5646/4996
f 707/5778/5112 5394/5722/5061 5091/5715/5054
f 492/5797/5128 4302/5802/5133 979/5798/5129
f 6094/5786/5119 189/5728/5067 3203/5805/5136
f 492/5797/5128 979/5798/5129 4834/5803/5134
f 4834/5803/5134 979/5798/5129 2817/5804/5135
f 2419/5696/5037 1451/5806/5137 5013/5692/5033
f 2514/5807/5138 4680/5808/5139 1708/5789/5075
f 4597/5707/5041 2156/5791/5123 3203/5805/5136
f 3203/5805/5136 2156/5791/5123 5931/5799/5130
f 1045/5792/5124 2662/5765/5102 6221/5773/5108
f 3203/5805/5136 5931/5799/5130 6094/5786/5119
f 4286/5705/5046 4705/5686/5028 3176/5809/5140
f 4705/5686/5028 256/5666/5013 5031/5810/5141
f 5858/5801/5132 4981/5795/5126 5484/5680/5024
f 4008/5614/4968 3020/5678/5022 634/5811/5142
f 634/5811/5142 979/5798/5129 4302/5802/5133
f 5883/5776/5110 1451/5806/5137 2419/5696/5037
f 309/5743/5080 4286/5705/5046 3176/5809/5140
f 774/5812/5143 6112/5813/5144 4364/5814/5107
f 1708/5789/5075 2223/5788/5121 2514/5807/5138
f 707/5778/5112 5013/5692/5033 1451/5806/5137
f 634/5811/5142 3020/5678/5022 979/5798/5129
f 6221/5773/5108 4008/5614/4968 634/5811/5142
f 4818/5687/5029 775/5780/5113 6274/5627/4979
f 1881/5815/5114 4680/5808/5139 2514/5807/5138
f 3468/5784/5117 6063/5816/5145 4887/5751/5088
f 354/5794/5125 880/5749/5086 2809/5817/5146
f 3013/5818/5147 627/5819/5148 675/5820/5082
f 1045/5792/5124 6221/5773/5108 3468/5784/5117
f 3175/5718/5057 309/5743/5080 3035/5821/5149
f 5031/5810/5141 256/5666/5013 4636/5800/5131
f 4634/5822/5131 1258/5793/5066 354/5794/5125
f 231/5823/5150 5859/5746/5083 302/5790/5122
f 4302/5802/5133 5194/5824/5151 634/5811/5142
f 3468/5784/5117 6221/5773/5108 5623/5825/5152
f 302/5790/5122 5394/5722/5061 707/5778/5112
f 5782/5752/5089 1255/5826/5153 4818/5687/5029
f 627/5819/5148 2224/5827/5154 675/5820/5082
f 2541/5828/5155 5031/5810/5141 4636/5800/5131
f 4366/5829/5107 6113/5830/5144 3013/5818/5147
f 4887/5751/5088 2809/5817/5146 880/5749/5086
f 3176/5809/5140 4705/5686/5028 5031/5810/5141
f 4981/5795/5126 5858/5801/5132 232/5831/5150
f 5883/5776/5110 3175/5718/5057 1389/5832/5156
f 4818/5687/5029 1255/5826/5153 775/5780/5113
f 2223/5788/5121 4344/5833/5157 2514/5807/5138
f 1744/5834/5158 707/5778/5112 1451/5806/5137
f 4887/5751/5088 6063/5816/5145 2809/5817/5146
f 3176/5809/5140 5031/5810/5141 309/5743/5080
f 3013/5818/5147 6113/5830/5144 627/5819/5148
f 1744/5834/5158 302/5790/5122 707/5778/5112
f 4950/5835/5159 634/5811/5142 5194/5824/5151
f 5516/5836/5160 1744/5834/5158 1451/5806/5137
f 5516/5836/5160 1451/5806/5137 5883/5776/5110
f 354/5794/5125 2809/5817/5146 5678/5837/5161
f 302/5790/5122 1472/5838/5162 231/5823/5150
f 4950/5835/5159 6221/5773/5108 634/5811/5142
f 4634/5822/5131 354/5794/5125 2294/5839/5163
f 5503/5706/5047 5586/5840/5164 2799/5714/5053
f 1472/5838/5162 302/5790/5122 1744/5834/5158
f 4950/5835/5159 5194/5824/5151 2800/5841/5165
f 309/5743/5080 5031/5810/5141 2541/5828/5155
f 1880/5781/5114 5586/5840/5164 5503/5706/5047
f 5623/5825/5152 6221/5773/5108 4950/5835/5159
f 2294/5839/5163 354/5794/5125 5678/5837/5161
f 232/5831/5150 1473/5842/5162 4981/5795/5126
f 5587/5843/5166 4950/5835/5159 2800/5841/5165
f 1744/5834/5158 5516/5836/5160 1892/5844/5167
f 2540/5845/5168 4635/5846/5169 3863/5847/5170
f 4964/5848/5171 5782/5752/5089 4981/5795/5126
f 774/5812/5143 5560/5849/5172 6112/5813/5144
f 1389/5832/5156 5516/5836/5160 5883/5776/5110
f 3863/5847/5170 4635/5846/5169 5679/5850/5173
f 4634/5822/5131 2294/5839/5163 5680/5851/5173
f 5560/5849/5172 3632/5852/5174 6112/5813/5144
f 1472/5838/5162 1744/5834/5158 1892/5844/5167
f 3035/5821/5149 309/5743/5080 2541/5828/5155
f 3863/5847/5170 5456/5853/5175 2540/5845/5168
f 5884/5854/5176 6112/5813/5144 3632/5852/5174
f 3863/5847/5170 5679/5850/5173 771/5855/5177
f 2713/5856/5178 1389/5832/5156 3175/5718/5057
f 2713/5856/5178 3175/5718/5057 3035/5821/5149
f 2294/5839/5163 44/5857/5179 5680/5851/5173
f 5456/5853/5175 3863/5847/5170 2532/5858/5180
f 771/5855/5177 2532/5858/5180 3863/5847/5170
f 771/5855/5177 5679/5850/5173 551/5859/5181
f 5884/5854/5176 6216/5860/5182 6112/5813/5144
f 5560/5849/5172 774/5812/5143 5746/5861/5183
f 1307/5862/5184 627/5819/5148 6113/5830/5144
f 627/5819/5148 4345/5863/5157 2224/5827/5154
f 2514/5807/5138 6054/5864/5185 1881/5815/5114
f 4950/5835/5159 1767/5865/5186 5623/5825/5152
f 5034/5866/5187 2541/5828/5155 5457/5867/5188
f 3035/5821/5149 2541/5828/5155 5034/5866/5187
f 5884/5854/5176 3632/5852/5174 171/5868/5189
f 6113/5830/5144 6215/5869/5182 1307/5862/5184
f 4981/5795/5126 1591/5870/5190 4964/5848/5171
f 4981/5795/5126 1473/5842/5162 1591/5870/5190
f 550/5871/5191 5680/5851/5173 44/5857/5179
f 3483/5872/5192 3592/5873/5193 5884/5854/5176
f 5884/5854/5176 171/5868/5189 3483/5872/5192
f 3632/5852/5174 5560/5849/5172 171/5868/5189
f 5746/5861/5183 2959/5874/5194 5560/5849/5172
f 2360/5875/5195 1255/5826/5153 5782/5752/5089
f 1254/5876/5196 5746/5861/5183 774/5812/5143
f 6054/5864/5185 2514/5807/5138 2384/5877/5197
f 1892/5844/5167 1590/5878/5198 1472/5838/5162
f 4950/5835/5159 5587/5843/5166 1767/5865/5186
f 3468/5784/5117 5623/5825/5152 1767/5865/5186
f 3468/5784/5117 1767/5865/5186 6063/5816/5145
f 4737/5879/5199 5516/5836/5160 1389/5832/5156
f 171/5868/5189 5560/5849/5172 2959/5874/5194
f 6054/5864/5185 5587/5843/5166 1881/5815/5114
f 1892/5844/5167 5516/5836/5160 4737/5879/5199
f 2809/5817/5146 6063/5816/5145 697/5880/5200
f 1105/5881/5201 2532/5858/5180 771/5855/5177
f 551/5859/5181 1105/5881/5201 771/5855/5177
f 3592/5873/5193 6216/5860/5182 5884/5854/5176
f 2514/5807/5138 4344/5833/5157 2384/5877/5197
f 44/5857/5179 274/5882/5202 550/5871/5191
f 6054/5864/5185 1767/5865/5186 5587/5843/5166
f 5347/5883/5203 6063/5816/5145 1767/5865/5186
f 5456/5853/5175 3760/5884/5204 5033/5885/5205
f 550/5871/5191 274/5882/5202 5716/5886/5206
f 2532/5858/5180 1105/5881/5201 1968/5887/5207
f 2436/5888/5208 6216/5860/5182 3592/5873/5193
f 1761/5889/5209 627/5819/5148 1307/5862/5184
f 1892/5844/5167 3509/5890/5210 1590/5878/5198
f 5034/5866/5187 1736/5891/5211 3035/5821/5149
f 5678/5837/5161 44/5857/5179 2294/5839/5163
f 3759/5892/5204 1736/5891/5211 5034/5866/5187
f 5456/5853/5175 2532/5858/5180 3760/5884/5204
f 6215/5869/5182 1761/5889/5209 1307/5862/5184
f 4964/5848/5171 2360/5875/5195 5782/5752/5089
f 44/5857/5179 3943/5893/5212 274/5882/5202
f 2532/5858/5180 1968/5887/5207 3760/5884/5204
f 3483/5872/5192 171/5868/5189 4935/5894/5213
f 2959/5874/5194 392/5895/5214 171/5868/5189
f 2435/5896/5208 313/5897/5215 6215/5869/5182
f 313/5897/5215 1761/5889/5209 6215/5869/5182
f 2360/5875/5195 5658/5898/5216 1255/5826/5153
f 1505/5899/5217 4345/5863/5157 627/5819/5148
f 1254/5876/5196 5657/5900/5218 5746/5861/5183
f 5598/5901/5219 1892/5844/5167 4737/5879/5199
f 44/5857/5179 5678/5837/5161 3943/5893/5212
f 3550/5902/5220 3592/5873/5193 3483/5872/5192
f 392/5895/5214 4935/5894/5213 171/5868/5189
f 3509/5890/5210 1892/5844/5167 5598/5901/5219
f 4935/5894/5213 3550/5902/5220 3483/5872/5192
f 5715/5903/5221 1105/5881/5201 551/5859/5181
f 5746/5861/5183 5657/5900/5218 2959/5874/5194
f 2384/5877/5197 5347/5883/5203 6054/5864/5185
f 5347/5883/5203 1767/5865/5186 6054/5864/5185
f 3943/5893/5212 3235/5904/5222 274/5882/5202
f 4560/5905/5223 3760/5884/5204 1968/5887/5207
f 5153/5906/5224 2959/5874/5194 5657/5900/5218
f 1761/5889/5209 1505/5899/5217 627/5819/5148
f 3509/5890/5210 1686/5907/5225 1590/5878/5198
f 1761/5889/5209 313/5897/5215 217/5908/5226
f 2713/5856/5178 752/5909/5227 1389/5832/5156
f 1105/5881/5201 5668/5910/5228 5942/5911/5229
f 2870/5912/5230 3592/5873/5193 3550/5902/5220
f 5153/5906/5224 392/5895/5214 2959/5874/5194
f 1687/5913/5231 4964/5848/5171 1591/5870/5190
f 4737/5879/5199 1389/5832/5156 5598/5901/5219
f 1736/5891/5211 2713/5856/5178 3035/5821/5149
f 1105/5881/5201 5942/5911/5229 1968/5887/5207
f 4935/5894/5213 2842/5914/5232 3550/5902/5220
f 2870/5912/5230 2436/5888/5208 3592/5873/5193
f 4490/5915/5233 217/5908/5226 313/5897/5215
f 3760/5884/5204 5239/5916/5234 1737/5917/5235
f 4490/5915/5233 313/5897/5215 2435/5896/5208
f 5657/5900/5218 1139/5918/5236 5153/5906/5224
f 4964/5848/5171 1138/5919/5236 2360/5875/5195
f 1138/5919/5236 5658/5898/5216 2360/5875/5195
f 1505/5899/5217 1761/5889/5209 217/5908/5226
f 4964/5848/5171 1687/5913/5231 1138/5919/5236
f 3509/5890/5210 5598/5901/5219 2322/5920/5237
f 4572/5921/5238 752/5909/5227 2713/5856/5178
f 4560/5905/5223 5239/5916/5234 3760/5884/5204
f 2745/5922/5239 1105/5881/5201 5715/5903/5221
f 5153/5906/5224 1944/5923/5240 392/5895/5214
f 1505/5899/5217 1032/5924/5241 4345/5863/5157
f 4344/5833/5157 477/5925/5242 2384/5877/5197
f 1736/5891/5211 4572/5921/5238 2713/5856/5178
f 5678/5837/5161 2809/5817/5146 5949/5926/5243
f 5949/5926/5243 2809/5817/5146 697/5880/5200
f 3235/5904/5222 1406/5927/5244 274/5882/5202
f 4560/5905/5223 1968/5887/5207 5942/5911/5229
f 5598/5901/5219 1389/5832/5156 752/5909/5227
f 3178/5928/5245 3943/5893/5212 5678/5837/5161
f 5716/5886/5206 274/5882/5202 1406/5927/5244
f 2745/5922/5239 5668/5910/5228 1105/5881/5201
f 697/5880/5200 6063/5816/5145 5347/5883/5203
f 2436/5888/5208 2870/5912/5230 4586/5929/5246
f 4490/5915/5233 6148/5930/5247 217/5908/5226
f 2059/5931/5248 5347/5883/5203 2384/5877/5197
f 4848/5932/5249 4572/5921/5238 1736/5891/5211
f 4848/5932/5249 1736/5891/5211 5240/5933/5234
f 4560/5905/5223 757/5934/5250 5239/5916/5234
f 5942/5911/5229 5668/5910/5228 3022/5935/5251
f 3731/5936/5252 2842/5914/5232 4935/5894/5213
f 477/5925/5242 2059/5931/5248 2384/5877/5197
f 3509/5890/5210 2322/5920/5237 1686/5907/5225
f 5716/5886/5206 1406/5927/5244 1322/5937/5253
f 6056/5938/5254 1138/5919/5236 1687/5913/5231
f 752/5909/5227 5749/5939/5255 5598/5901/5219
f 3942/5940/5256 3177/5941/5245 3234/5942/5257
f 5153/5906/5224 3660/5943/5258 1944/5923/5240
f 5412/5944/5259 6148/5930/5247 4490/5915/5233
f 790/5945/5260 4560/5905/5223 5942/5911/5229
f 3731/5936/5252 4935/5894/5213 392/5895/5214
f 4586/5929/5246 4491/5946/5261 2436/5888/5208
f 392/5895/5214 1944/5923/5240 1211/5947/5262
f 5153/5906/5224 1139/5918/5236 3660/5943/5258
f 2322/5920/5237 5598/5901/5219 5749/5939/5255
f 4848/5932/5249 752/5909/5227 4572/5921/5238
f 2745/5922/5239 5715/5903/5221 1320/5948/5253
f 3022/5935/5251 5668/5910/5228 2745/5922/5239
f 3731/5936/5252 392/5895/5214 1211/5947/5262
f 1139/5918/5236 1281/5949/5263 3660/5943/5258
f 1764/5950/5264 697/5880/5200 5347/5883/5203
f 4847/5951/5249 5239/5916/5234 6188/5952/5265
f 2842/5914/5232 3788/5953/5266 3550/5902/5220
f 3788/5953/5266 2870/5912/5230 3550/5902/5220
f 4586/5929/5246 2401/5954/5267 4491/5946/5261
f 4490/5915/5233 2402/5955/5267 5412/5944/5259
f 1505/5899/5217 217/5908/5226 904/5956/5268
f 1686/5907/5225 2322/5920/5237 6055/5957/5269
f 2731/5958/5270 752/5909/5227 4848/5932/5249
f 757/5934/5250 6188/5952/5265 5239/5916/5234
f 3178/5928/5245 5678/5837/5161 5949/5926/5243
f 3234/5942/5257 3177/5941/5245 6029/5959/5271
f 6188/5952/5265 4978/5960/5272 4847/5951/5249
f 790/5945/5260 757/5934/5250 4560/5905/5223
f 1032/5924/5241 1505/5899/5217 904/5956/5268
f 1281/5949/5263 1139/5918/5236 6057/5961/5254
f 2731/5958/5270 5749/5939/5255 752/5909/5227
f 3788/5953/5266 2842/5914/5232 6266/5962/5273
f 4978/5960/5272 2732/5963/5270 4847/5951/5249
f 3234/5942/5257 6029/5959/5271 1407/5964/5244
f 4978/5960/5272 6188/5952/5265 757/5934/5250
f 4875/5965/5274 2870/5912/5230 3788/5953/5266
f 2842/5914/5232 3731/5936/5252 6266/5962/5273
f 2323/5966/5275 3574/5967/5276 6057/5961/5254
f 2870/5912/5230 4875/5965/5274 4586/5929/5246
f 2322/5920/5237 5749/5939/5255 1317/5968/5277
f 3430/5969/5278 1321/5970/5253 1407/5964/5244
f 5942/5911/5229 200/5971/5279 790/5945/5260
f 2745/5922/5239 1523/5972/5280 3022/5935/5251
f 5412/5944/5259 1985/5973/5281 6148/5930/5247
f 6148/5930/5247 904/5956/5268 217/5908/5226
f 166/5974/5282 477/5925/5242 4344/5833/5157
f 3574/5967/5276 2323/5966/5275 1318/5975/5277
f 697/5880/5200 1764/5950/5264 5949/5926/5243
f 3714/5976/5283 200/5971/5279 5942/5911/5229
f 3022/5935/5251 3714/5976/5283 5942/5911/5229
f 4675/5977/5284 1944/5923/5240 3660/5943/5258
f 1407/5964/5244 6029/5959/5271 5426/5978/5285
f 5156/5979/5286 3660/5943/5258 1281/5949/5263
f 1319/5980/5277 5748/5981/5255 2179/5982/5287
f 2179/5982/5287 5748/5981/5255 6192/5983/5288
f 5748/5981/5255 2732/5963/5270 6192/5983/5288
f 5536/5984/5289 5134/5985/5290 4586/5929/5246
f 2732/5963/5270 4978/5960/5272 6192/5983/5288
f 1407/5964/5244 5426/5978/5285 3430/5969/5278
f 757/5934/5250 790/5945/5260 1534/5986/5291
f 2745/5922/5239 1320/5948/5253 534/5987/5292
f 5714/5988/5293 1944/5923/5240 4675/5977/5284
f 5156/5979/5286 4675/5977/5284 3660/5943/5258
f 5347/5883/5203 2059/5931/5248 1764/5950/5264
f 1534/5986/5291 790/5945/5260 200/5971/5279
f 534/5987/5292 1523/5972/5280 2745/5922/5239
f 4586/5929/5246 4875/5965/5274 5536/5984/5289
f 5134/5985/5290 2401/5954/5267 4586/5929/5246
f 1985/5973/5281 904/5956/5268 6148/5930/5247
f 165/5989/5294 4345/5863/5157 1032/5924/5241
f 166/5974/5282 2059/5931/5248 477/5925/5242
f 390/5990/5295 1764/5950/5264 2059/5931/5248
f 5714/5988/5293 1211/5947/5262 1944/5923/5240
f 1032/5924/5241 904/5956/5268 165/5989/5294
f 3178/5928/5245 5949/5926/5243 1764/5950/5264
f 904/5956/5268 6164/5991/5296 165/5989/5294
f 1281/5949/5263 6057/5961/5254 3366/5992/5297
f 3366/5992/5297 6057/5961/5254 3574/5967/5276
f 3788/5953/5266 5559/5993/5298 4875/5965/5274
f 3731/5936/5252 1211/5947/5262 212/5994/5299
f 5156/5979/5286 1281/5949/5263 2026/5995/5300
f 1318/5975/5277 3119/5996/5301 3574/5967/5276
f 4275/5997/5302 4978/5960/5272 757/5934/5250
f 3935/5998/5303 2059/5931/5248 166/5974/5282
f 3935/5998/5303 390/5990/5295 2059/5931/5248
f 1319/5980/5277 2179/5982/5287 6014/5999/5304
f 1764/5950/5264 3330/6000/5305 3178/5928/5245
f 4909/6001/5306 6029/5959/5271 3177/5941/5245
f 5559/5993/5298 3788/5953/5266 6266/5962/5273
f 2841/6002/5307 5412/5944/5259 2402/5955/5267
f 2026/5995/5300 1281/5949/5263 3366/5992/5297
f 3177/5941/5245 3329/6003/5308 4909/6001/5306
f 5758/6004/5309 2401/5954/5267 5134/5985/5290
f 5759/6005/5310 2841/6002/5307 2402/5955/5267
f 6015/6006/5311 3119/5996/5301 1318/5975/5277
f 5536/5984/5289 4875/5965/5274 1215/6007/5312
f 212/5994/5299 6266/5962/5273 3731/5936/5252
f 6163/6008/5313 3935/5998/5303 166/5974/5282
f 3330/6000/5305 1764/5950/5264 390/5990/5295
f 4275/5997/5302 757/5934/5250 1534/5986/5291
f 1321/5970/5253 3430/5969/5278 21/6009/5314
f 1320/5948/5253 22/6010/5314 534/5987/5292
f 3714/5976/5283 3022/5935/5251 2932/6011/5315
f 2932/6011/5315 3022/5935/5251 1523/5972/5280
f 5559/5993/5298 1215/6007/5312 4875/5965/5274
f 212/5994/5299 1211/5947/5262 2190/6012/5316
f 1985/5973/5281 5412/5944/5259 2841/6002/5307
f 200/5971/5279 3714/5976/5283 3715/6013/5317
f 1211/5947/5262 5714/5988/5293 2190/6012/5316
f 904/5956/5268 1985/5973/5281 2295/6014/5318
f 2295/6014/5318 6164/5991/5296 904/5956/5268
f 2704/6015/5319 2140/6016/5320 3934/6017/5303
f 2140/6016/5320 389/6018/5295 3934/6017/5303
f 4909/6001/5306 3329/6003/5308 1522/6019/5321
f 2140/6016/5320 388/6020/5322 389/6018/5295
f 893/6021/5323 4675/5977/5284 5156/5979/5286
f 6164/5991/5296 2705/6022/5324 3936/6023/5325
f 2519/6024/5326 2179/5982/5287 6192/5983/5288
f 5990/6025/5327 1534/5986/5291 200/5971/5279
f 2932/6011/5315 1523/5972/5280 4288/6026/5328
f 3329/6003/5308 389/6018/5295 388/6020/5322
f 2179/5982/5287 2519/6024/5326 6014/5999/5304
f 3329/6003/5308 388/6020/5322 1522/6019/5321
f 534/5987/5292 4288/6026/5328 1523/5972/5280
f 2190/6012/5316 5714/5988/5293 6159/6027/5329
f 5714/5988/5293 4675/5977/5284 893/6021/5323
f 5990/6025/5327 200/5971/5279 3715/6013/5317
f 1215/6007/5312 3012/6028/5330 5536/5984/5289
f 1223/6029/5331 5758/6004/5309 5134/5985/5290
f 4788/6030/5332 3574/5967/5276 3119/5996/5301
f 6029/5959/5271 4909/6001/5306 6082/6031/5333
f 5896/6032/5334 4978/5960/5272 4275/5997/5302
f 3012/6028/5330 1215/6007/5312 5559/5993/5298
f 6266/5962/5273 212/5994/5299 3519/6033/5335
f 1223/6029/5331 5134/5985/5290 5536/5984/5289
f 6192/5983/5288 4978/5960/5272 5896/6032/5334
f 4275/5997/5302 1534/5986/5291 5990/6025/5327
f 5536/5984/5289 3012/6028/5330 596/6034/5336
f 5714/5988/5293 893/6021/5323 6159/6027/5329
f 3366/5992/5297 3574/5967/5276 4788/6030/5332
f 2841/6002/5307 5255/6035/5337 1985/5973/5281
f 1985/5973/5281 5255/6035/5337 2295/6014/5318
f 1843/6036/5338 6192/5983/5288 5896/6032/5334
f 6082/6031/5333 5426/5978/5285 6029/5959/5271
f 6266/5962/5273 3519/6033/5335 5559/5993/5298
f 1223/6029/5331 5536/5984/5289 596/6034/5336
f 2519/6024/5326 6192/5983/5288 1843/6036/5338
f 3331/6037/5339 6164/5991/5296 2295/6014/5318
f 2705/6022/5324 6164/5991/5296 3146/6038/5340
f 6060/6039/5341 2026/5995/5300 3366/5992/5297
f 2140/6016/5320 2248/6040/5342 388/6020/5322
f 3430/5969/5278 5426/5978/5285 4307/6041/5343
f 3246/6042/5344 5156/5979/5286 2026/5995/5300
f 3246/6042/5344 893/6021/5323 5156/5979/5286
f 3246/6042/5344 2026/5995/5300 3712/6043/5345
f 6164/5991/5296 3331/6037/5339 3146/6038/5340
f 1522/6019/5321 388/6020/5322 2248/6040/5342
f 3715/6013/5317 3714/5976/5283 1884/6044/5346
f 3531/6045/5347 5255/6035/5337 2841/6002/5307
f 3712/6043/5345 2026/5995/5300 6060/6039/5341
f 6060/6039/5341 3366/5992/5297 4788/6030/5332
f 5108/6046/5348 3119/5996/5301 6015/6006/5311
f 6082/6031/5333 1439/6047/5349 5426/5978/5285
f 4307/6041/5343 5426/5978/5285 1439/6047/5349
f 3331/6037/5339 2295/6014/5318 5255/6035/5337
f 5108/6046/5348 4788/6030/5332 3119/5996/5301
f 3647/6048/5350 2248/6040/5342 2140/6016/5320
f 21/6009/5314 3430/5969/5278 4307/6041/5343
f 4288/6026/5328 534/5987/5292 2337/6049/5351
f 1884/6044/5346 3714/5976/5283 2932/6011/5315
f 2840/6050/5307 5758/6004/5309 3530/6051/5352
f 2704/6015/5319 3647/6048/5350 2140/6016/5320
f 2932/6011/5315 4288/6026/5328 4208/6052/5353
f 5878/6053/5354 3519/6033/5335 212/5994/5299
f 212/5994/5299 2190/6012/5316 5878/6053/5354
f 534/5987/5292 22/6010/5314 2337/6049/5351
f 5361/6054/5355 893/6021/5323 3246/6042/5344
f 2417/6055/5356 1522/6019/5321 2248/6040/5342
f 4275/5997/5302 5828/6056/5357 5896/6032/5334
f 5828/6056/5357 4275/5997/5302 5990/6025/5327
f 4317/6057/5358 6159/6027/5329 893/6021/5323
f 5041/6058/5359 5758/6004/5309 1223/6029/5331
f 4933/6059/5360 3331/6037/5339 5255/6035/5337
f 4909/6001/5306 1522/6019/5321 2417/6055/5356
f 3387/6060/5361 4288/6026/5328 2337/6049/5351
f 893/6021/5323 5361/6054/5355 4317/6057/5358
f 4913/6061/5362 6014/5999/5304 2519/6024/5326
f 886/6062/5363 5828/6056/5357 5990/6025/5327
f 4391/6063/5364 1884/6044/5346 2932/6011/5315
f 3519/6033/5335 750/6064/5365 5559/5993/5298
f 3012/6028/5330 5559/5993/5298 750/6064/5365
f 2190/6012/5316 6159/6027/5329 4317/6057/5358
f 3147/6065/5366 1728/6066/5367 2704/6015/5319
f 3337/6067/5368 5108/6046/5348 6015/6006/5311
f 1843/6036/5338 4913/6061/5362 2519/6024/5326
f 5557/6068/5369 5041/6058/5359 1223/6029/5331
f 5255/6035/5337 3531/6045/5347 4933/6059/5360
f 3647/6048/5350 2704/6015/5319 1728/6066/5367
f 1302/6069/5370 1843/6036/5338 5896/6032/5334
f 5896/6032/5334 5828/6056/5357 3959/6070/5371
f 5990/6025/5327 3715/6013/5317 886/6062/5363
f 4391/6063/5364 2932/6011/5315 4208/6052/5353
f 3715/6013/5317 52/6071/5372 886/6062/5363
f 5123/6072/5373 22/6010/5314 4308/6073/5374
f 52/6071/5372 3715/6013/5317 1884/6044/5346
f 4208/6052/5353 4288/6026/5328 3387/6060/5361
f 5758/6004/5309 5041/6058/5359 3530/6051/5352
f 3792/6074/5375 3712/6043/5345 6060/6039/5341
f 3336/6075/5368 6014/5999/5304 4913/6061/5362
f 5896/6032/5334 3959/6070/5371 1302/6069/5370
f 5123/6072/5373 2337/6049/5351 22/6010/5314
f 596/6034/5336 5557/6068/5369 1223/6029/5331
f 2889/6076/5376 3246/6042/5344 3712/6043/5345
f 3012/6028/5330 750/6064/5365 1711/6077/5377
f 1711/6077/5377 596/6034/5336 3012/6028/5330
f 3792/6074/5375 6060/6039/5341 4788/6030/5332
f 1843/6036/5338 1302/6069/5370 4913/6061/5362
f 4317/6057/5358 5861/6078/5378 2190/6012/5316
f 6082/6031/5333 4909/6001/5306 1502/6079/5379
f 596/6034/5336 4878/6080/5380 5557/6068/5369
f 5214/6081/5381 5361/6054/5355 3246/6042/5344
f 1852/6082/5382 3147/6065/5366 3332/6083/5383
f 5861/6078/5378 5878/6053/5354 2190/6012/5316
f 1502/6079/5379 4909/6001/5306 2417/6055/5356
f 5361/6054/5355 5214/6081/5381 4317/6057/5358
f 1852/6082/5382 3332/6083/5383 4931/6084/5384
f 5210/6085/5385 4788/6030/5332 5108/6046/5348
f 596/6034/5336 1711/6077/5377 4878/6080/5380
f 5214/6081/5381 3246/6042/5344 2889/6076/5376
f 2378/6086/5386 3792/6074/5375 4788/6030/5332
f 2378/6086/5386 4788/6030/5332 5210/6085/5385
f 3337/6067/5368 5210/6085/5385 5108/6046/5348
f 3925/6087/5387 3712/6043/5345 3792/6074/5375
f 3712/6043/5345 3925/6087/5387 2889/6076/5376
f 2109/6088/5388 3530/6051/5352 5041/6058/5359
f 2248/6040/5342 3647/6048/5350 5211/6089/5389
f 1580/6090/5390 1852/6082/5382 4931/6084/5384
f 1580/6090/5390 3608/6091/5391 1852/6082/5382
f 839/6092/5392 6082/6031/5333 1502/6079/5379
f 3689/6093/5393 3608/6091/5391 4931/6084/5384
f 3608/6091/5391 1580/6090/5390 4931/6084/5384
f 5211/6089/5389 3647/6048/5350 1728/6066/5367
f 1643/6094/5394 1884/6044/5346 4391/6063/5364
f 4492/6095/5395 4932/6096/5396 3530/6051/5352
f 4052/6097/5397 1728/6066/5367 3147/6065/5366
f 1884/6044/5346 3635/6098/5398 52/6071/5372
f 3530/6051/5352 2109/6088/5388 1809/6099/5399
f 3689/6093/5393 1852/6082/5382 3608/6091/5391
f 4052/6097/5397 5211/6089/5389 1728/6066/5367
f 3635/6098/5398 1884/6044/5346 1643/6094/5394
f 1809/6099/5399 2109/6088/5388 5041/6058/5359
f 1809/6099/5399 4492/6095/5395 3530/6051/5352
f 219/6100/5400 3925/6087/5387 3792/6074/5375
f 839/6092/5392 1439/6047/5349 6082/6031/5333
f 3635/6098/5398 886/6062/5363 52/6071/5372
f 111/6101/5401 750/6064/5365 3519/6033/5335
f 4865/6102/5402 5041/6058/5359 5557/6068/5369
f 5041/6058/5359 4865/6102/5402 1809/6099/5399
f 4308/6073/5374 1440/6103/5403 1716/6104/5404
f 5123/6072/5373 4308/6073/5374 1716/6104/5404
f 4492/6095/5395 3690/6105/5405 4932/6096/5396
f 476/6106/5406 5878/6053/5354 5861/6078/5378
f 2808/6107/5407 3387/6060/5361 2337/6049/5351
f 750/6064/5365 4040/6108/5408 1711/6077/5377
f 5878/6053/5354 111/6101/5401 3519/6033/5335
f 5557/6068/5369 4878/6080/5380 3124/6109/5409
f 5828/6056/5357 886/6062/5363 5824/6110/5410
f 4040/6108/5408 750/6064/5365 111/6101/5401
f 4317/6057/5358 5214/6081/5381 5415/6111/5411
f 4556/6112/5412 2889/6076/5376 3925/6087/5387
f 6010/6113/5413 3147/6065/5366 1852/6082/5382
f 2248/6040/5342 684/6114/5414 2417/6055/5356
f 1411/6115/5415 3336/6075/5368 4913/6061/5362
f 2337/6049/5351 5123/6072/5373 5841/6116/5416
f 4391/6063/5364 4208/6052/5353 2237/6117/5417
f 1852/6082/5382 3689/6093/5393 6199/6118/5418
f 1411/6115/5415 3959/6070/5371 3380/6119/5419
f 4208/6052/5353 3387/6060/5361 2808/6107/5407
f 1711/6077/5377 3124/6109/5409 4878/6080/5380
f 5861/6078/5378 4317/6057/5358 3534/6120/5420
f 6010/6113/5413 4052/6097/5397 3147/6065/5366
f 3959/6070/5371 1411/6115/5415 1302/6069/5370
f 1716/6104/5404 1440/6103/5403 838/6121/5392
f 5841/6116/5416 5123/6072/5373 1716/6104/5404
f 2808/6107/5407 2337/6049/5351 5841/6116/5416
f 1643/6094/5394 4391/6063/5364 2237/6117/5417
f 476/6106/5406 5096/6122/5421 5878/6053/5354
f 5214/6081/5381 2889/6076/5376 4556/6112/5412
f 3336/6075/5368 3247/6123/5422 5209/6124/5385
f 684/6114/5414 2248/6040/5342 5211/6089/5389
f 1411/6115/5415 4913/6061/5362 1302/6069/5370
f 5828/6056/5357 5824/6110/5410 3959/6070/5371
f 886/6062/5363 2249/6125/5423 5824/6110/5410
f 2249/6125/5423 886/6062/5363 3635/6098/5398
f 5878/6053/5354 5096/6122/5421 111/6101/5401
f 3534/6120/5420 476/6106/5406 5861/6078/5378
f 5415/6111/5411 5214/6081/5381 4556/6112/5412
f 4492/6095/5395 6200/6126/5418 3690/6105/5405
f 3113/6127/5424 3925/6087/5387 219/6100/5400
f 5557/6068/5369 3124/6109/5409 4865/6102/5402
f 4317/6057/5358 5415/6111/5411 3534/6120/5420
f 6199/6118/5418 6010/6113/5413 1852/6082/5382
f 2083/6128/5425 219/6100/5400 3792/6074/5375
f 2083/6128/5425 2378/6086/5386 5210/6085/5385
f 2237/6117/5417 4208/6052/5353 2808/6107/5407
f 4040/6108/5408 3124/6109/5409 1711/6077/5377
f 4011/6129/5426 3336/6075/5368 1411/6115/5415
f 2923/6130/5427 2417/6055/5356 684/6114/5414
f 2923/6130/5427 1502/6079/5379 2417/6055/5356
f 3113/6127/5424 4556/6112/5412 3925/6087/5387
f 2083/6128/5425 3792/6074/5375 2378/6086/5386
f 2084/6131/5425 5209/6124/5385 3247/6123/5422
f 4011/6129/5426 3247/6123/5422 3336/6075/5368
f 5824/6110/5410 3380/6119/5419 3959/6070/5371
f 1502/6079/5379 2923/6130/5427 839/6092/5392
f 5975/6132/5428 4040/6108/5408 111/6101/5401
f 3898/6133/5429 5975/6132/5428 111/6101/5401
f 110/6134/5430 5097/6135/5421 3897/6136/5431
f 4088/6137/5432 3124/6109/5409 4040/6108/5408
f 475/6138/5433 3533/6139/5420 6236/6140/5434
f 3124/6109/5409 4790/6141/5435 4865/6102/5402
f 2040/6142/5436 1584/6143/5437 4865/6102/5402
f 3533/6139/5420 5416/6144/5438 6265/6145/5439
f 1584/6143/5437 1809/6099/5399 4865/6102/5402
f 1584/6143/5437 4492/6095/5395 1809/6099/5399
f 1584/6143/5437 4295/6146/5440 4492/6095/5395
f 4295/6146/5440 6200/6126/5418 4492/6095/5395
f 4295/6146/5440 4575/6147/5441 6200/6126/5418
f 4574/6148/5442 2020/6149/5443 6199/6118/5418
f 2020/6149/5443 6010/6113/5413 6199/6118/5418
f 2020/6149/5443 2110/6150/5444 6010/6113/5413
f 6010/6113/5413 2110/6150/5444 4052/6097/5397
f 4052/6097/5397 2110/6150/5444 5211/6089/5389
f 5211/6089/5389 5015/6151/5445 684/6114/5414
f 5211/6089/5389 2110/6150/5444 5015/6151/5445
f 5015/6151/5445 6150/6152/5446 684/6114/5414
f 684/6114/5414 6150/6152/5446 2923/6130/5427
f 2923/6130/5427 6150/6152/5446 5225/6153/5447
f 2923/6130/5427 5225/6153/5447 839/6092/5392
f 839/6092/5392 5225/6153/5447 5418/6154/5448
f 5419/6155/5449 1716/6104/5404 838/6121/5392
f 5419/6155/5449 393/6156/5450 1716/6104/5404
f 1716/6104/5404 393/6156/5450 4323/6157/5451
f 1716/6104/5404 4323/6157/5451 5841/6116/5416
f 5841/6116/5416 4323/6157/5451 376/6158/5452
f 2808/6107/5407 5841/6116/5416 376/6158/5452
f 3458/6159/5453 1643/6094/5394 2237/6117/5417
f 1388/6160/5454 2808/6107/5407 376/6158/5452
f 2237/6117/5417 2808/6107/5407 4518/6161/5455
f 5975/6132/5428 1796/6162/5456 4040/6108/5408
f 4040/6108/5408 1796/6162/5456 4088/6137/5432
f 6236/6140/5434 3897/6136/5431 5097/6135/5421
f 5097/6135/5421 475/6138/5433 6236/6140/5434
f 4088/6137/5432 4790/6141/5435 3124/6109/5409
f 6236/6140/5434 3533/6139/5420 6265/6145/5439
f 4790/6141/5435 2040/6142/5436 4865/6102/5402
f 2442/6163/5457 6265/6145/5439 5416/6144/5438
f 2442/6163/5457 5416/6144/5438 4555/6164/5458
f 2442/6163/5457 4555/6164/5458 5549/6165/5459
f 5549/6165/5459 4555/6164/5458 3114/6166/5460
f 5549/6165/5459 3114/6166/5460 149/6167/5461
f 149/6167/5461 3114/6166/5460 218/6168/5462
f 5015/6151/5445 5225/6153/5447 6150/6152/5446
f 4518/6161/5455 3458/6159/5453 2237/6117/5417
f 1388/6160/5454 4518/6161/5455 2808/6107/5407
f 3635/6098/5398 1643/6094/5394 3458/6159/5453
f 1411/6115/5415 1168/6169/5463 4011/6129/5426
f 3380/6119/5419 3549/6170/5464 1411/6115/5415
f 3380/6119/5419 5824/6110/5410 3549/6170/5464
f 5974/6171/5465 677/6172/5466 1795/6173/5467
f 4790/6141/5435 4088/6137/5432 1735/6174/5468
f 4575/6147/5441 777/6175/5469 2019/6176/5470
f 14/6177/5471 218/6168/5462 2084/6131/5425
f 5113/6178/5472 2084/6131/5425 3247/6123/5422
f 5113/6178/5472 14/6177/5471 2084/6131/5425
f 393/6156/5450 4452/6179/5473 4323/6157/5451
f 4323/6157/5451 5866/6180/5474 376/6158/5452
f 6236/6140/5434 282/6181/5475 3897/6136/5431
f 383/6182/5476 4575/6147/5441 4295/6146/5440
f 776/6183/5469 2110/6150/5444 2020/6149/5443
f 5418/6154/5448 5225/6153/5447 5067/6184/5477
f 4452/6179/5473 393/6156/5450 5419/6155/5449
f 218/6168/5462 14/6177/5471 149/6167/5461
f 321/6185/5478 6265/6145/5439 2442/6163/5457
f 2442/6163/5457 5549/6165/5459 5086/6186/5479
f 776/6183/5469 5968/6187/5480 2110/6150/5444
f 3855/6188/5481 5015/6151/5445 2110/6150/5444
f 5224/6189/5447 4387/6190/5482 5066/6191/5483
f 376/6158/5452 3659/6192/5484 1388/6160/5454
f 6141/6193/5485 3458/6159/5453 4518/6161/5455
f 6236/6140/5434 6265/6145/5439 2847/6194/5486
f 2040/6142/5436 4790/6141/5435 5420/6195/5487
f 321/6185/5478 2847/6194/5486 6265/6145/5439
f 1584/6143/5437 2869/6196/5488 4295/6146/5440
f 3566/6197/5489 5113/6178/5472 3247/6123/5422
f 3566/6197/5489 3247/6123/5422 4011/6129/5426
f 2249/6125/5423 3549/6170/5464 5824/6110/5410
f 5425/6198/5490 2249/6125/5423 3635/6098/5398
f 726/6199/5491 3458/6159/5453 6141/6193/5485
f 677/6172/5466 5299/6200/5492 1795/6173/5467
f 1796/6162/5456 1735/6174/5468 4088/6137/5432
f 2869/6196/5488 1584/6143/5437 2040/6142/5436
f 1411/6115/5415 3436/6201/5493 1168/6169/5463
f 5066/6191/5483 4452/6179/5473 5419/6155/5449
f 3635/6098/5398 3458/6159/5453 726/6199/5491
f 3897/6136/5431 2049/6202/5494 5974/6171/5465
f 282/6181/5475 2049/6202/5494 3897/6136/5431
f 2869/6196/5488 2868/6203/5495 4295/6146/5440
f 5968/6187/5480 3855/6188/5481 2110/6150/5444
f 188/6204/5496 1388/6160/5454 3659/6192/5484
f 2710/6205/5497 4790/6141/5435 1735/6174/5468
f 5086/6186/5479 5549/6165/5459 5518/6206/5498
f 5549/6165/5459 149/6167/5461 5518/6206/5498
f 4826/6207/5499 4386/6208/5482 5225/6153/5447
f 3635/6098/5398 726/6199/5491 5425/6198/5490
f 4575/6147/5441 383/6182/5476 777/6175/5469
f 1796/6162/5456 5298/6209/5492 1735/6174/5468
f 5619/6210/5500 282/6181/5475 6236/6140/5434
f 5619/6210/5500 6236/6140/5434 2847/6194/5486
f 321/6185/5478 2442/6163/5457 5086/6186/5479
f 2868/6203/5495 383/6182/5476 4295/6146/5440
f 1168/6169/5463 3566/6197/5489 4011/6129/5426
f 4518/6161/5455 1388/6160/5454 188/6204/5496
f 5225/6153/5447 5015/6151/5445 4826/6207/5499
f 3549/6170/5464 3436/6201/5493 1411/6115/5415
f 3659/6192/5484 376/6158/5452 5866/6180/5474
f 4452/6179/5473 512/6211/5501 4323/6157/5451
f 5425/6198/5490 3549/6170/5464 2249/6125/5423
f 6141/6193/5485 4518/6161/5455 188/6204/5496
f 2040/6142/5436 5420/6195/5487 2869/6196/5488
f 5518/6206/5498 149/6167/5461 14/6177/5471
f 4323/6157/5451 512/6211/5501 5866/6180/5474
f 4790/6141/5435 2710/6205/5497 5420/6195/5487
f 2049/6202/5494 677/6172/5466 5974/6171/5465
f 4826/6207/5499 5015/6151/5445 3855/6188/5481
f 2847/6194/5486 321/6185/5478 5131/6212/5502
f 2806/6213/5503 4387/6190/5482 4827/6214/5499
f 1829/6215/5504 3566/6197/5489 1168/6169/5463
f 2963/6216/5505 5425/6198/5490 726/6199/5491
f 2182/6217/5506 5086/6186/5479 5518/6206/5498
f 2182/6217/5506 5518/6206/5498 4247/6218/5507
f 4247/6218/5507 5518/6206/5498 14/6177/5471
f 282/6181/5475 4301/6219/5508 2049/6202/5494
f 4301/6219/5508 282/6181/5475 5619/6210/5500
f 5086/6186/5479 5131/6212/5502 321/6185/5478
f 2057/6220/5509 6141/6193/5485 188/6204/5496
f 2182/6217/5506 5131/6212/5502 5086/6186/5479
f 2049/6202/5494 5094/6221/5510 677/6172/5466
f 4896/6222/5511 2868/6203/5495 2869/6196/5488
f 5298/6209/5492 898/6223/5512 1735/6174/5468
f 3549/6170/5464 4725/6224/5513 3436/6201/5493
f 5094/6221/5510 5299/6200/5492 677/6172/5466
f 4079/6225/5514 2710/6205/5497 1735/6174/5468
f 2719/6226/5515 726/6199/5491 6141/6193/5485
f 383/6182/5476 2868/6203/5495 4896/6222/5511
f 5094/6221/5510 897/6227/5512 5299/6200/5492
f 3549/6170/5464 5425/6198/5490 6280/6228/5516
f 1627/6229/5517 4827/6214/5499 3856/6230/5481
f 2719/6226/5515 6141/6193/5485 2057/6220/5509
f 2847/6194/5486 94/6231/5518 5619/6210/5500
f 1074/6232/5519 777/6175/5469 383/6182/5476
f 188/6204/5496 3659/6192/5484 148/6233/5520
f 898/6223/5512 4079/6225/5514 1735/6174/5468
f 2847/6194/5486 5131/6212/5502 3306/6234/5521
f 4259/6235/5522 5113/6178/5472 3566/6197/5489
f 2806/6213/5503 5066/6191/5483 4387/6190/5482
f 3549/6170/5464 3132/6236/5523 4725/6224/5513
f 5619/6210/5500 94/6231/5518 4301/6219/5508
f 94/6231/5518 2847/6194/5486 3306/6234/5521
f 4647/6237/5524 2869/6196/5488 5420/6195/5487
f 5131/6212/5502 2182/6217/5506 3306/6234/5521
f 4247/6218/5507 14/6177/5471 1479/6238/5525
f 4259/6235/5522 3202/6239/5526 14/6177/5471
f 4259/6235/5522 14/6177/5471 5113/6178/5472
f 1627/6229/5517 2806/6213/5503 4827/6214/5499
f 4948/6240/5527 1168/6169/5463 3436/6201/5493
f 5866/6180/5474 148/6233/5520 3659/6192/5484
f 1182/6241/5528 1627/6229/5517 3856/6230/5481
f 4725/6224/5513 2824/6242/5529 3436/6201/5493
f 4647/6237/5524 5420/6195/5487 5533/6243/5530
f 4896/6222/5511 1074/6232/5519 383/6182/5476
f 5969/6244/5531 778/6245/5532 2474/6246/5533
f 1829/6215/5504 2304/6247/5534 3566/6197/5489
f 2963/6216/5505 6280/6228/5516 5425/6198/5490
f 2710/6205/5497 5533/6243/5530 5420/6195/5487
f 2182/6217/5506 4247/6218/5507 1479/6238/5525
f 2304/6247/5534 4259/6235/5522 3566/6197/5489
f 1182/6241/5528 3856/6230/5481 5969/6244/5531
f 2824/6242/5529 4948/6240/5527 3436/6201/5493
f 188/6204/5496 148/6233/5520 2057/6220/5509
f 4079/6225/5514 5533/6243/5530 2710/6205/5497
f 2182/6217/5506 2789/6248/5535 3306/6234/5521
f 1479/6238/5525 14/6177/5471 3202/6239/5526
f 5066/6191/5483 2806/6213/5503 1384/6249/5536
f 3212/6250/5537 4725/6224/5513 3132/6236/5523
f 2719/6226/5515 2963/6216/5505 726/6199/5491
f 5094/6221/5510 2049/6202/5494 2578/6251/5538
f 4647/6237/5524 5533/6243/5530 4079/6225/5514
f 4948/6240/5527 1829/6215/5504 1168/6169/5463
f 5866/6180/5474 512/6211/5501 5390/6252/5539
f 4301/6219/5508 2578/6251/5538 2049/6202/5494
f 2182/6217/5506 1479/6238/5525 2789/6248/5535
f 2474/6246/5533 778/6245/5532 1073/6253/5540
f 1384/6249/5536 4452/6179/5473 5066/6191/5483
f 3549/6170/5464 6280/6228/5516 3132/6236/5523
f 2304/6247/5534 1829/6215/5504 4948/6240/5527
f 2719/6226/5515 6280/6228/5516 2963/6216/5505
f 2869/6196/5488 4647/6237/5524 4896/6222/5511
f 3212/6250/5537 2824/6242/5529 4725/6224/5513
f 2474/6246/5533 1182/6241/5528 5969/6244/5531
f 4452/6179/5473 5712/6254/5541 512/6211/5501
f 5712/6254/5541 5390/6252/5539 512/6211/5501
f 1384/6249/5536 5712/6254/5541 4452/6179/5473
f 5866/6180/5474 5390/6252/5539 148/6233/5520
f 1627/6229/5517 2985/6255/5542 2806/6213/5503
f 4948/6240/5527 2824/6242/5529 5742/6256/5543
f 5094/6221/5510 4100/6257/5544 897/6227/5512
f 4078/6258/5545 2677/6259/5546 4648/6260/5547
f 3202/6239/5526 2046/6261/5548 1479/6238/5525
f 2474/6246/5533 1108/6262/5549 1182/6241/5528
f 2824/6242/5529 3212/6250/5537 5742/6256/5543
f 2719/6226/5515 1777/6263/5550 6280/6228/5516
f 897/6227/5512 2677/6259/5546 4078/6258/5545
f 814/6264/5551 2578/6251/5538 4301/6219/5508
f 3306/6234/5521 568/6265/5552 94/6231/5518
f 1479/6238/5525 2046/6261/5548 2789/6248/5535
f 1073/6253/5540 1108/6262/5549 2474/6246/5533
f 4259/6235/5522 2046/6261/5548 3202/6239/5526
f 4259/6235/5522 2304/6247/5534 4503/6266/5553
f 2304/6247/5534 4948/6240/5527 1174/6267/5554
f 1777/6263/5550 2719/6226/5515 2057/6220/5509
f 2057/6220/5509 148/6233/5520 1917/6268/5555
f 2578/6251/5538 4100/6257/5544 5094/6221/5510
f 2677/6259/5546 897/6227/5512 4100/6257/5544
f 2578/6251/5538 814/6264/5551 4100/6257/5544
f 4301/6219/5508 568/6265/5552 814/6264/5551
f 568/6265/5552 4301/6219/5508 94/6231/5518
f 1073/6253/5540 4895/6269/5511 4648/6260/5547
f 3306/6234/5521 2789/6248/5535 4803/6270/5556
f 2789/6248/5535 2046/6261/5548 4803/6270/5556
f 4259/6235/5522 4503/6266/5553 2046/6261/5548
f 2304/6247/5534 1174/6267/5554 4503/6266/5553
f 2985/6255/5542 1627/6229/5517 1182/6241/5528
f 4948/6240/5527 5742/6256/5543 1174/6267/5554
f 5742/6256/5543 3212/6250/5537 3132/6236/5523
f 5712/6254/5541 1384/6249/5536 5390/6252/5539
f 1917/6268/5555 148/6233/5520 5390/6252/5539
f 568/6265/5552 3306/6234/5521 4803/6270/5556
f 2806/6213/5503 162/6271/5557 1384/6249/5536
f 1777/6263/5550 3132/6236/5523 6280/6228/5516
f 1073/6253/5540 4648/6260/5547 3342/6272/5558
f 162/6271/5557 2806/6213/5503 2985/6255/5542
f 162/6271/5557 5390/6252/5539 1384/6249/5536
f 814/6264/5551 2675/6273/5559 4100/6257/5544
f 4100/6257/5544 2675/6273/5559 2677/6259/5546
f 814/6264/5551 568/6265/5552 2258/6274/5560
f 4648/6260/5547 2677/6259/5546 3342/6272/5558
f 2397/6275/5561 2985/6255/5542 1182/6241/5528
f 2677/6259/5546 2675/6273/5559 5944/6276/5562
f 568/6265/5552 4803/6270/5556 2258/6274/5560
f 4803/6270/5556 2046/6261/5548 5146/6277/5563
f 2046/6261/5548 4503/6266/5553 5146/6277/5563
f 1108/6262/5549 2397/6275/5561 1182/6241/5528
f 1777/6263/5550 2057/6220/5509 642/6278/5564
f 2057/6220/5509 1917/6268/5555 642/6278/5564
f 5379/6279/5565 1073/6253/5540 3342/6272/5558
f 1073/6253/5540 5379/6279/5565 1108/6262/5549
f 1108/6262/5549 5431/6280/5566 2397/6275/5561
f 4503/6266/5553 1174/6267/5554 1050/6281/5567
f 1174/6267/5554 5742/6256/5543 2454/6282/5568
f 3132/6236/5523 1777/6263/5550 4588/6283/5569
f 1917/6268/5555 5390/6252/5539 227/6284/5570
f 5944/6276/5562 3342/6272/5558 2677/6259/5546
f 5379/6279/5565 5431/6280/5566 1108/6262/5549
f 2454/6282/5568 1050/6281/5567 1174/6267/5554
f 4588/6283/5569 5742/6256/5543 3132/6236/5523
f 227/6284/5570 5390/6252/5539 162/6271/5557
f 642/6278/5564 1917/6268/5555 227/6284/5570
f 5146/6277/5563 4503/6266/5553 5398/6285/5571
f 814/6264/5551 5104/6286/5572 2675/6273/5559
f 814/6264/5551 2258/6274/5560 5104/6286/5572
f 2258/6274/5560 4803/6270/5556 53/6287/5573
f 2454/6282/5568 5742/6256/5543 4588/6283/5569
f 5944/6276/5562 2675/6273/5559 1235/6288/5574
f 3342/6272/5558 5944/6276/5562 4642/6289/5575
f 3342/6272/5558 4642/6289/5575 5379/6279/5565
f 53/6287/5573 4803/6270/5556 5146/6277/5563
f 5398/6285/5571 4503/6266/5553 1050/6281/5567
f 2985/6255/5542 2397/6275/5561 162/6271/5557
f 2397/6275/5561 5431/6280/5566 856/6290/5576
f 4588/6283/5569 1777/6263/5550 642/6278/5564
f 1235/6288/5574 2675/6273/5559 5104/6286/5572
f 2258/6274/5560 53/6287/5573 5104/6286/5572
f 53/6287/5573 5146/6277/5563 5398/6285/5571
f 1050/6281/5567 2454/6282/5568 4419/6291/5577
f 1235/6288/5574 4642/6289/5575 5944/6276/5562
f 5379/6279/5565 2167/6292/5578 5431/6280/5566
f 2144/6293/5579 5398/6285/5571 1050/6281/5567
f 1235/6288/5574 5104/6286/5572 1913/6294/5580
f 5104/6286/5572 53/6287/5573 1188/6295/5581
f 4642/6289/5575 2167/6292/5578 5379/6279/5565
f 53/6287/5573 5398/6285/5571 1188/6295/5581
f 2397/6275/5561 856/6290/5576 162/6271/5557
f 4419/6291/5577 2454/6282/5568 4588/6283/5569
f 856/6290/5576 227/6284/5570 162/6271/5557
f 4588/6283/5569 642/6278/5564 5973/6296/5582
f 5398/6285/5571 2144/6293/5579 1188/6295/5581
f 5371/6297/5583 642/6278/5564 227/6284/5570
f 1235/6288/5574 1913/6294/5580 4642/6289/5575
f 2167/6292/5578 4642/6289/5575 1913/6294/5580
f 2167/6292/5578 856/6290/5576 5431/6280/5566
f 2144/6293/5579 1050/6281/5567 4419/6291/5577
f 4419/6291/5577 4588/6283/5569 5973/6296/5582
f 5371/6297/5583 227/6284/5570 856/6290/5576
f 642/6278/5564 5371/6297/5583 5973/6296/5582
f 5104/6286/5572 1028/6298/5584 1913/6294/5580
f 3517/6299/5585 2167/6292/5578 1913/6294/5580
f 1188/6295/5581 1028/6298/5584 5104/6286/5572
f 1913/6294/5580 1028/6298/5584 3517/6299/5585
f 2167/6292/5578 2670/6300/5586 856/6290/5576
f 2144/6293/5579 4419/6291/5577 5778/6301/5587
f 5778/6301/5587 4419/6291/5577 5973/6296/5582
f 1188/6295/5581 2144/6293/5579 1028/6298/5584
f 2167/6292/5578 3517/6299/5585 2670/6300/5586
f 2670/6300/5586 5371/6297/5583 856/6290/5576
f 1028/6298/5584 2670/6300/5586 3517/6299/5585
f 1028/6298/5584 5778/6301/5587 2670/6300/5586
f 2144/6293/5579 5778/6301/5587 1028/6298/5584
f 2670/6300/5586 5778/6301/5587 5973/6296/5582
f 2670/6300/5586 5973/6296/5582 5371/6297/5583
f 4140/686/656 6110/654/624 3106/6302/5588
f 6110/654/624 4139/685/655 3106/6302/5588
f 4141/655/625 4140/686/656 3106/6302/5588
f 4139/685/655 4141/655/625 3106/6302/5588
f 2893/840/800 2894/820/781 1329/6303/5589
f 2894/820/781 2892/846/806 1329/6303/5589
f 3070/853/813 2893/840/800 1329/6303/5589
f 2892/846/806 3070/853/813 1329/6303/5589
f 338/1259/1160 2006/1237/1146 3954/6304/5590
f 2006/1237/1146 339/1274/1173 3954/6304/5590
f 337/1281/1178 338/1259/1160 3954/6304/5590
f 339/1274/1173 337/1281/1178 3954/6304/5590
f 3654/1769/1616 1593/1759/1607 3653/6305/5591
f 1593/1759/1607 3655/1782/1628 3653/6305/5591
f 5634/1768/1615 3654/1769/1616 3653/6305/5591
f 3655/1782/1628 5634/1768/1615 3653/6305/5591
f 651/2134/1934 653/2120/1923 5187/6306/5592
f 653/2120/1923 652/2143/1943 5187/6306/5592
f 5998/2142/1942 651/2134/1934 5187/6306/5592
f 652/2143/1943 5998/2142/1942 5187/6306/5592
f 4917/4384/3880 1145/4393/3889 5229/6307/5593
f 1146/4392/3888 4917/4384/3880 5229/6307/5593
f 1145/4393/3889 1144/4395/3891 5229/6307/5593
f 1144/4395/3891 1146/4392/3888 5229/6307/5593
